base_notional,fills,gross_payout,idx,kurtosis,largest_loss,largest_win,largest_win_to_pnl_ratio,markets,max_abs_raw_net_contracts,max_drawdown,max_seconds_to_close,max_ticket_price,min_seconds_to_close,min_ticket_price,profit_factor,realized_pnl,returncode,run_dir,run_id,sharpe,side_mode,signals,skewness,snapshots,status,stderr_tail,stdout_tail,total_cost,win_rate
5.0,213,0.0,1,1.0,-5.0,0.0,,213,5000.0,1065.0,60,0.003,30,0.001,0.0,-1065.0,0,/home/matt/workspace/kalshi-btc-15m-bot/runs/late_lotto_ticket/late-lotto-sweep-20260522T134139Z-w30-60-p0p003-min0p001-cheapest-n5p0,late-lotto-sweep-20260522T134139Z-w30-60-p0p003-min0p001-cheapest-n5p0,-1.037445929787116e+16,cheapest,4915,1.0,28829,ok,,"ired_leftover_pnl"": -1065.0, ""unpaired_no_pnl"": -560.0, ""unpaired_time_buckets"": {""no:00-02m"": {""contracts"": 246083.333342, ""cost"": 560.0, ""payout"": 0.0, ""pnl"": -560.0}, ""yes:00-02m"": {""contracts"": 241539.68255, ""cost"": 505.0, ""payout"": 0.0, ""pnl"": -505.0}}, ""unpaired_yes_pnl"": -505.0}, ""realized_pnl"": -1065.0, ""settled_markets"": 213, ""settlement_sources"": [""kalshi_api""], ""total_cost"": 1065.0}, ""reference_price_provenance"": {""composite_60s_reference_ticks"": 0, ""requested_source"": ""single_venue"", ""single_venue_ticks"": 28829, ""warnings"": []}, ""reference_price_source"": ""single_venue"", ""run_dir"": ""/home/matt/workspace/kalshi-btc-15m-bot/runs/late_lotto_ticket/late-lotto-sweep-20260522T134139Z-w30-60-p0p003-min0p001-cheapest-n5p0"", ""run_id"": ""late-lotto-sweep-20260522T134139Z-w30-60-p0p003-min0p001-cheapest-n5p0"", ""settled_positions"": 213, ""settlements_from_feed_db"": true, ""signals"": 4915, ""snapshots"": 28829, ""starting_bankroll"": 10000.0, ""strategy"": ""late_lotto_ticket"", ""venue"": ""kalshi""}
",1065.0,0.0
10.0,213,0.0,2,1.0,-10.0,0.0,,213,10000.0,2130.0,60,0.003,30,0.001,0.0,-2130.0,0,/home/matt/workspace/kalshi-btc-15m-bot/runs/late_lotto_ticket/late-lotto-sweep-20260522T134139Z-w30-60-p0p003-min0p001-cheapest-n10p0,late-lotto-sweep-20260522T134139Z-w30-60-p0p003-min0p001-cheapest-n10p0,-1.037445929787116e+16,cheapest,4915,1.0,28829,ok,,"tover_pnl"": -2130.0, ""unpaired_no_pnl"": -1120.0, ""unpaired_time_buckets"": {""no:00-02m"": {""contracts"": 492166.666659, ""cost"": 1120.0, ""payout"": 0.0, ""pnl"": -1120.0}, ""yes:00-02m"": {""contracts"": 483079.36507, ""cost"": 1010.0, ""payout"": 0.0, ""pnl"": -1010.0}}, ""unpaired_yes_pnl"": -1010.0}, ""realized_pnl"": -2130.0, ""settled_markets"": 213, ""settlement_sources"": [""kalshi_api""], ""total_cost"": 2130.0}, ""reference_price_provenance"": {""composite_60s_reference_ticks"": 0, ""requested_source"": ""single_venue"", ""single_venue_ticks"": 28829, ""warnings"": []}, ""reference_price_source"": ""single_venue"", ""run_dir"": ""/home/matt/workspace/kalshi-btc-15m-bot/runs/late_lotto_ticket/late-lotto-sweep-20260522T134139Z-w30-60-p0p003-min0p001-cheapest-n10p0"", ""run_id"": ""late-lotto-sweep-20260522T134139Z-w30-60-p0p003-min0p001-cheapest-n10p0"", ""settled_positions"": 213, ""settlements_from_feed_db"": true, ""signals"": 4915, ""snapshots"": 28829, ""starting_bankroll"": 10000.0, ""strategy"": ""late_lotto_ticket"", ""venue"": ""kalshi""}
",2130.0,0.0
5.0,112,0.0,3,1.0,-5.0,0.0,,112,5000.0,560.0,60,0.003,30,0.001,0.0,-560.0,0,/home/matt/workspace/kalshi-btc-15m-bot/runs/late_lotto_ticket/late-lotto-sweep-20260522T134139Z-w30-60-p0p003-min0p001-no_only-n5p0,late-lotto-sweep-20260522T134139Z-w30-60-p0p003-min0p001-no_only-n5p0,-7117254947317810.0,no_only,2226,-1.0,28829,ok,,"ompleted_pair_pnl"": 0.0, ""unpaired_leftover_cost"": 560.0, ""unpaired_leftover_payout"": 0.0, ""unpaired_leftover_pnl"": -560.0, ""unpaired_no_pnl"": -560.0, ""unpaired_time_buckets"": {""no:00-02m"": {""contracts"": 246083.333342, ""cost"": 560.0, ""payout"": 0.0, ""pnl"": -560.0}}, ""unpaired_yes_pnl"": 0.0}, ""realized_pnl"": -560.0, ""settled_markets"": 112, ""settlement_sources"": [""kalshi_api""], ""total_cost"": 560.0}, ""reference_price_provenance"": {""composite_60s_reference_ticks"": 0, ""requested_source"": ""single_venue"", ""single_venue_ticks"": 28829, ""warnings"": []}, ""reference_price_source"": ""single_venue"", ""run_dir"": ""/home/matt/workspace/kalshi-btc-15m-bot/runs/late_lotto_ticket/late-lotto-sweep-20260522T134139Z-w30-60-p0p003-min0p001-no_only-n5p0"", ""run_id"": ""late-lotto-sweep-20260522T134139Z-w30-60-p0p003-min0p001-no_only-n5p0"", ""settled_positions"": 112, ""settlements_from_feed_db"": true, ""signals"": 2226, ""snapshots"": 28829, ""starting_bankroll"": 10000.0, ""strategy"": ""late_lotto_ticket"", ""venue"": ""kalshi""}
",560.0,0.0
10.0,112,0.0,4,1.0,-10.0,0.0,,112,10000.0,1120.0,60,0.003,30,0.001,0.0,-1120.0,0,/home/matt/workspace/kalshi-btc-15m-bot/runs/late_lotto_ticket/late-lotto-sweep-20260522T134139Z-w30-60-p0p003-min0p001-no_only-n10p0,late-lotto-sweep-20260522T134139Z-w30-60-p0p003-min0p001-no_only-n10p0,-7117254947317810.0,no_only,2226,-1.0,28829,ok,,"pair_pnl"": 0.0, ""unpaired_leftover_cost"": 1120.0, ""unpaired_leftover_payout"": 0.0, ""unpaired_leftover_pnl"": -1120.0, ""unpaired_no_pnl"": -1120.0, ""unpaired_time_buckets"": {""no:00-02m"": {""contracts"": 492166.666659, ""cost"": 1120.0, ""payout"": 0.0, ""pnl"": -1120.0}}, ""unpaired_yes_pnl"": 0.0}, ""realized_pnl"": -1120.0, ""settled_markets"": 112, ""settlement_sources"": [""kalshi_api""], ""total_cost"": 1120.0}, ""reference_price_provenance"": {""composite_60s_reference_ticks"": 0, ""requested_source"": ""single_venue"", ""single_venue_ticks"": 28829, ""warnings"": []}, ""reference_price_source"": ""single_venue"", ""run_dir"": ""/home/matt/workspace/kalshi-btc-15m-bot/runs/late_lotto_ticket/late-lotto-sweep-20260522T134139Z-w30-60-p0p003-min0p001-no_only-n10p0"", ""run_id"": ""late-lotto-sweep-20260522T134139Z-w30-60-p0p003-min0p001-no_only-n10p0"", ""settled_positions"": 112, ""settlements_from_feed_db"": true, ""signals"": 2226, ""snapshots"": 28829, ""starting_bankroll"": 10000.0, ""strategy"": ""late_lotto_ticket"", ""venue"": ""kalshi""}
",1120.0,0.0
5.0,101,0.0,5,1.0,-5.0,0.0,,101,5000.0,505.0,60,0.003,30,0.001,0.0,-505.0,0,/home/matt/workspace/kalshi-btc-15m-bot/runs/late_lotto_ticket/late-lotto-sweep-20260522T134139Z-w30-60-p0p003-min0p001-yes_only-n5p0,late-lotto-sweep-20260522T134139Z-w30-60-p0p003-min0p001-yes_only-n5p0,-7588013268436616.0,yes_only,2689,-1.0,28829,ok,,"pleted_pair_pnl"": 0.0, ""unpaired_leftover_cost"": 505.0, ""unpaired_leftover_payout"": 0.0, ""unpaired_leftover_pnl"": -505.0, ""unpaired_no_pnl"": 0.0, ""unpaired_time_buckets"": {""yes:00-02m"": {""contracts"": 241539.68255, ""cost"": 505.0, ""payout"": 0.0, ""pnl"": -505.0}}, ""unpaired_yes_pnl"": -505.0}, ""realized_pnl"": -505.0, ""settled_markets"": 101, ""settlement_sources"": [""kalshi_api""], ""total_cost"": 505.0}, ""reference_price_provenance"": {""composite_60s_reference_ticks"": 0, ""requested_source"": ""single_venue"", ""single_venue_ticks"": 28829, ""warnings"": []}, ""reference_price_source"": ""single_venue"", ""run_dir"": ""/home/matt/workspace/kalshi-btc-15m-bot/runs/late_lotto_ticket/late-lotto-sweep-20260522T134139Z-w30-60-p0p003-min0p001-yes_only-n5p0"", ""run_id"": ""late-lotto-sweep-20260522T134139Z-w30-60-p0p003-min0p001-yes_only-n5p0"", ""settled_positions"": 101, ""settlements_from_feed_db"": true, ""signals"": 2689, ""snapshots"": 28829, ""starting_bankroll"": 10000.0, ""strategy"": ""late_lotto_ticket"", ""venue"": ""kalshi""}
",505.0,0.0
10.0,101,0.0,6,1.0,-10.0,0.0,,101,10000.0,1010.0,60,0.003,30,0.001,0.0,-1010.0,0,/home/matt/workspace/kalshi-btc-15m-bot/runs/late_lotto_ticket/late-lotto-sweep-20260522T134139Z-w30-60-p0p003-min0p001-yes_only-n10p0,late-lotto-sweep-20260522T134139Z-w30-60-p0p003-min0p001-yes_only-n10p0,-7588013268436616.0,yes_only,2689,-1.0,28829,ok,,"ir_pnl"": 0.0, ""unpaired_leftover_cost"": 1010.0, ""unpaired_leftover_payout"": 0.0, ""unpaired_leftover_pnl"": -1010.0, ""unpaired_no_pnl"": 0.0, ""unpaired_time_buckets"": {""yes:00-02m"": {""contracts"": 483079.36507, ""cost"": 1010.0, ""payout"": 0.0, ""pnl"": -1010.0}}, ""unpaired_yes_pnl"": -1010.0}, ""realized_pnl"": -1010.0, ""settled_markets"": 101, ""settlement_sources"": [""kalshi_api""], ""total_cost"": 1010.0}, ""reference_price_provenance"": {""composite_60s_reference_ticks"": 0, ""requested_source"": ""single_venue"", ""single_venue_ticks"": 28829, ""warnings"": []}, ""reference_price_source"": ""single_venue"", ""run_dir"": ""/home/matt/workspace/kalshi-btc-15m-bot/runs/late_lotto_ticket/late-lotto-sweep-20260522T134139Z-w30-60-p0p003-min0p001-yes_only-n10p0"", ""run_id"": ""late-lotto-sweep-20260522T134139Z-w30-60-p0p003-min0p001-yes_only-n10p0"", ""settled_positions"": 101, ""settlements_from_feed_db"": true, ""signals"": 2689, ""snapshots"": 28829, ""starting_bankroll"": 10000.0, ""strategy"": ""late_lotto_ticket"", ""venue"": ""kalshi""}
",1010.0,0.0
5.0,244,35.71428571428571,7,242.00411522634425,-5.0,30.714285714285708,,244,5000.0,1184.2857142857142,60,0.005,30,0.001,0.025279247501469718,-1184.2857142857142,0,/home/matt/workspace/kalshi-btc-15m-bot/runs/late_lotto_ticket/late-lotto-sweep-20260522T134139Z-w30-60-p0p005-min0p001-cheapest-n5p0,late-lotto-sweep-20260522T134139Z-w30-60-p0p005-min0p001-cheapest-n5p0,-33.6992223483757,cheapest,4876,15.524307238210259,28829,ok,,"ed_no_pnl"": -604.2857142857142, ""unpaired_time_buckets"": {""no:00-02m"": {""contracts"": 229023.809529, ""cost"": 640.0, ""payout"": 35.714286, ""pnl"": -604.285714}, ""yes:00-02m"": {""contracts"": 226487.789993, ""cost"": 580.0, ""payout"": 0.0, ""pnl"": -580.0}}, ""unpaired_yes_pnl"": -580.0}, ""realized_pnl"": -1184.2857142857142, ""settled_markets"": 244, ""settlement_sources"": [""kalshi_api""], ""total_cost"": 1220.0}, ""reference_price_provenance"": {""composite_60s_reference_ticks"": 0, ""requested_source"": ""single_venue"", ""single_venue_ticks"": 28829, ""warnings"": []}, ""reference_price_source"": ""single_venue"", ""run_dir"": ""/home/matt/workspace/kalshi-btc-15m-bot/runs/late_lotto_ticket/late-lotto-sweep-20260522T134139Z-w30-60-p0p005-min0p001-cheapest-n5p0"", ""run_id"": ""late-lotto-sweep-20260522T134139Z-w30-60-p0p005-min0p001-cheapest-n5p0"", ""settled_positions"": 244, ""settlements_from_feed_db"": true, ""signals"": 4876, ""snapshots"": 28829, ""starting_bankroll"": 10000.0, ""strategy"": ""late_lotto_ticket"", ""venue"": ""kalshi""}
",1220.0,0.004098360655737705
10.0,244,71.42857142857142,8,242.00411522634425,-10.0,61.428571428571416,,244,10000.0,2368.5714285714284,60,0.005,30,0.001,0.025279247501469718,-2368.5714285714284,0,/home/matt/workspace/kalshi-btc-15m-bot/runs/late_lotto_ticket/late-lotto-sweep-20260522T134139Z-w30-60-p0p005-min0p001-cheapest-n10p0,late-lotto-sweep-20260522T134139Z-w30-60-p0p005-min0p001-cheapest-n10p0,-33.6992223483757,cheapest,4876,15.524307238210259,28829,ok,,"l"": -1208.5714285714284, ""unpaired_time_buckets"": {""no:00-02m"": {""contracts"": 458047.619043, ""cost"": 1280.0, ""payout"": 71.428571, ""pnl"": -1208.571429}, ""yes:00-02m"": {""contracts"": 452975.579972, ""cost"": 1160.0, ""payout"": 0.0, ""pnl"": -1160.0}}, ""unpaired_yes_pnl"": -1160.0}, ""realized_pnl"": -2368.5714285714284, ""settled_markets"": 244, ""settlement_sources"": [""kalshi_api""], ""total_cost"": 2440.0}, ""reference_price_provenance"": {""composite_60s_reference_ticks"": 0, ""requested_source"": ""single_venue"", ""single_venue_ticks"": 28829, ""warnings"": []}, ""reference_price_source"": ""single_venue"", ""run_dir"": ""/home/matt/workspace/kalshi-btc-15m-bot/runs/late_lotto_ticket/late-lotto-sweep-20260522T134139Z-w30-60-p0p005-min0p001-cheapest-n10p0"", ""run_id"": ""late-lotto-sweep-20260522T134139Z-w30-60-p0p005-min0p001-cheapest-n10p0"", ""settled_positions"": 244, ""settlements_from_feed_db"": true, ""signals"": 4876, ""snapshots"": 28829, ""starting_bankroll"": 10000.0, ""strategy"": ""late_lotto_ticket"", ""venue"": ""kalshi""}
",2440.0,0.004098360655737705
5.0,128,35.71428571428571,9,126.00787401574821,-5.0,30.714285714285708,,128,5000.0,604.2857142857142,60,0.005,30,0.001,0.0483689538807649,-604.2857142857142,0,/home/matt/workspace/kalshi-btc-15m-bot/runs/late_lotto_ticket/late-lotto-sweep-20260522T134139Z-w30-60-p0p005-min0p001-no_only-n5p0,late-lotto-sweep-20260522T134139Z-w30-60-p0p005-min0p001-no_only-n5p0,-23.740816119080606,no_only,2182,11.180692018642944,28829,ok,,"paired_leftover_payout"": 35.71428571428571, ""unpaired_leftover_pnl"": -604.2857142857142, ""unpaired_no_pnl"": -604.2857142857142, ""unpaired_time_buckets"": {""no:00-02m"": {""contracts"": 229023.809529, ""cost"": 640.0, ""payout"": 35.714286, ""pnl"": -604.285714}}, ""unpaired_yes_pnl"": 0.0}, ""realized_pnl"": -604.2857142857142, ""settled_markets"": 128, ""settlement_sources"": [""kalshi_api""], ""total_cost"": 640.0}, ""reference_price_provenance"": {""composite_60s_reference_ticks"": 0, ""requested_source"": ""single_venue"", ""single_venue_ticks"": 28829, ""warnings"": []}, ""reference_price_source"": ""single_venue"", ""run_dir"": ""/home/matt/workspace/kalshi-btc-15m-bot/runs/late_lotto_ticket/late-lotto-sweep-20260522T134139Z-w30-60-p0p005-min0p001-no_only-n5p0"", ""run_id"": ""late-lotto-sweep-20260522T134139Z-w30-60-p0p005-min0p001-no_only-n5p0"", ""settled_positions"": 128, ""settlements_from_feed_db"": true, ""signals"": 2182, ""snapshots"": 28829, ""starting_bankroll"": 10000.0, ""strategy"": ""late_lotto_ticket"", ""venue"": ""kalshi""}
",640.0,0.0078125
10.0,128,71.42857142857142,10,126.00787401574821,-10.0,61.428571428571416,,128,10000.0,1208.5714285714284,60,0.005,30,0.001,0.0483689538807649,-1208.5714285714284,0,/home/matt/workspace/kalshi-btc-15m-bot/runs/late_lotto_ticket/late-lotto-sweep-20260522T134139Z-w30-60-p0p005-min0p001-no_only-n10p0,late-lotto-sweep-20260522T134139Z-w30-60-p0p005-min0p001-no_only-n10p0,-23.740816119080606,no_only,2182,11.180692018642944,28829,ok,,"eftover_payout"": 71.42857142857142, ""unpaired_leftover_pnl"": -1208.5714285714284, ""unpaired_no_pnl"": -1208.5714285714284, ""unpaired_time_buckets"": {""no:00-02m"": {""contracts"": 458047.619043, ""cost"": 1280.0, ""payout"": 71.428571, ""pnl"": -1208.571429}}, ""unpaired_yes_pnl"": 0.0}, ""realized_pnl"": -1208.5714285714284, ""settled_markets"": 128, ""settlement_sources"": [""kalshi_api""], ""total_cost"": 1280.0}, ""reference_price_provenance"": {""composite_60s_reference_ticks"": 0, ""requested_source"": ""single_venue"", ""single_venue_ticks"": 28829, ""warnings"": []}, ""reference_price_source"": ""single_venue"", ""run_dir"": ""/home/matt/workspace/kalshi-btc-15m-bot/runs/late_lotto_ticket/late-lotto-sweep-20260522T134139Z-w30-60-p0p005-min0p001-no_only-n10p0"", ""run_id"": ""late-lotto-sweep-20260522T134139Z-w30-60-p0p005-min0p001-no_only-n10p0"", ""settled_positions"": 128, ""settlements_from_feed_db"": true, ""signals"": 2182, ""snapshots"": 28829, ""starting_bankroll"": 10000.0, ""strategy"": ""late_lotto_ticket"", ""venue"": ""kalshi""}
",1280.0,0.0078125
5.0,116,0.0,11,1.0,-5.0,0.0,,116,5000.0,580.0,60,0.005,30,0.001,0.0,-580.0,0,/home/matt/workspace/kalshi-btc-15m-bot/runs/late_lotto_ticket/late-lotto-sweep-20260522T134139Z-w30-60-p0p005-min0p001-yes_only-n5p0,late-lotto-sweep-20260522T134139Z-w30-60-p0p005-min0p001-yes_only-n5p0,-7118360368610072.0,yes_only,2694,-1.0,28829,ok,,"leted_pair_pnl"": 0.0, ""unpaired_leftover_cost"": 580.0, ""unpaired_leftover_payout"": 0.0, ""unpaired_leftover_pnl"": -580.0, ""unpaired_no_pnl"": 0.0, ""unpaired_time_buckets"": {""yes:00-02m"": {""contracts"": 226487.789993, ""cost"": 580.0, ""payout"": 0.0, ""pnl"": -580.0}}, ""unpaired_yes_pnl"": -580.0}, ""realized_pnl"": -580.0, ""settled_markets"": 116, ""settlement_sources"": [""kalshi_api""], ""total_cost"": 580.0}, ""reference_price_provenance"": {""composite_60s_reference_ticks"": 0, ""requested_source"": ""single_venue"", ""single_venue_ticks"": 28829, ""warnings"": []}, ""reference_price_source"": ""single_venue"", ""run_dir"": ""/home/matt/workspace/kalshi-btc-15m-bot/runs/late_lotto_ticket/late-lotto-sweep-20260522T134139Z-w30-60-p0p005-min0p001-yes_only-n5p0"", ""run_id"": ""late-lotto-sweep-20260522T134139Z-w30-60-p0p005-min0p001-yes_only-n5p0"", ""settled_positions"": 116, ""settlements_from_feed_db"": true, ""signals"": 2694, ""snapshots"": 28829, ""starting_bankroll"": 10000.0, ""strategy"": ""late_lotto_ticket"", ""venue"": ""kalshi""}
",580.0,0.0
10.0,116,0.0,12,1.0,-10.0,0.0,,116,10000.0,1160.0,60,0.005,30,0.001,0.0,-1160.0,0,/home/matt/workspace/kalshi-btc-15m-bot/runs/late_lotto_ticket/late-lotto-sweep-20260522T134139Z-w30-60-p0p005-min0p001-yes_only-n10p0,late-lotto-sweep-20260522T134139Z-w30-60-p0p005-min0p001-yes_only-n10p0,-7118360368610072.0,yes_only,2694,-1.0,28829,ok,,"r_pnl"": 0.0, ""unpaired_leftover_cost"": 1160.0, ""unpaired_leftover_payout"": 0.0, ""unpaired_leftover_pnl"": -1160.0, ""unpaired_no_pnl"": 0.0, ""unpaired_time_buckets"": {""yes:00-02m"": {""contracts"": 452975.579972, ""cost"": 1160.0, ""payout"": 0.0, ""pnl"": -1160.0}}, ""unpaired_yes_pnl"": -1160.0}, ""realized_pnl"": -1160.0, ""settled_markets"": 116, ""settlement_sources"": [""kalshi_api""], ""total_cost"": 1160.0}, ""reference_price_provenance"": {""composite_60s_reference_ticks"": 0, ""requested_source"": ""single_venue"", ""single_venue_ticks"": 28829, ""warnings"": []}, ""reference_price_source"": ""single_venue"", ""run_dir"": ""/home/matt/workspace/kalshi-btc-15m-bot/runs/late_lotto_ticket/late-lotto-sweep-20260522T134139Z-w30-60-p0p005-min0p001-yes_only-n10p0"", ""run_id"": ""late-lotto-sweep-20260522T134139Z-w30-60-p0p005-min0p001-yes_only-n10p0"", ""settled_positions"": 116, ""settlements_from_feed_db"": true, ""signals"": 2694, ""snapshots"": 28829, ""starting_bankroll"": 10000.0, ""strategy"": ""late_lotto_ticket"", ""venue"": ""kalshi""}
",1160.0,0.0
5.0,278,869.047619047619,13,185.96585669513306,-5.0,550.5555555555555,,278,5000.0,544.2857142857142,60,0.01,30,0.001,0.6211255411255411,-520.952380952381,0,/home/matt/workspace/kalshi-btc-15m-bot/runs/late_lotto_ticket/late-lotto-sweep-20260522T134139Z-w30-60-p0p01-min0p001-cheapest-n5p0,late-lotto-sweep-20260522T134139Z-w30-60-p0p01-min0p001-cheapest-n5p0,-0.7985894591661897,cheapest,4900,13.247710323417023,28829,ok,,"""unpaired_no_pnl"": 159.04761904761904, ""unpaired_time_buckets"": {""no:00-02m"": {""contracts"": 207954.020251, ""cost"": 710.0, ""payout"": 869.04762, ""pnl"": 159.04762}, ""yes:00-02m"": {""contracts"": 205156.62758, ""cost"": 680.0, ""payout"": 0.0, ""pnl"": -680.0}}, ""unpaired_yes_pnl"": -680.0}, ""realized_pnl"": -520.952380952381, ""settled_markets"": 278, ""settlement_sources"": [""kalshi_api""], ""total_cost"": 1390.0}, ""reference_price_provenance"": {""composite_60s_reference_ticks"": 0, ""requested_source"": ""single_venue"", ""single_venue_ticks"": 28829, ""warnings"": []}, ""reference_price_source"": ""single_venue"", ""run_dir"": ""/home/matt/workspace/kalshi-btc-15m-bot/runs/late_lotto_ticket/late-lotto-sweep-20260522T134139Z-w30-60-p0p01-min0p001-cheapest-n5p0"", ""run_id"": ""late-lotto-sweep-20260522T134139Z-w30-60-p0p01-min0p001-cheapest-n5p0"", ""settled_positions"": 278, ""settlements_from_feed_db"": true, ""signals"": 4900, ""snapshots"": 28829, ""starting_bankroll"": 10000.0, ""strategy"": ""late_lotto_ticket"", ""venue"": ""kalshi""}
",1390.0,0.01079136690647482
10.0,278,1738.095238095238,14,185.96585669513306,-10.0,1101.111111111111,,278,10000.0,1088.5714285714284,60,0.01,30,0.001,0.6211255411255411,-1041.904761904762,0,/home/matt/workspace/kalshi-btc-15m-bot/runs/late_lotto_ticket/late-lotto-sweep-20260522T134139Z-w30-60-p0p01-min0p001-cheapest-n10p0,late-lotto-sweep-20260522T134139Z-w30-60-p0p01-min0p001-cheapest-n10p0,-0.7985894591661897,cheapest,4900,13.247710323417023,28829,ok,,"no_pnl"": 318.0952380952381, ""unpaired_time_buckets"": {""no:00-02m"": {""contracts"": 415908.040489, ""cost"": 1420.0, ""payout"": 1738.095238, ""pnl"": 318.095238}, ""yes:00-02m"": {""contracts"": 410313.255159, ""cost"": 1360.0, ""payout"": 0.0, ""pnl"": -1360.0}}, ""unpaired_yes_pnl"": -1360.0}, ""realized_pnl"": -1041.904761904762, ""settled_markets"": 278, ""settlement_sources"": [""kalshi_api""], ""total_cost"": 2780.0}, ""reference_price_provenance"": {""composite_60s_reference_ticks"": 0, ""requested_source"": ""single_venue"", ""single_venue_ticks"": 28829, ""warnings"": []}, ""reference_price_source"": ""single_venue"", ""run_dir"": ""/home/matt/workspace/kalshi-btc-15m-bot/runs/late_lotto_ticket/late-lotto-sweep-20260522T134139Z-w30-60-p0p01-min0p001-cheapest-n10p0"", ""run_id"": ""late-lotto-sweep-20260522T134139Z-w30-60-p0p01-min0p001-cheapest-n10p0"", ""settled_positions"": 278, ""settlements_from_feed_db"": true, ""signals"": 4900, ""snapshots"": 28829, ""starting_bankroll"": 10000.0, ""strategy"": ""late_lotto_ticket"", ""venue"": ""kalshi""}
",2780.0,0.01079136690647482
5.0,142,869.047619047619,15,94.09970948979165,-5.0,550.5555555555555,3.4615768463073855,142,5000.0,269.2857142857143,60,0.01,30,0.001,1.2288454950325454,159.04761904761904,0,/home/matt/workspace/kalshi-btc-15m-bot/runs/late_lotto_ticket/late-lotto-sweep-20260522T134139Z-w30-60-p0p01-min0p001-no_only-n5p0,late-lotto-sweep-20260522T134139Z-w30-60-p0p01-min0p001-no_only-n5p0,0.34170694582360495,no_only,2176,9.391844095944574,28829,ok,,", ""unpaired_leftover_payout"": 869.047619047619, ""unpaired_leftover_pnl"": 159.04761904761904, ""unpaired_no_pnl"": 159.04761904761904, ""unpaired_time_buckets"": {""no:00-02m"": {""contracts"": 207954.020251, ""cost"": 710.0, ""payout"": 869.04762, ""pnl"": 159.04762}}, ""unpaired_yes_pnl"": 0.0}, ""realized_pnl"": 159.04761904761904, ""settled_markets"": 142, ""settlement_sources"": [""kalshi_api""], ""total_cost"": 710.0}, ""reference_price_provenance"": {""composite_60s_reference_ticks"": 0, ""requested_source"": ""single_venue"", ""single_venue_ticks"": 28829, ""warnings"": []}, ""reference_price_source"": ""single_venue"", ""run_dir"": ""/home/matt/workspace/kalshi-btc-15m-bot/runs/late_lotto_ticket/late-lotto-sweep-20260522T134139Z-w30-60-p0p01-min0p001-no_only-n5p0"", ""run_id"": ""late-lotto-sweep-20260522T134139Z-w30-60-p0p01-min0p001-no_only-n5p0"", ""settled_positions"": 142, ""settlements_from_feed_db"": true, ""signals"": 2176, ""snapshots"": 28829, ""starting_bankroll"": 10000.0, ""strategy"": ""late_lotto_ticket"", ""venue"": ""kalshi""}
",710.0,0.02112676056338028
10.0,142,1738.095238095238,16,94.09970948979165,-10.0,1101.111111111111,3.4615768463073855,142,10000.0,538.5714285714286,60,0.01,30,0.001,1.2288454950325454,318.0952380952381,0,/home/matt/workspace/kalshi-btc-15m-bot/runs/late_lotto_ticket/late-lotto-sweep-20260522T134139Z-w30-60-p0p01-min0p001-no_only-n10p0,late-lotto-sweep-20260522T134139Z-w30-60-p0p01-min0p001-no_only-n10p0,0.34170694582360495,no_only,2176,9.391844095944574,28829,ok,,"paired_leftover_payout"": 1738.095238095238, ""unpaired_leftover_pnl"": 318.0952380952381, ""unpaired_no_pnl"": 318.0952380952381, ""unpaired_time_buckets"": {""no:00-02m"": {""contracts"": 415908.040489, ""cost"": 1420.0, ""payout"": 1738.095238, ""pnl"": 318.095238}}, ""unpaired_yes_pnl"": 0.0}, ""realized_pnl"": 318.0952380952381, ""settled_markets"": 142, ""settlement_sources"": [""kalshi_api""], ""total_cost"": 1420.0}, ""reference_price_provenance"": {""composite_60s_reference_ticks"": 0, ""requested_source"": ""single_venue"", ""single_venue_ticks"": 28829, ""warnings"": []}, ""reference_price_source"": ""single_venue"", ""run_dir"": ""/home/matt/workspace/kalshi-btc-15m-bot/runs/late_lotto_ticket/late-lotto-sweep-20260522T134139Z-w30-60-p0p01-min0p001-no_only-n10p0"", ""run_id"": ""late-lotto-sweep-20260522T134139Z-w30-60-p0p01-min0p001-no_only-n10p0"", ""settled_positions"": 142, ""settlements_from_feed_db"": true, ""signals"": 2176, ""snapshots"": 28829, ""starting_bankroll"": 10000.0, ""strategy"": ""late_lotto_ticket"", ""venue"": ""kalshi""}
",1420.0,0.02112676056338028
5.0,136,0.0,17,1.0,-5.0,0.0,,136,5000.0,680.0,60,0.01,30,0.001,0.0,-680.0,0,/home/matt/workspace/kalshi-btc-15m-bot/runs/late_lotto_ticket/late-lotto-sweep-20260522T134139Z-w30-60-p0p01-min0p001-yes_only-n5p0,late-lotto-sweep-20260522T134139Z-w30-60-p0p01-min0p001-yes_only-n5p0,-6331475818492748.0,yes_only,2724,-1.0,28829,ok,,"ompleted_pair_pnl"": 0.0, ""unpaired_leftover_cost"": 680.0, ""unpaired_leftover_payout"": 0.0, ""unpaired_leftover_pnl"": -680.0, ""unpaired_no_pnl"": 0.0, ""unpaired_time_buckets"": {""yes:00-02m"": {""contracts"": 205156.62758, ""cost"": 680.0, ""payout"": 0.0, ""pnl"": -680.0}}, ""unpaired_yes_pnl"": -680.0}, ""realized_pnl"": -680.0, ""settled_markets"": 136, ""settlement_sources"": [""kalshi_api""], ""total_cost"": 680.0}, ""reference_price_provenance"": {""composite_60s_reference_ticks"": 0, ""requested_source"": ""single_venue"", ""single_venue_ticks"": 28829, ""warnings"": []}, ""reference_price_source"": ""single_venue"", ""run_dir"": ""/home/matt/workspace/kalshi-btc-15m-bot/runs/late_lotto_ticket/late-lotto-sweep-20260522T134139Z-w30-60-p0p01-min0p001-yes_only-n5p0"", ""run_id"": ""late-lotto-sweep-20260522T134139Z-w30-60-p0p01-min0p001-yes_only-n5p0"", ""settled_positions"": 136, ""settlements_from_feed_db"": true, ""signals"": 2724, ""snapshots"": 28829, ""starting_bankroll"": 10000.0, ""strategy"": ""late_lotto_ticket"", ""venue"": ""kalshi""}
",680.0,0.0
10.0,136,0.0,18,1.0,-10.0,0.0,,136,10000.0,1360.0,60,0.01,30,0.001,0.0,-1360.0,0,/home/matt/workspace/kalshi-btc-15m-bot/runs/late_lotto_ticket/late-lotto-sweep-20260522T134139Z-w30-60-p0p01-min0p001-yes_only-n10p0,late-lotto-sweep-20260522T134139Z-w30-60-p0p01-min0p001-yes_only-n10p0,-6331475818492748.0,yes_only,2724,-1.0,28829,ok,,"air_pnl"": 0.0, ""unpaired_leftover_cost"": 1360.0, ""unpaired_leftover_payout"": 0.0, ""unpaired_leftover_pnl"": -1360.0, ""unpaired_no_pnl"": 0.0, ""unpaired_time_buckets"": {""yes:00-02m"": {""contracts"": 410313.255159, ""cost"": 1360.0, ""payout"": 0.0, ""pnl"": -1360.0}}, ""unpaired_yes_pnl"": -1360.0}, ""realized_pnl"": -1360.0, ""settled_markets"": 136, ""settlement_sources"": [""kalshi_api""], ""total_cost"": 1360.0}, ""reference_price_provenance"": {""composite_60s_reference_ticks"": 0, ""requested_source"": ""single_venue"", ""single_venue_ticks"": 28829, ""warnings"": []}, ""reference_price_source"": ""single_venue"", ""run_dir"": ""/home/matt/workspace/kalshi-btc-15m-bot/runs/late_lotto_ticket/late-lotto-sweep-20260522T134139Z-w30-60-p0p01-min0p001-yes_only-n10p0"", ""run_id"": ""late-lotto-sweep-20260522T134139Z-w30-60-p0p01-min0p001-yes_only-n10p0"", ""settled_positions"": 136, ""settlements_from_feed_db"": true, ""signals"": 2724, ""snapshots"": 28829, ""starting_bankroll"": 10000.0, ""strategy"": ""late_lotto_ticket"", ""venue"": ""kalshi""}
",1360.0,0.0
5.0,286,791.2698412698412,19,224.4452949335417,-5.0,550.5555555555555,,286,5000.0,638.7301587301587,60,0.015,30,0.001,0.5486005945369903,-638.7301587301587,0,/home/matt/workspace/kalshi-btc-15m-bot/runs/late_lotto_ticket/late-lotto-sweep-20260522T134139Z-w30-60-p0p015-min0p001-cheapest-n5p0,late-lotto-sweep-20260522T134139Z-w30-60-p0p015-min0p001-cheapest-n5p0,-1.014972027152582,cheapest,4916,14.566847158505603,28829,ok,,"aired_no_pnl"": 66.26984126984127, ""unpaired_time_buckets"": {""no:00-02m"": {""contracts"": 199874.081811, ""cost"": 725.0, ""payout"": 791.269842, ""pnl"": 66.269842}, ""yes:00-02m"": {""contracts"": 199564.581975, ""cost"": 705.0, ""payout"": 0.0, ""pnl"": -705.0}}, ""unpaired_yes_pnl"": -705.0}, ""realized_pnl"": -638.7301587301587, ""settled_markets"": 286, ""settlement_sources"": [""kalshi_api""], ""total_cost"": 1430.0}, ""reference_price_provenance"": {""composite_60s_reference_ticks"": 0, ""requested_source"": ""single_venue"", ""single_venue_ticks"": 28829, ""warnings"": []}, ""reference_price_source"": ""single_venue"", ""run_dir"": ""/home/matt/workspace/kalshi-btc-15m-bot/runs/late_lotto_ticket/late-lotto-sweep-20260522T134139Z-w30-60-p0p015-min0p001-cheapest-n5p0"", ""run_id"": ""late-lotto-sweep-20260522T134139Z-w30-60-p0p015-min0p001-cheapest-n5p0"", ""settled_positions"": 286, ""settlements_from_feed_db"": true, ""signals"": 4916, ""snapshots"": 28829, ""starting_bankroll"": 10000.0, ""strategy"": ""late_lotto_ticket"", ""venue"": ""kalshi""}
",1430.0,0.01048951048951049
10.0,286,1582.5396825396824,20,224.4452949335417,-10.0,1101.111111111111,,286,10000.0,1277.4603174603174,60,0.015,30,0.001,0.5486005945369903,-1277.4603174603174,0,/home/matt/workspace/kalshi-btc-15m-bot/runs/late_lotto_ticket/late-lotto-sweep-20260522T134139Z-w30-60-p0p015-min0p001-cheapest-n10p0,late-lotto-sweep-20260522T134139Z-w30-60-p0p015-min0p001-cheapest-n10p0,-1.014972027152582,cheapest,4916,14.566847158505603,28829,ok,,"nl"": 132.53968253968253, ""unpaired_time_buckets"": {""no:00-02m"": {""contracts"": 399748.163602, ""cost"": 1450.0, ""payout"": 1582.539682, ""pnl"": 132.539682}, ""yes:00-02m"": {""contracts"": 399129.163937, ""cost"": 1410.0, ""payout"": 0.0, ""pnl"": -1410.0}}, ""unpaired_yes_pnl"": -1410.0}, ""realized_pnl"": -1277.4603174603174, ""settled_markets"": 286, ""settlement_sources"": [""kalshi_api""], ""total_cost"": 2860.0}, ""reference_price_provenance"": {""composite_60s_reference_ticks"": 0, ""requested_source"": ""single_venue"", ""single_venue_ticks"": 28829, ""warnings"": []}, ""reference_price_source"": ""single_venue"", ""run_dir"": ""/home/matt/workspace/kalshi-btc-15m-bot/runs/late_lotto_ticket/late-lotto-sweep-20260522T134139Z-w30-60-p0p015-min0p001-cheapest-n10p0"", ""run_id"": ""late-lotto-sweep-20260522T134139Z-w30-60-p0p015-min0p001-cheapest-n10p0"", ""settled_positions"": 286, ""settlements_from_feed_db"": true, ""signals"": 4916, ""snapshots"": 28829, ""starting_bankroll"": 10000.0, ""strategy"": ""late_lotto_ticket"", ""venue"": ""kalshi""}
",2860.0,0.01048951048951049
5.0,145,791.2698412698412,21,112.90910929304515,-5.0,550.5555555555555,8.307784431137724,145,5000.0,284.2857142857143,60,0.015,30,0.001,1.09333780460541,66.26984126984127,0,/home/matt/workspace/kalshi-btc-15m-bot/runs/late_lotto_ticket/late-lotto-sweep-20260522T134139Z-w30-60-p0p015-min0p001-no_only-n5p0,late-lotto-sweep-20260522T134139Z-w30-60-p0p015-min0p001-no_only-n5p0,0.14809585115083918,no_only,2182,10.302766263629826,28829,ok,," ""unpaired_leftover_payout"": 791.2698412698412, ""unpaired_leftover_pnl"": 66.26984126984127, ""unpaired_no_pnl"": 66.26984126984127, ""unpaired_time_buckets"": {""no:00-02m"": {""contracts"": 199874.081811, ""cost"": 725.0, ""payout"": 791.269842, ""pnl"": 66.269842}}, ""unpaired_yes_pnl"": 0.0}, ""realized_pnl"": 66.26984126984127, ""settled_markets"": 145, ""settlement_sources"": [""kalshi_api""], ""total_cost"": 725.0}, ""reference_price_provenance"": {""composite_60s_reference_ticks"": 0, ""requested_source"": ""single_venue"", ""single_venue_ticks"": 28829, ""warnings"": []}, ""reference_price_source"": ""single_venue"", ""run_dir"": ""/home/matt/workspace/kalshi-btc-15m-bot/runs/late_lotto_ticket/late-lotto-sweep-20260522T134139Z-w30-60-p0p015-min0p001-no_only-n5p0"", ""run_id"": ""late-lotto-sweep-20260522T134139Z-w30-60-p0p015-min0p001-no_only-n5p0"", ""settled_positions"": 145, ""settlements_from_feed_db"": true, ""signals"": 2182, ""snapshots"": 28829, ""starting_bankroll"": 10000.0, ""strategy"": ""late_lotto_ticket"", ""venue"": ""kalshi""}
",725.0,0.020689655172413793
10.0,145,1582.5396825396824,22,112.90910929304515,-10.0,1101.111111111111,8.307784431137724,145,10000.0,568.5714285714286,60,0.015,30,0.001,1.09333780460541,132.53968253968253,0,/home/matt/workspace/kalshi-btc-15m-bot/runs/late_lotto_ticket/late-lotto-sweep-20260522T134139Z-w30-60-p0p015-min0p001-no_only-n10p0,late-lotto-sweep-20260522T134139Z-w30-60-p0p015-min0p001-no_only-n10p0,0.14809585115083918,no_only,2182,10.302766263629826,28829,ok,,"_leftover_payout"": 1582.5396825396824, ""unpaired_leftover_pnl"": 132.53968253968253, ""unpaired_no_pnl"": 132.53968253968253, ""unpaired_time_buckets"": {""no:00-02m"": {""contracts"": 399748.163602, ""cost"": 1450.0, ""payout"": 1582.539682, ""pnl"": 132.539682}}, ""unpaired_yes_pnl"": 0.0}, ""realized_pnl"": 132.53968253968253, ""settled_markets"": 145, ""settlement_sources"": [""kalshi_api""], ""total_cost"": 1450.0}, ""reference_price_provenance"": {""composite_60s_reference_ticks"": 0, ""requested_source"": ""single_venue"", ""single_venue_ticks"": 28829, ""warnings"": []}, ""reference_price_source"": ""single_venue"", ""run_dir"": ""/home/matt/workspace/kalshi-btc-15m-bot/runs/late_lotto_ticket/late-lotto-sweep-20260522T134139Z-w30-60-p0p015-min0p001-no_only-n10p0"", ""run_id"": ""late-lotto-sweep-20260522T134139Z-w30-60-p0p015-min0p001-no_only-n10p0"", ""settled_positions"": 145, ""settlements_from_feed_db"": true, ""signals"": 2182, ""snapshots"": 28829, ""starting_bankroll"": 10000.0, ""strategy"": ""late_lotto_ticket"", ""venue"": ""kalshi""}
",1450.0,0.020689655172413793
5.0,141,0.0,23,1.0,-5.0,0.0,,141,5000.0,705.0,60,0.015,30,0.001,0.0,-705.0,0,/home/matt/workspace/kalshi-btc-15m-bot/runs/late_lotto_ticket/late-lotto-sweep-20260522T134139Z-w30-60-p0p015-min0p001-yes_only-n5p0,late-lotto-sweep-20260522T134139Z-w30-60-p0p015-min0p001-yes_only-n5p0,-6332307321000568.0,yes_only,2734,-1.0,28829,ok,,"leted_pair_pnl"": 0.0, ""unpaired_leftover_cost"": 705.0, ""unpaired_leftover_payout"": 0.0, ""unpaired_leftover_pnl"": -705.0, ""unpaired_no_pnl"": 0.0, ""unpaired_time_buckets"": {""yes:00-02m"": {""contracts"": 199564.581975, ""cost"": 705.0, ""payout"": 0.0, ""pnl"": -705.0}}, ""unpaired_yes_pnl"": -705.0}, ""realized_pnl"": -705.0, ""settled_markets"": 141, ""settlement_sources"": [""kalshi_api""], ""total_cost"": 705.0}, ""reference_price_provenance"": {""composite_60s_reference_ticks"": 0, ""requested_source"": ""single_venue"", ""single_venue_ticks"": 28829, ""warnings"": []}, ""reference_price_source"": ""single_venue"", ""run_dir"": ""/home/matt/workspace/kalshi-btc-15m-bot/runs/late_lotto_ticket/late-lotto-sweep-20260522T134139Z-w30-60-p0p015-min0p001-yes_only-n5p0"", ""run_id"": ""late-lotto-sweep-20260522T134139Z-w30-60-p0p015-min0p001-yes_only-n5p0"", ""settled_positions"": 141, ""settlements_from_feed_db"": true, ""signals"": 2734, ""snapshots"": 28829, ""starting_bankroll"": 10000.0, ""strategy"": ""late_lotto_ticket"", ""venue"": ""kalshi""}
",705.0,0.0
10.0,141,0.0,24,1.0,-10.0,0.0,,141,10000.0,1410.0,60,0.015,30,0.001,0.0,-1410.0,0,/home/matt/workspace/kalshi-btc-15m-bot/runs/late_lotto_ticket/late-lotto-sweep-20260522T134139Z-w30-60-p0p015-min0p001-yes_only-n10p0,late-lotto-sweep-20260522T134139Z-w30-60-p0p015-min0p001-yes_only-n10p0,-6332307321000568.0,yes_only,2734,-1.0,28829,ok,,"r_pnl"": 0.0, ""unpaired_leftover_cost"": 1410.0, ""unpaired_leftover_payout"": 0.0, ""unpaired_leftover_pnl"": -1410.0, ""unpaired_no_pnl"": 0.0, ""unpaired_time_buckets"": {""yes:00-02m"": {""contracts"": 399129.163937, ""cost"": 1410.0, ""payout"": 0.0, ""pnl"": -1410.0}}, ""unpaired_yes_pnl"": -1410.0}, ""realized_pnl"": -1410.0, ""settled_markets"": 141, ""settlement_sources"": [""kalshi_api""], ""total_cost"": 1410.0}, ""reference_price_provenance"": {""composite_60s_reference_ticks"": 0, ""requested_source"": ""single_venue"", ""single_venue_ticks"": 28829, ""warnings"": []}, ""reference_price_source"": ""single_venue"", ""run_dir"": ""/home/matt/workspace/kalshi-btc-15m-bot/runs/late_lotto_ticket/late-lotto-sweep-20260522T134139Z-w30-60-p0p015-min0p001-yes_only-n10p0"", ""run_id"": ""late-lotto-sweep-20260522T134139Z-w30-60-p0p015-min0p001-yes_only-n10p0"", ""settled_positions"": 141, ""settlements_from_feed_db"": true, ""signals"": 2734, ""snapshots"": 28829, ""starting_bankroll"": 10000.0, ""strategy"": ""late_lotto_ticket"", ""venue"": ""kalshi""}
",1410.0,0.0
5.0,294,698.1074481074481,25,157.800151132216,-5.0,379.61538461538464,,294,5000.0,821.5079365079364,60,0.02,30,0.001,0.4694896550566654,-771.8925518925518,0,/home/matt/workspace/kalshi-btc-15m-bot/runs/late_lotto_ticket/late-lotto-sweep-20260522T134139Z-w30-60-p0p02-min0p001-cheapest-n5p0,late-lotto-sweep-20260522T134139Z-w30-60-p0p02-min0p001-cheapest-n5p0,-1.5049947309555638,cheapest,4932,12.357771138083413,28829,ok,,"ired_no_pnl"": -36.892551892551865, ""unpaired_time_buckets"": {""no:00-02m"": {""contracts"": 195478.707542, ""cost"": 735.0, ""payout"": 698.107449, ""pnl"": -36.892551}, ""yes:00-02m"": {""contracts"": 197338.630093, ""cost"": 735.0, ""payout"": 0.0, ""pnl"": -735.0}}, ""unpaired_yes_pnl"": -735.0}, ""realized_pnl"": -771.8925518925518, ""settled_markets"": 294, ""settlement_sources"": [""kalshi_api""], ""total_cost"": 1470.0}, ""reference_price_provenance"": {""composite_60s_reference_ticks"": 0, ""requested_source"": ""single_venue"", ""single_venue_ticks"": 28829, ""warnings"": []}, ""reference_price_source"": ""single_venue"", ""run_dir"": ""/home/matt/workspace/kalshi-btc-15m-bot/runs/late_lotto_ticket/late-lotto-sweep-20260522T134139Z-w30-60-p0p02-min0p001-cheapest-n5p0"", ""run_id"": ""late-lotto-sweep-20260522T134139Z-w30-60-p0p02-min0p001-cheapest-n5p0"", ""settled_positions"": 294, ""settlements_from_feed_db"": true, ""signals"": 4932, ""snapshots"": 28829, ""starting_bankroll"": 10000.0, ""strategy"": ""late_lotto_ticket"", ""venue"": ""kalshi""}
",1470.0,0.01020408163265306
10.0,294,1396.2148962148963,26,157.800151132216,-10.0,759.2307692307693,,294,10000.0,1643.0158730158728,60,0.02,30,0.001,0.4694896550566654,-1543.7851037851035,0,/home/matt/workspace/kalshi-btc-15m-bot/runs/late_lotto_ticket/late-lotto-sweep-20260522T134139Z-w30-60-p0p02-min0p001-cheapest-n10p0,late-lotto-sweep-20260522T134139Z-w30-60-p0p02-min0p001-cheapest-n10p0,-1.5049947309555638,cheapest,4932,12.357771138083413,28829,ok,,"_pnl"": -73.78510378510373, ""unpaired_time_buckets"": {""no:00-02m"": {""contracts"": 390957.415058, ""cost"": 1470.0, ""payout"": 1396.214896, ""pnl"": -73.785104}, ""yes:00-02m"": {""contracts"": 394677.260185, ""cost"": 1470.0, ""payout"": 0.0, ""pnl"": -1470.0}}, ""unpaired_yes_pnl"": -1470.0}, ""realized_pnl"": -1543.7851037851035, ""settled_markets"": 294, ""settlement_sources"": [""kalshi_api""], ""total_cost"": 2940.0}, ""reference_price_provenance"": {""composite_60s_reference_ticks"": 0, ""requested_source"": ""single_venue"", ""single_venue_ticks"": 28829, ""warnings"": []}, ""reference_price_source"": ""single_venue"", ""run_dir"": ""/home/matt/workspace/kalshi-btc-15m-bot/runs/late_lotto_ticket/late-lotto-sweep-20260522T134139Z-w30-60-p0p02-min0p001-cheapest-n10p0"", ""run_id"": ""late-lotto-sweep-20260522T134139Z-w30-60-p0p02-min0p001-cheapest-n10p0"", ""settled_positions"": 294, ""settlements_from_feed_db"": true, ""signals"": 4932, ""snapshots"": 28829, ""starting_bankroll"": 10000.0, ""strategy"": ""late_lotto_ticket"", ""venue"": ""kalshi""}
",2940.0,0.01020408163265306
5.0,147,698.1074481074481,27,77.94496977344626,-5.0,379.61538461538464,,147,5000.0,289.2857142857143,60,0.02,30,0.001,0.948760344593678,-36.892551892551865,0,/home/matt/workspace/kalshi-btc-15m-bot/runs/late_lotto_ticket/late-lotto-sweep-20260522T134139Z-w30-60-p0p02-min0p001-no_only-n5p0,late-lotto-sweep-20260522T134139Z-w30-60-p0p02-min0p001-no_only-n5p0,-0.10192888487976015,no_only,2186,8.652981553897627,28829,ok,,"aired_leftover_payout"": 698.1074481074481, ""unpaired_leftover_pnl"": -36.892551892551865, ""unpaired_no_pnl"": -36.892551892551865, ""unpaired_time_buckets"": {""no:00-02m"": {""contracts"": 195478.707542, ""cost"": 735.0, ""payout"": 698.107449, ""pnl"": -36.892551}}, ""unpaired_yes_pnl"": 0.0}, ""realized_pnl"": -36.892551892551865, ""settled_markets"": 147, ""settlement_sources"": [""kalshi_api""], ""total_cost"": 735.0}, ""reference_price_provenance"": {""composite_60s_reference_ticks"": 0, ""requested_source"": ""single_venue"", ""single_venue_ticks"": 28829, ""warnings"": []}, ""reference_price_source"": ""single_venue"", ""run_dir"": ""/home/matt/workspace/kalshi-btc-15m-bot/runs/late_lotto_ticket/late-lotto-sweep-20260522T134139Z-w30-60-p0p02-min0p001-no_only-n5p0"", ""run_id"": ""late-lotto-sweep-20260522T134139Z-w30-60-p0p02-min0p001-no_only-n5p0"", ""settled_positions"": 147, ""settlements_from_feed_db"": true, ""signals"": 2186, ""snapshots"": 28829, ""starting_bankroll"": 10000.0, ""strategy"": ""late_lotto_ticket"", ""venue"": ""kalshi""}
",735.0,0.02040816326530612
10.0,147,1396.2148962148963,28,77.94496977344626,-10.0,759.2307692307693,,147,10000.0,578.5714285714286,60,0.02,30,0.001,0.948760344593678,-73.78510378510373,0,/home/matt/workspace/kalshi-btc-15m-bot/runs/late_lotto_ticket/late-lotto-sweep-20260522T134139Z-w30-60-p0p02-min0p001-no_only-n10p0,late-lotto-sweep-20260522T134139Z-w30-60-p0p02-min0p001-no_only-n10p0,-0.10192888487976015,no_only,2186,8.652981553897627,28829,ok,,"ed_leftover_payout"": 1396.2148962148963, ""unpaired_leftover_pnl"": -73.78510378510373, ""unpaired_no_pnl"": -73.78510378510373, ""unpaired_time_buckets"": {""no:00-02m"": {""contracts"": 390957.415058, ""cost"": 1470.0, ""payout"": 1396.214896, ""pnl"": -73.785104}}, ""unpaired_yes_pnl"": 0.0}, ""realized_pnl"": -73.78510378510373, ""settled_markets"": 147, ""settlement_sources"": [""kalshi_api""], ""total_cost"": 1470.0}, ""reference_price_provenance"": {""composite_60s_reference_ticks"": 0, ""requested_source"": ""single_venue"", ""single_venue_ticks"": 28829, ""warnings"": []}, ""reference_price_source"": ""single_venue"", ""run_dir"": ""/home/matt/workspace/kalshi-btc-15m-bot/runs/late_lotto_ticket/late-lotto-sweep-20260522T134139Z-w30-60-p0p02-min0p001-no_only-n10p0"", ""run_id"": ""late-lotto-sweep-20260522T134139Z-w30-60-p0p02-min0p001-no_only-n10p0"", ""settled_positions"": 147, ""settlements_from_feed_db"": true, ""signals"": 2186, ""snapshots"": 28829, ""starting_bankroll"": 10000.0, ""strategy"": ""late_lotto_ticket"", ""venue"": ""kalshi""}
",1470.0,0.02040816326530612
5.0,148,0.0,29,1.0,-5.0,0.0,,148,5000.0,740.0,60,0.02,30,0.001,0.0,-740.0,0,/home/matt/workspace/kalshi-btc-15m-bot/runs/late_lotto_ticket/late-lotto-sweep-20260522T134139Z-w30-60-p0p02-min0p001-yes_only-n5p0,late-lotto-sweep-20260522T134139Z-w30-60-p0p02-min0p001-yes_only-n5p0,-6333376877180983.0,yes_only,2748,-1.0,28829,ok,,"mpleted_pair_pnl"": 0.0, ""unpaired_leftover_cost"": 740.0, ""unpaired_leftover_payout"": 0.0, ""unpaired_leftover_pnl"": -740.0, ""unpaired_no_pnl"": 0.0, ""unpaired_time_buckets"": {""yes:00-02m"": {""contracts"": 197477.518982, ""cost"": 740.0, ""payout"": 0.0, ""pnl"": -740.0}}, ""unpaired_yes_pnl"": -740.0}, ""realized_pnl"": -740.0, ""settled_markets"": 148, ""settlement_sources"": [""kalshi_api""], ""total_cost"": 740.0}, ""reference_price_provenance"": {""composite_60s_reference_ticks"": 0, ""requested_source"": ""single_venue"", ""single_venue_ticks"": 28829, ""warnings"": []}, ""reference_price_source"": ""single_venue"", ""run_dir"": ""/home/matt/workspace/kalshi-btc-15m-bot/runs/late_lotto_ticket/late-lotto-sweep-20260522T134139Z-w30-60-p0p02-min0p001-yes_only-n5p0"", ""run_id"": ""late-lotto-sweep-20260522T134139Z-w30-60-p0p02-min0p001-yes_only-n5p0"", ""settled_positions"": 148, ""settlements_from_feed_db"": true, ""signals"": 2748, ""snapshots"": 28829, ""starting_bankroll"": 10000.0, ""strategy"": ""late_lotto_ticket"", ""venue"": ""kalshi""}
",740.0,0.0
10.0,148,0.0,30,1.0,-10.0,0.0,,148,10000.0,1480.0,60,0.02,30,0.001,0.0,-1480.0,0,/home/matt/workspace/kalshi-btc-15m-bot/runs/late_lotto_ticket/late-lotto-sweep-20260522T134139Z-w30-60-p0p02-min0p001-yes_only-n10p0,late-lotto-sweep-20260522T134139Z-w30-60-p0p02-min0p001-yes_only-n10p0,-6333376877180983.0,yes_only,2748,-1.0,28829,ok,,"air_pnl"": 0.0, ""unpaired_leftover_cost"": 1480.0, ""unpaired_leftover_payout"": 0.0, ""unpaired_leftover_pnl"": -1480.0, ""unpaired_no_pnl"": 0.0, ""unpaired_time_buckets"": {""yes:00-02m"": {""contracts"": 394955.037963, ""cost"": 1480.0, ""payout"": 0.0, ""pnl"": -1480.0}}, ""unpaired_yes_pnl"": -1480.0}, ""realized_pnl"": -1480.0, ""settled_markets"": 148, ""settlement_sources"": [""kalshi_api""], ""total_cost"": 1480.0}, ""reference_price_provenance"": {""composite_60s_reference_ticks"": 0, ""requested_source"": ""single_venue"", ""single_venue_ticks"": 28829, ""warnings"": []}, ""reference_price_source"": ""single_venue"", ""run_dir"": ""/home/matt/workspace/kalshi-btc-15m-bot/runs/late_lotto_ticket/late-lotto-sweep-20260522T134139Z-w30-60-p0p02-min0p001-yes_only-n10p0"", ""run_id"": ""late-lotto-sweep-20260522T134139Z-w30-60-p0p02-min0p001-yes_only-n10p0"", ""settled_positions"": 148, ""settlements_from_feed_db"": true, ""signals"": 2748, ""snapshots"": 28829, ""starting_bankroll"": 10000.0, ""strategy"": ""late_lotto_ticket"", ""venue"": ""kalshi""}
",1480.0,0.0
5.0,307,448.6271986271986,31,204.6913971805938,-5.0,272.77777777777777,,307,5000.0,1086.3728013728014,60,0.03,30,0.001,0.2852810517284201,-1086.3728013728014,0,/home/matt/workspace/kalshi-btc-15m-bot/runs/late_lotto_ticket/late-lotto-sweep-20260522T134139Z-w30-60-p0p03-min0p001-cheapest-n5p0,late-lotto-sweep-20260522T134139Z-w30-60-p0p03-min0p001-cheapest-n5p0,-3.1708162837149203,cheapest,4958,13.848531871774737,28829,ok,,"red_no_pnl"": -331.3728013728014, ""unpaired_time_buckets"": {""no:00-02m"": {""contracts"": 194357.759861, ""cost"": 780.0, ""payout"": 448.627199, ""pnl"": -331.372801}, ""yes:00-02m"": {""contracts"": 194044.998988, ""cost"": 755.0, ""payout"": 0.0, ""pnl"": -755.0}}, ""unpaired_yes_pnl"": -755.0}, ""realized_pnl"": -1086.3728013728014, ""settled_markets"": 307, ""settlement_sources"": [""kalshi_api""], ""total_cost"": 1535.0}, ""reference_price_provenance"": {""composite_60s_reference_ticks"": 0, ""requested_source"": ""single_venue"", ""single_venue_ticks"": 28829, ""warnings"": []}, ""reference_price_source"": ""single_venue"", ""run_dir"": ""/home/matt/workspace/kalshi-btc-15m-bot/runs/late_lotto_ticket/late-lotto-sweep-20260522T134139Z-w30-60-p0p03-min0p001-cheapest-n5p0"", ""run_id"": ""late-lotto-sweep-20260522T134139Z-w30-60-p0p03-min0p001-cheapest-n5p0"", ""settled_positions"": 307, ""settlements_from_feed_db"": true, ""signals"": 4958, ""snapshots"": 28829, ""starting_bankroll"": 10000.0, ""strategy"": ""late_lotto_ticket"", ""venue"": ""kalshi""}
",1535.0,0.009771986970684038
10.0,307,897.2543972543972,32,204.6913971805938,-10.0,545.5555555555555,,307,10000.0,2172.745602745603,60,0.03,30,0.001,0.2852810517284201,-2172.745602745603,0,/home/matt/workspace/kalshi-btc-15m-bot/runs/late_lotto_ticket/late-lotto-sweep-20260522T134139Z-w30-60-p0p03-min0p001-cheapest-n10p0,late-lotto-sweep-20260522T134139Z-w30-60-p0p03-min0p001-cheapest-n10p0,-3.1708162837149203,cheapest,4958,13.848531871774737,28829,ok,,"_no_pnl"": -662.7456027456028, ""unpaired_time_buckets"": {""no:00-02m"": {""contracts"": 388715.5197, ""cost"": 1560.0, ""payout"": 897.254397, ""pnl"": -662.745603}, ""yes:00-02m"": {""contracts"": 388089.997983, ""cost"": 1510.0, ""payout"": 0.0, ""pnl"": -1510.0}}, ""unpaired_yes_pnl"": -1510.0}, ""realized_pnl"": -2172.745602745603, ""settled_markets"": 307, ""settlement_sources"": [""kalshi_api""], ""total_cost"": 3070.0}, ""reference_price_provenance"": {""composite_60s_reference_ticks"": 0, ""requested_source"": ""single_venue"", ""single_venue_ticks"": 28829, ""warnings"": []}, ""reference_price_source"": ""single_venue"", ""run_dir"": ""/home/matt/workspace/kalshi-btc-15m-bot/runs/late_lotto_ticket/late-lotto-sweep-20260522T134139Z-w30-60-p0p03-min0p001-cheapest-n10p0"", ""run_id"": ""late-lotto-sweep-20260522T134139Z-w30-60-p0p03-min0p001-cheapest-n10p0"", ""settled_positions"": 307, ""settlements_from_feed_db"": true, ""signals"": 4958, ""snapshots"": 28829, ""starting_bankroll"": 10000.0, ""strategy"": ""late_lotto_ticket"", ""venue"": ""kalshi""}
",3070.0,0.009771986970684038
5.0,156,448.6271986271986,33,103.13928823253087,-5.0,272.77777777777777,,156,5000.0,331.3728013728014,60,0.03,30,0.001,0.566832939381959,-331.3728013728014,0,/home/matt/workspace/kalshi-btc-15m-bot/runs/late_lotto_ticket/late-lotto-sweep-20260522T134139Z-w30-60-p0p03-min0p001-no_only-n5p0,late-lotto-sweep-20260522T134139Z-w30-60-p0p03-min0p001-no_only-n5p0,-1.3591503053093785,no_only,2204,9.798887261749819,28829,ok,,"npaired_leftover_payout"": 448.6271986271986, ""unpaired_leftover_pnl"": -331.3728013728014, ""unpaired_no_pnl"": -331.3728013728014, ""unpaired_time_buckets"": {""no:00-02m"": {""contracts"": 194357.759861, ""cost"": 780.0, ""payout"": 448.627199, ""pnl"": -331.372801}}, ""unpaired_yes_pnl"": 0.0}, ""realized_pnl"": -331.3728013728014, ""settled_markets"": 156, ""settlement_sources"": [""kalshi_api""], ""total_cost"": 780.0}, ""reference_price_provenance"": {""composite_60s_reference_ticks"": 0, ""requested_source"": ""single_venue"", ""single_venue_ticks"": 28829, ""warnings"": []}, ""reference_price_source"": ""single_venue"", ""run_dir"": ""/home/matt/workspace/kalshi-btc-15m-bot/runs/late_lotto_ticket/late-lotto-sweep-20260522T134139Z-w30-60-p0p03-min0p001-no_only-n5p0"", ""run_id"": ""late-lotto-sweep-20260522T134139Z-w30-60-p0p03-min0p001-no_only-n5p0"", ""settled_positions"": 156, ""settlements_from_feed_db"": true, ""signals"": 2204, ""snapshots"": 28829, ""starting_bankroll"": 10000.0, ""strategy"": ""late_lotto_ticket"", ""venue"": ""kalshi""}
",780.0,0.019230769230769232
10.0,156,897.2543972543972,34,103.13928823253087,-10.0,545.5555555555555,,156,10000.0,662.7456027456028,60,0.03,30,0.001,0.566832939381959,-662.7456027456028,0,/home/matt/workspace/kalshi-btc-15m-bot/runs/late_lotto_ticket/late-lotto-sweep-20260522T134139Z-w30-60-p0p03-min0p001-no_only-n10p0,late-lotto-sweep-20260522T134139Z-w30-60-p0p03-min0p001-no_only-n10p0,-1.3591503053093785,no_only,2204,9.798887261749819,28829,ok,,"aired_leftover_payout"": 897.2543972543972, ""unpaired_leftover_pnl"": -662.7456027456028, ""unpaired_no_pnl"": -662.7456027456028, ""unpaired_time_buckets"": {""no:00-02m"": {""contracts"": 388715.5197, ""cost"": 1560.0, ""payout"": 897.254397, ""pnl"": -662.745603}}, ""unpaired_yes_pnl"": 0.0}, ""realized_pnl"": -662.7456027456028, ""settled_markets"": 156, ""settlement_sources"": [""kalshi_api""], ""total_cost"": 1560.0}, ""reference_price_provenance"": {""composite_60s_reference_ticks"": 0, ""requested_source"": ""single_venue"", ""single_venue_ticks"": 28829, ""warnings"": []}, ""reference_price_source"": ""single_venue"", ""run_dir"": ""/home/matt/workspace/kalshi-btc-15m-bot/runs/late_lotto_ticket/late-lotto-sweep-20260522T134139Z-w30-60-p0p03-min0p001-no_only-n10p0"", ""run_id"": ""late-lotto-sweep-20260522T134139Z-w30-60-p0p03-min0p001-no_only-n10p0"", ""settled_positions"": 156, ""settlements_from_feed_db"": true, ""signals"": 2204, ""snapshots"": 28829, ""starting_bankroll"": 10000.0, ""strategy"": ""late_lotto_ticket"", ""venue"": ""kalshi""}
",1560.0,0.019230769230769232
5.0,152,0.0,35,1.0,-5.0,0.0,,152,5000.0,760.0,60,0.03,30,0.001,0.0,-760.0,0,/home/matt/workspace/kalshi-btc-15m-bot/runs/late_lotto_ticket/late-lotto-sweep-20260522T134139Z-w30-60-p0p03-min0p001-yes_only-n5p0,late-lotto-sweep-20260522T134139Z-w30-60-p0p03-min0p001-yes_only-n5p0,-6333943749133534.0,yes_only,2756,-1.0,28829,ok,,"ompleted_pair_pnl"": 0.0, ""unpaired_leftover_cost"": 760.0, ""unpaired_leftover_payout"": 0.0, ""unpaired_leftover_pnl"": -760.0, ""unpaired_no_pnl"": 0.0, ""unpaired_time_buckets"": {""yes:00-02m"": {""contracts"": 194237.30668, ""cost"": 760.0, ""payout"": 0.0, ""pnl"": -760.0}}, ""unpaired_yes_pnl"": -760.0}, ""realized_pnl"": -760.0, ""settled_markets"": 152, ""settlement_sources"": [""kalshi_api""], ""total_cost"": 760.0}, ""reference_price_provenance"": {""composite_60s_reference_ticks"": 0, ""requested_source"": ""single_venue"", ""single_venue_ticks"": 28829, ""warnings"": []}, ""reference_price_source"": ""single_venue"", ""run_dir"": ""/home/matt/workspace/kalshi-btc-15m-bot/runs/late_lotto_ticket/late-lotto-sweep-20260522T134139Z-w30-60-p0p03-min0p001-yes_only-n5p0"", ""run_id"": ""late-lotto-sweep-20260522T134139Z-w30-60-p0p03-min0p001-yes_only-n5p0"", ""settled_positions"": 152, ""settlements_from_feed_db"": true, ""signals"": 2756, ""snapshots"": 28829, ""starting_bankroll"": 10000.0, ""strategy"": ""late_lotto_ticket"", ""venue"": ""kalshi""}
",760.0,0.0
10.0,152,0.0,36,1.0,-10.0,0.0,,152,10000.0,1520.0,60,0.03,30,0.001,0.0,-1520.0,0,/home/matt/workspace/kalshi-btc-15m-bot/runs/late_lotto_ticket/late-lotto-sweep-20260522T134139Z-w30-60-p0p03-min0p001-yes_only-n10p0,late-lotto-sweep-20260522T134139Z-w30-60-p0p03-min0p001-yes_only-n10p0,-6333943749133534.0,yes_only,2756,-1.0,28829,ok,,"air_pnl"": 0.0, ""unpaired_leftover_cost"": 1520.0, ""unpaired_leftover_payout"": 0.0, ""unpaired_leftover_pnl"": -1520.0, ""unpaired_no_pnl"": 0.0, ""unpaired_time_buckets"": {""yes:00-02m"": {""contracts"": 388474.613368, ""cost"": 1520.0, ""payout"": 0.0, ""pnl"": -1520.0}}, ""unpaired_yes_pnl"": -1520.0}, ""realized_pnl"": -1520.0, ""settled_markets"": 152, ""settlement_sources"": [""kalshi_api""], ""total_cost"": 1520.0}, ""reference_price_provenance"": {""composite_60s_reference_ticks"": 0, ""requested_source"": ""single_venue"", ""single_venue_ticks"": 28829, ""warnings"": []}, ""reference_price_source"": ""single_venue"", ""run_dir"": ""/home/matt/workspace/kalshi-btc-15m-bot/runs/late_lotto_ticket/late-lotto-sweep-20260522T134139Z-w30-60-p0p03-min0p001-yes_only-n10p0"", ""run_id"": ""late-lotto-sweep-20260522T134139Z-w30-60-p0p03-min0p001-yes_only-n10p0"", ""settled_positions"": 152, ""settlements_from_feed_db"": true, ""signals"": 2756, ""snapshots"": 28829, ""starting_bankroll"": 10000.0, ""strategy"": ""late_lotto_ticket"", ""venue"": ""kalshi""}
",1520.0,0.0
5.0,318,480.1587301587302,37,187.77095123961936,-5.0,272.77777777777777,,318,5000.0,1109.8412698412696,60,0.05,30,0.001,0.29533887629125727,-1109.8412698412696,0,/home/matt/workspace/kalshi-btc-15m-bot/runs/late_lotto_ticket/late-lotto-sweep-20260522T134139Z-w30-60-p0p05-min0p001-cheapest-n5p0,late-lotto-sweep-20260522T134139Z-w30-60-p0p05-min0p001-cheapest-n5p0,-3.037110048636783,cheapest,4980,13.339759239398438,28829,ok,,"red_no_pnl"": -334.8412698412698, ""unpaired_time_buckets"": {""no:00-02m"": {""contracts"": 193697.020873, ""cost"": 815.0, ""payout"": 480.158731, ""pnl"": -334.841269}, ""yes:00-02m"": {""contracts"": 190959.670622, ""cost"": 775.0, ""payout"": 0.0, ""pnl"": -775.0}}, ""unpaired_yes_pnl"": -775.0}, ""realized_pnl"": -1109.8412698412696, ""settled_markets"": 318, ""settlement_sources"": [""kalshi_api""], ""total_cost"": 1590.0}, ""reference_price_provenance"": {""composite_60s_reference_ticks"": 0, ""requested_source"": ""single_venue"", ""single_venue_ticks"": 28829, ""warnings"": []}, ""reference_price_source"": ""single_venue"", ""run_dir"": ""/home/matt/workspace/kalshi-btc-15m-bot/runs/late_lotto_ticket/late-lotto-sweep-20260522T134139Z-w30-60-p0p05-min0p001-cheapest-n5p0"", ""run_id"": ""late-lotto-sweep-20260522T134139Z-w30-60-p0p05-min0p001-cheapest-n5p0"", ""settled_positions"": 318, ""settlements_from_feed_db"": true, ""signals"": 4980, ""snapshots"": 28829, ""starting_bankroll"": 10000.0, ""strategy"": ""late_lotto_ticket"", ""venue"": ""kalshi""}
",1590.0,0.009433962264150943
10.0,318,960.3174603174604,38,187.77095123961936,-10.0,545.5555555555555,,318,10000.0,2219.6825396825393,60,0.05,30,0.001,0.29533887629125727,-2219.6825396825393,0,/home/matt/workspace/kalshi-btc-15m-bot/runs/late_lotto_ticket/late-lotto-sweep-20260522T134139Z-w30-60-p0p05-min0p001-cheapest-n10p0,late-lotto-sweep-20260522T134139Z-w30-60-p0p05-min0p001-cheapest-n10p0,-3.037110048636783,cheapest,4980,13.339759239398438,28829,ok,,"no_pnl"": -669.6825396825396, ""unpaired_time_buckets"": {""no:00-02m"": {""contracts"": 387394.041716, ""cost"": 1630.0, ""payout"": 960.31746, ""pnl"": -669.68254}, ""yes:00-02m"": {""contracts"": 381919.341237, ""cost"": 1550.0, ""payout"": 0.0, ""pnl"": -1550.0}}, ""unpaired_yes_pnl"": -1550.0}, ""realized_pnl"": -2219.6825396825393, ""settled_markets"": 318, ""settlement_sources"": [""kalshi_api""], ""total_cost"": 3180.0}, ""reference_price_provenance"": {""composite_60s_reference_ticks"": 0, ""requested_source"": ""single_venue"", ""single_venue_ticks"": 28829, ""warnings"": []}, ""reference_price_source"": ""single_venue"", ""run_dir"": ""/home/matt/workspace/kalshi-btc-15m-bot/runs/late_lotto_ticket/late-lotto-sweep-20260522T134139Z-w30-60-p0p05-min0p001-cheapest-n10p0"", ""run_id"": ""late-lotto-sweep-20260522T134139Z-w30-60-p0p05-min0p001-cheapest-n10p0"", ""settled_positions"": 318, ""settlements_from_feed_db"": true, ""signals"": 4980, ""snapshots"": 28829, ""starting_bankroll"": 10000.0, ""strategy"": ""late_lotto_ticket"", ""venue"": ""kalshi""}
",3180.0,0.009433962264150943
5.0,163,480.1587301587302,39,95.35246164568512,-5.0,272.77777777777777,,163,5000.0,334.8412698412698,60,0.05,30,0.001,0.5814484126984127,-334.8412698412698,0,/home/matt/workspace/kalshi-btc-15m-bot/runs/late_lotto_ticket/late-lotto-sweep-20260522T134139Z-w30-60-p0p05-min0p001-no_only-n5p0,late-lotto-sweep-20260522T134139Z-w30-60-p0p05-min0p001-no_only-n5p0,-1.2821234966189459,no_only,2218,9.475085267568167,28829,ok,,"npaired_leftover_payout"": 480.1587301587302, ""unpaired_leftover_pnl"": -334.8412698412698, ""unpaired_no_pnl"": -334.8412698412698, ""unpaired_time_buckets"": {""no:00-02m"": {""contracts"": 193697.020873, ""cost"": 815.0, ""payout"": 480.158731, ""pnl"": -334.841269}}, ""unpaired_yes_pnl"": 0.0}, ""realized_pnl"": -334.8412698412698, ""settled_markets"": 163, ""settlement_sources"": [""kalshi_api""], ""total_cost"": 815.0}, ""reference_price_provenance"": {""composite_60s_reference_ticks"": 0, ""requested_source"": ""single_venue"", ""single_venue_ticks"": 28829, ""warnings"": []}, ""reference_price_source"": ""single_venue"", ""run_dir"": ""/home/matt/workspace/kalshi-btc-15m-bot/runs/late_lotto_ticket/late-lotto-sweep-20260522T134139Z-w30-60-p0p05-min0p001-no_only-n5p0"", ""run_id"": ""late-lotto-sweep-20260522T134139Z-w30-60-p0p05-min0p001-no_only-n5p0"", ""settled_positions"": 163, ""settlements_from_feed_db"": true, ""signals"": 2218, ""snapshots"": 28829, ""starting_bankroll"": 10000.0, ""strategy"": ""late_lotto_ticket"", ""venue"": ""kalshi""}
",815.0,0.018404907975460124
10.0,163,960.3174603174604,40,95.35246164568512,-10.0,545.5555555555555,,163,10000.0,669.6825396825396,60,0.05,30,0.001,0.5814484126984127,-669.6825396825396,0,/home/matt/workspace/kalshi-btc-15m-bot/runs/late_lotto_ticket/late-lotto-sweep-20260522T134139Z-w30-60-p0p05-min0p001-no_only-n10p0,late-lotto-sweep-20260522T134139Z-w30-60-p0p05-min0p001-no_only-n10p0,-1.2821234966189459,no_only,2218,9.475085267568167,28829,ok,,"aired_leftover_payout"": 960.3174603174604, ""unpaired_leftover_pnl"": -669.6825396825396, ""unpaired_no_pnl"": -669.6825396825396, ""unpaired_time_buckets"": {""no:00-02m"": {""contracts"": 387394.041716, ""cost"": 1630.0, ""payout"": 960.31746, ""pnl"": -669.68254}}, ""unpaired_yes_pnl"": 0.0}, ""realized_pnl"": -669.6825396825396, ""settled_markets"": 163, ""settlement_sources"": [""kalshi_api""], ""total_cost"": 1630.0}, ""reference_price_provenance"": {""composite_60s_reference_ticks"": 0, ""requested_source"": ""single_venue"", ""single_venue_ticks"": 28829, ""warnings"": []}, ""reference_price_source"": ""single_venue"", ""run_dir"": ""/home/matt/workspace/kalshi-btc-15m-bot/runs/late_lotto_ticket/late-lotto-sweep-20260522T134139Z-w30-60-p0p05-min0p001-no_only-n10p0"", ""run_id"": ""late-lotto-sweep-20260522T134139Z-w30-60-p0p05-min0p001-no_only-n10p0"", ""settled_positions"": 163, ""settlements_from_feed_db"": true, ""signals"": 2218, ""snapshots"": 28829, ""starting_bankroll"": 10000.0, ""strategy"": ""late_lotto_ticket"", ""venue"": ""kalshi""}
",1630.0,0.018404907975460124
5.0,156,0.0,41,1.0,-5.0,0.0,,156,5000.0,780.0,60,0.05,30,0.001,0.0,-780.0,0,/home/matt/workspace/kalshi-btc-15m-bot/runs/late_lotto_ticket/late-lotto-sweep-20260522T134139Z-w30-60-p0p05-min0p001-yes_only-n5p0,late-lotto-sweep-20260522T134139Z-w30-60-p0p05-min0p001-yes_only-n5p0,-6001087740476013.0,yes_only,2764,-1.0,28829,ok,,"mpleted_pair_pnl"": 0.0, ""unpaired_leftover_cost"": 780.0, ""unpaired_leftover_payout"": 0.0, ""unpaired_leftover_pnl"": -780.0, ""unpaired_no_pnl"": 0.0, ""unpaired_time_buckets"": {""yes:00-02m"": {""contracts"": 191151.978314, ""cost"": 780.0, ""payout"": 0.0, ""pnl"": -780.0}}, ""unpaired_yes_pnl"": -780.0}, ""realized_pnl"": -780.0, ""settled_markets"": 156, ""settlement_sources"": [""kalshi_api""], ""total_cost"": 780.0}, ""reference_price_provenance"": {""composite_60s_reference_ticks"": 0, ""requested_source"": ""single_venue"", ""single_venue_ticks"": 28829, ""warnings"": []}, ""reference_price_source"": ""single_venue"", ""run_dir"": ""/home/matt/workspace/kalshi-btc-15m-bot/runs/late_lotto_ticket/late-lotto-sweep-20260522T134139Z-w30-60-p0p05-min0p001-yes_only-n5p0"", ""run_id"": ""late-lotto-sweep-20260522T134139Z-w30-60-p0p05-min0p001-yes_only-n5p0"", ""settled_positions"": 156, ""settlements_from_feed_db"": true, ""signals"": 2764, ""snapshots"": 28829, ""starting_bankroll"": 10000.0, ""strategy"": ""late_lotto_ticket"", ""venue"": ""kalshi""}
",780.0,0.0
10.0,156,0.0,42,1.0,-10.0,0.0,,156,10000.0,1560.0,60,0.05,30,0.001,0.0,-1560.0,0,/home/matt/workspace/kalshi-btc-15m-bot/runs/late_lotto_ticket/late-lotto-sweep-20260522T134139Z-w30-60-p0p05-min0p001-yes_only-n10p0,late-lotto-sweep-20260522T134139Z-w30-60-p0p05-min0p001-yes_only-n10p0,-6001087740476013.0,yes_only,2764,-1.0,28829,ok,,"air_pnl"": 0.0, ""unpaired_leftover_cost"": 1560.0, ""unpaired_leftover_payout"": 0.0, ""unpaired_leftover_pnl"": -1560.0, ""unpaired_no_pnl"": 0.0, ""unpaired_time_buckets"": {""yes:00-02m"": {""contracts"": 382303.956622, ""cost"": 1560.0, ""payout"": 0.0, ""pnl"": -1560.0}}, ""unpaired_yes_pnl"": -1560.0}, ""realized_pnl"": -1560.0, ""settled_markets"": 156, ""settlement_sources"": [""kalshi_api""], ""total_cost"": 1560.0}, ""reference_price_provenance"": {""composite_60s_reference_ticks"": 0, ""requested_source"": ""single_venue"", ""single_venue_ticks"": 28829, ""warnings"": []}, ""reference_price_source"": ""single_venue"", ""run_dir"": ""/home/matt/workspace/kalshi-btc-15m-bot/runs/late_lotto_ticket/late-lotto-sweep-20260522T134139Z-w30-60-p0p05-min0p001-yes_only-n10p0"", ""run_id"": ""late-lotto-sweep-20260522T134139Z-w30-60-p0p05-min0p001-yes_only-n10p0"", ""settled_positions"": 156, ""settlements_from_feed_db"": true, ""signals"": 2764, ""snapshots"": 28829, ""starting_bankroll"": 10000.0, ""strategy"": ""late_lotto_ticket"", ""venue"": ""kalshi""}
",1560.0,0.0
5.0,186,0.0,43,1.0,-5.0,0.0,,186,5000.0,930.0,90,0.003,45,0.001,0.0,-930.0,0,/home/matt/workspace/kalshi-btc-15m-bot/runs/late_lotto_ticket/late-lotto-sweep-20260522T134139Z-w45-90-p0p003-min0p001-cheapest-n5p0,late-lotto-sweep-20260522T134139Z-w45-90-p0p003-min0p001-cheapest-n5p0,-3.802665853749761e+16,cheapest,3002,-1.0,28829,ok,,"paired_leftover_pnl"": -930.0, ""unpaired_no_pnl"": -485.0, ""unpaired_time_buckets"": {""no:00-02m"": {""contracts"": 224386.904772, ""cost"": 485.0, ""payout"": 0.0, ""pnl"": -485.0}, ""yes:00-02m"": {""contracts"": 215777.777786, ""cost"": 445.0, ""payout"": 0.0, ""pnl"": -445.0}}, ""unpaired_yes_pnl"": -445.0}, ""realized_pnl"": -930.0, ""settled_markets"": 186, ""settlement_sources"": [""kalshi_api""], ""total_cost"": 930.0}, ""reference_price_provenance"": {""composite_60s_reference_ticks"": 0, ""requested_source"": ""single_venue"", ""single_venue_ticks"": 28829, ""warnings"": []}, ""reference_price_source"": ""single_venue"", ""run_dir"": ""/home/matt/workspace/kalshi-btc-15m-bot/runs/late_lotto_ticket/late-lotto-sweep-20260522T134139Z-w45-90-p0p003-min0p001-cheapest-n5p0"", ""run_id"": ""late-lotto-sweep-20260522T134139Z-w45-90-p0p003-min0p001-cheapest-n5p0"", ""settled_positions"": 186, ""settlements_from_feed_db"": true, ""signals"": 3002, ""snapshots"": 28829, ""starting_bankroll"": 10000.0, ""strategy"": ""late_lotto_ticket"", ""venue"": ""kalshi""}
",930.0,0.0
10.0,186,0.0,44,1.0,-10.0,0.0,,186,10000.0,1860.0,90,0.003,45,0.001,0.0,-1860.0,0,/home/matt/workspace/kalshi-btc-15m-bot/runs/late_lotto_ticket/late-lotto-sweep-20260522T134139Z-w45-90-p0p003-min0p001-cheapest-n10p0,late-lotto-sweep-20260522T134139Z-w45-90-p0p003-min0p001-cheapest-n10p0,-3.802665853749761e+16,cheapest,3002,-1.0,28829,ok,,"d_leftover_pnl"": -1860.0, ""unpaired_no_pnl"": -970.0, ""unpaired_time_buckets"": {""no:00-02m"": {""contracts"": 448773.809514, ""cost"": 970.0, ""payout"": 0.0, ""pnl"": -970.0}, ""yes:00-02m"": {""contracts"": 431555.555548, ""cost"": 890.0, ""payout"": 0.0, ""pnl"": -890.0}}, ""unpaired_yes_pnl"": -890.0}, ""realized_pnl"": -1860.0, ""settled_markets"": 186, ""settlement_sources"": [""kalshi_api""], ""total_cost"": 1860.0}, ""reference_price_provenance"": {""composite_60s_reference_ticks"": 0, ""requested_source"": ""single_venue"", ""single_venue_ticks"": 28829, ""warnings"": []}, ""reference_price_source"": ""single_venue"", ""run_dir"": ""/home/matt/workspace/kalshi-btc-15m-bot/runs/late_lotto_ticket/late-lotto-sweep-20260522T134139Z-w45-90-p0p003-min0p001-cheapest-n10p0"", ""run_id"": ""late-lotto-sweep-20260522T134139Z-w45-90-p0p003-min0p001-cheapest-n10p0"", ""settled_positions"": 186, ""settlements_from_feed_db"": true, ""signals"": 3002, ""snapshots"": 28829, ""starting_bankroll"": 10000.0, ""strategy"": ""late_lotto_ticket"", ""venue"": ""kalshi""}
",1860.0,0.0
5.0,97,0.0,45,1.0,-5.0,0.0,,97,5000.0,485.0,90,0.003,45,0.001,0.0,-485.0,0,/home/matt/workspace/kalshi-btc-15m-bot/runs/late_lotto_ticket/late-lotto-sweep-20260522T134139Z-w45-90-p0p003-min0p001-no_only-n5p0,late-lotto-sweep-20260522T134139Z-w45-90-p0p003-min0p001-no_only-n5p0,-8128337751741917.0,no_only,1315,-1.0,28829,ok,,"""completed_pair_pnl"": 0.0, ""unpaired_leftover_cost"": 485.0, ""unpaired_leftover_payout"": 0.0, ""unpaired_leftover_pnl"": -485.0, ""unpaired_no_pnl"": -485.0, ""unpaired_time_buckets"": {""no:00-02m"": {""contracts"": 224386.904772, ""cost"": 485.0, ""payout"": 0.0, ""pnl"": -485.0}}, ""unpaired_yes_pnl"": 0.0}, ""realized_pnl"": -485.0, ""settled_markets"": 97, ""settlement_sources"": [""kalshi_api""], ""total_cost"": 485.0}, ""reference_price_provenance"": {""composite_60s_reference_ticks"": 0, ""requested_source"": ""single_venue"", ""single_venue_ticks"": 28829, ""warnings"": []}, ""reference_price_source"": ""single_venue"", ""run_dir"": ""/home/matt/workspace/kalshi-btc-15m-bot/runs/late_lotto_ticket/late-lotto-sweep-20260522T134139Z-w45-90-p0p003-min0p001-no_only-n5p0"", ""run_id"": ""late-lotto-sweep-20260522T134139Z-w45-90-p0p003-min0p001-no_only-n5p0"", ""settled_positions"": 97, ""settlements_from_feed_db"": true, ""signals"": 1315, ""snapshots"": 28829, ""starting_bankroll"": 10000.0, ""strategy"": ""late_lotto_ticket"", ""venue"": ""kalshi""}
",485.0,0.0
10.0,97,0.0,46,1.0,-10.0,0.0,,97,10000.0,970.0,90,0.003,45,0.001,0.0,-970.0,0,/home/matt/workspace/kalshi-btc-15m-bot/runs/late_lotto_ticket/late-lotto-sweep-20260522T134139Z-w45-90-p0p003-min0p001-no_only-n10p0,late-lotto-sweep-20260522T134139Z-w45-90-p0p003-min0p001-no_only-n10p0,-8128337751741917.0,no_only,1315,-1.0,28829,ok,,"ompleted_pair_pnl"": 0.0, ""unpaired_leftover_cost"": 970.0, ""unpaired_leftover_payout"": 0.0, ""unpaired_leftover_pnl"": -970.0, ""unpaired_no_pnl"": -970.0, ""unpaired_time_buckets"": {""no:00-02m"": {""contracts"": 448773.809514, ""cost"": 970.0, ""payout"": 0.0, ""pnl"": -970.0}}, ""unpaired_yes_pnl"": 0.0}, ""realized_pnl"": -970.0, ""settled_markets"": 97, ""settlement_sources"": [""kalshi_api""], ""total_cost"": 970.0}, ""reference_price_provenance"": {""composite_60s_reference_ticks"": 0, ""requested_source"": ""single_venue"", ""single_venue_ticks"": 28829, ""warnings"": []}, ""reference_price_source"": ""single_venue"", ""run_dir"": ""/home/matt/workspace/kalshi-btc-15m-bot/runs/late_lotto_ticket/late-lotto-sweep-20260522T134139Z-w45-90-p0p003-min0p001-no_only-n10p0"", ""run_id"": ""late-lotto-sweep-20260522T134139Z-w45-90-p0p003-min0p001-no_only-n10p0"", ""settled_positions"": 97, ""settlements_from_feed_db"": true, ""signals"": 1315, ""snapshots"": 28829, ""starting_bankroll"": 10000.0, ""strategy"": ""late_lotto_ticket"", ""venue"": ""kalshi""}
",970.0,0.0
5.0,89,0.0,47,1.0,-5.0,0.0,,89,5000.0,445.0,90,0.003,45,0.001,0.0,-445.0,0,/home/matt/workspace/kalshi-btc-15m-bot/runs/late_lotto_ticket/late-lotto-sweep-20260522T134139Z-w45-90-p0p003-min0p001-yes_only-n5p0,late-lotto-sweep-20260522T134139Z-w45-90-p0p003-min0p001-yes_only-n5p0,-8749495417360875.0,yes_only,1687,-1.0,28829,ok,,"mpleted_pair_pnl"": 0.0, ""unpaired_leftover_cost"": 445.0, ""unpaired_leftover_payout"": 0.0, ""unpaired_leftover_pnl"": -445.0, ""unpaired_no_pnl"": 0.0, ""unpaired_time_buckets"": {""yes:00-02m"": {""contracts"": 215777.777786, ""cost"": 445.0, ""payout"": 0.0, ""pnl"": -445.0}}, ""unpaired_yes_pnl"": -445.0}, ""realized_pnl"": -445.0, ""settled_markets"": 89, ""settlement_sources"": [""kalshi_api""], ""total_cost"": 445.0}, ""reference_price_provenance"": {""composite_60s_reference_ticks"": 0, ""requested_source"": ""single_venue"", ""single_venue_ticks"": 28829, ""warnings"": []}, ""reference_price_source"": ""single_venue"", ""run_dir"": ""/home/matt/workspace/kalshi-btc-15m-bot/runs/late_lotto_ticket/late-lotto-sweep-20260522T134139Z-w45-90-p0p003-min0p001-yes_only-n5p0"", ""run_id"": ""late-lotto-sweep-20260522T134139Z-w45-90-p0p003-min0p001-yes_only-n5p0"", ""settled_positions"": 89, ""settlements_from_feed_db"": true, ""signals"": 1687, ""snapshots"": 28829, ""starting_bankroll"": 10000.0, ""strategy"": ""late_lotto_ticket"", ""venue"": ""kalshi""}
",445.0,0.0
10.0,89,0.0,48,1.0,-10.0,0.0,,89,10000.0,890.0,90,0.003,45,0.001,0.0,-890.0,0,/home/matt/workspace/kalshi-btc-15m-bot/runs/late_lotto_ticket/late-lotto-sweep-20260522T134139Z-w45-90-p0p003-min0p001-yes_only-n10p0,late-lotto-sweep-20260522T134139Z-w45-90-p0p003-min0p001-yes_only-n10p0,-8749495417360875.0,yes_only,1687,-1.0,28829,ok,,"leted_pair_pnl"": 0.0, ""unpaired_leftover_cost"": 890.0, ""unpaired_leftover_payout"": 0.0, ""unpaired_leftover_pnl"": -890.0, ""unpaired_no_pnl"": 0.0, ""unpaired_time_buckets"": {""yes:00-02m"": {""contracts"": 431555.555548, ""cost"": 890.0, ""payout"": 0.0, ""pnl"": -890.0}}, ""unpaired_yes_pnl"": -890.0}, ""realized_pnl"": -890.0, ""settled_markets"": 89, ""settlement_sources"": [""kalshi_api""], ""total_cost"": 890.0}, ""reference_price_provenance"": {""composite_60s_reference_ticks"": 0, ""requested_source"": ""single_venue"", ""single_venue_ticks"": 28829, ""warnings"": []}, ""reference_price_source"": ""single_venue"", ""run_dir"": ""/home/matt/workspace/kalshi-btc-15m-bot/runs/late_lotto_ticket/late-lotto-sweep-20260522T134139Z-w45-90-p0p003-min0p001-yes_only-n10p0"", ""run_id"": ""late-lotto-sweep-20260522T134139Z-w45-90-p0p003-min0p001-yes_only-n10p0"", ""settled_positions"": 89, ""settlements_from_feed_db"": true, ""signals"": 1687, ""snapshots"": 28829, ""starting_bankroll"": 10000.0, ""strategy"": ""late_lotto_ticket"", ""venue"": ""kalshi""}
",890.0,0.0
5.0,221,1250.0,49,219.00454545453974,-5.0,1245.0,8.586206896551724,221,5000.0,895.0,90,0.005,45,0.001,1.1318181818181818,145.0,0,/home/matt/workspace/kalshi-btc-15m-bot/runs/late_lotto_ticket/late-lotto-sweep-20260522T134139Z-w45-90-p0p005-min0p001-cheapest-n5p0,late-lotto-sweep-20260522T134139Z-w45-90-p0p005-min0p001-cheapest-n5p0,0.12386885489367029,cheapest,2990,14.764976987944559,28829,ok,,"paired_leftover_pnl"": 145.0, ""unpaired_no_pnl"": 680.0, ""unpaired_time_buckets"": {""no:00-02m"": {""contracts"": 212672.619054, ""cost"": 570.0, ""payout"": 1250.0, ""pnl"": 680.0}, ""yes:00-02m"": {""contracts"": 207668.345549, ""cost"": 535.0, ""payout"": 0.0, ""pnl"": -535.0}}, ""unpaired_yes_pnl"": -535.0}, ""realized_pnl"": 145.0, ""settled_markets"": 221, ""settlement_sources"": [""kalshi_api""], ""total_cost"": 1105.0}, ""reference_price_provenance"": {""composite_60s_reference_ticks"": 0, ""requested_source"": ""single_venue"", ""single_venue_ticks"": 28829, ""warnings"": []}, ""reference_price_source"": ""single_venue"", ""run_dir"": ""/home/matt/workspace/kalshi-btc-15m-bot/runs/late_lotto_ticket/late-lotto-sweep-20260522T134139Z-w45-90-p0p005-min0p001-cheapest-n5p0"", ""run_id"": ""late-lotto-sweep-20260522T134139Z-w45-90-p0p005-min0p001-cheapest-n5p0"", ""settled_positions"": 221, ""settlements_from_feed_db"": true, ""signals"": 2990, ""snapshots"": 28829, ""starting_bankroll"": 10000.0, ""strategy"": ""late_lotto_ticket"", ""venue"": ""kalshi""}
",1105.0,0.004524886877828055
10.0,221,2500.0,50,219.00454545453974,-10.0,2490.0,8.586206896551724,221,10000.0,1790.0,90,0.005,45,0.001,1.1318181818181818,290.0,0,/home/matt/workspace/kalshi-btc-15m-bot/runs/late_lotto_ticket/late-lotto-sweep-20260522T134139Z-w45-90-p0p005-min0p001-cheapest-n10p0,late-lotto-sweep-20260522T134139Z-w45-90-p0p005-min0p001-cheapest-n10p0,0.12386885489367029,cheapest,2990,14.764976987944559,28829,ok,,"eftover_pnl"": 290.0, ""unpaired_no_pnl"": 1360.0, ""unpaired_time_buckets"": {""no:00-02m"": {""contracts"": 425345.238089, ""cost"": 1140.0, ""payout"": 2500.0, ""pnl"": 1360.0}, ""yes:00-02m"": {""contracts"": 415336.691083, ""cost"": 1070.0, ""payout"": 0.0, ""pnl"": -1070.0}}, ""unpaired_yes_pnl"": -1070.0}, ""realized_pnl"": 290.0, ""settled_markets"": 221, ""settlement_sources"": [""kalshi_api""], ""total_cost"": 2210.0}, ""reference_price_provenance"": {""composite_60s_reference_ticks"": 0, ""requested_source"": ""single_venue"", ""single_venue_ticks"": 28829, ""warnings"": []}, ""reference_price_source"": ""single_venue"", ""run_dir"": ""/home/matt/workspace/kalshi-btc-15m-bot/runs/late_lotto_ticket/late-lotto-sweep-20260522T134139Z-w45-90-p0p005-min0p001-cheapest-n10p0"", ""run_id"": ""late-lotto-sweep-20260522T134139Z-w45-90-p0p005-min0p001-cheapest-n10p0"", ""settled_positions"": 221, ""settlements_from_feed_db"": true, ""signals"": 2990, ""snapshots"": 28829, ""starting_bankroll"": 10000.0, ""strategy"": ""late_lotto_ticket"", ""venue"": ""kalshi""}
",2210.0,0.004524886877828055
5.0,114,1250.0,51,112.00884955752022,-5.0,1245.0,1.8308823529411764,114,5000.0,470.0,90,0.005,45,0.001,2.2035398230088497,680.0,0,/home/matt/workspace/kalshi-btc-15m-bot/runs/late_lotto_ticket/late-lotto-sweep-20260522T134139Z-w45-90-p0p005-min0p001-no_only-n5p0,late-lotto-sweep-20260522T134139Z-w45-90-p0p005-min0p001-no_only-n5p0,0.8088104325424221,no_only,1328,10.536073725896166,28829,ok,,"pleted_pair_pnl"": 0.0, ""unpaired_leftover_cost"": 570.0, ""unpaired_leftover_payout"": 1250.0, ""unpaired_leftover_pnl"": 680.0, ""unpaired_no_pnl"": 680.0, ""unpaired_time_buckets"": {""no:00-02m"": {""contracts"": 212672.619054, ""cost"": 570.0, ""payout"": 1250.0, ""pnl"": 680.0}}, ""unpaired_yes_pnl"": 0.0}, ""realized_pnl"": 680.0, ""settled_markets"": 114, ""settlement_sources"": [""kalshi_api""], ""total_cost"": 570.0}, ""reference_price_provenance"": {""composite_60s_reference_ticks"": 0, ""requested_source"": ""single_venue"", ""single_venue_ticks"": 28829, ""warnings"": []}, ""reference_price_source"": ""single_venue"", ""run_dir"": ""/home/matt/workspace/kalshi-btc-15m-bot/runs/late_lotto_ticket/late-lotto-sweep-20260522T134139Z-w45-90-p0p005-min0p001-no_only-n5p0"", ""run_id"": ""late-lotto-sweep-20260522T134139Z-w45-90-p0p005-min0p001-no_only-n5p0"", ""settled_positions"": 114, ""settlements_from_feed_db"": true, ""signals"": 1328, ""snapshots"": 28829, ""starting_bankroll"": 10000.0, ""strategy"": ""late_lotto_ticket"", ""venue"": ""kalshi""}
",570.0,0.008771929824561403
10.0,114,2500.0,52,112.00884955752022,-10.0,2490.0,1.8308823529411764,114,10000.0,940.0,90,0.005,45,0.001,2.2035398230088497,1360.0,0,/home/matt/workspace/kalshi-btc-15m-bot/runs/late_lotto_ticket/late-lotto-sweep-20260522T134139Z-w45-90-p0p005-min0p001-no_only-n10p0,late-lotto-sweep-20260522T134139Z-w45-90-p0p005-min0p001-no_only-n10p0,0.8088104325424221,no_only,1328,10.536073725896166,28829,ok,,"ir_pnl"": 0.0, ""unpaired_leftover_cost"": 1140.0, ""unpaired_leftover_payout"": 2500.0, ""unpaired_leftover_pnl"": 1360.0, ""unpaired_no_pnl"": 1360.0, ""unpaired_time_buckets"": {""no:00-02m"": {""contracts"": 425345.238089, ""cost"": 1140.0, ""payout"": 2500.0, ""pnl"": 1360.0}}, ""unpaired_yes_pnl"": 0.0}, ""realized_pnl"": 1360.0, ""settled_markets"": 114, ""settlement_sources"": [""kalshi_api""], ""total_cost"": 1140.0}, ""reference_price_provenance"": {""composite_60s_reference_ticks"": 0, ""requested_source"": ""single_venue"", ""single_venue_ticks"": 28829, ""warnings"": []}, ""reference_price_source"": ""single_venue"", ""run_dir"": ""/home/matt/workspace/kalshi-btc-15m-bot/runs/late_lotto_ticket/late-lotto-sweep-20260522T134139Z-w45-90-p0p005-min0p001-no_only-n10p0"", ""run_id"": ""late-lotto-sweep-20260522T134139Z-w45-90-p0p005-min0p001-no_only-n10p0"", ""settled_positions"": 114, ""settlements_from_feed_db"": true, ""signals"": 1328, ""snapshots"": 28829, ""starting_bankroll"": 10000.0, ""strategy"": ""late_lotto_ticket"", ""venue"": ""kalshi""}
",1140.0,0.008771929824561403
5.0,107,0.0,53,1.0,-5.0,0.0,,107,5000.0,535.0,90,0.005,45,0.001,0.0,-535.0,0,/home/matt/workspace/kalshi-btc-15m-bot/runs/late_lotto_ticket/late-lotto-sweep-20260522T134139Z-w45-90-p0p005-min0p001-yes_only-n5p0,late-lotto-sweep-20260522T134139Z-w45-90-p0p005-min0p001-yes_only-n5p0,-7590140450630934.0,yes_only,1662,-1.0,28829,ok,,"leted_pair_pnl"": 0.0, ""unpaired_leftover_cost"": 535.0, ""unpaired_leftover_payout"": 0.0, ""unpaired_leftover_pnl"": -535.0, ""unpaired_no_pnl"": 0.0, ""unpaired_time_buckets"": {""yes:00-02m"": {""contracts"": 207668.345549, ""cost"": 535.0, ""payout"": 0.0, ""pnl"": -535.0}}, ""unpaired_yes_pnl"": -535.0}, ""realized_pnl"": -535.0, ""settled_markets"": 107, ""settlement_sources"": [""kalshi_api""], ""total_cost"": 535.0}, ""reference_price_provenance"": {""composite_60s_reference_ticks"": 0, ""requested_source"": ""single_venue"", ""single_venue_ticks"": 28829, ""warnings"": []}, ""reference_price_source"": ""single_venue"", ""run_dir"": ""/home/matt/workspace/kalshi-btc-15m-bot/runs/late_lotto_ticket/late-lotto-sweep-20260522T134139Z-w45-90-p0p005-min0p001-yes_only-n5p0"", ""run_id"": ""late-lotto-sweep-20260522T134139Z-w45-90-p0p005-min0p001-yes_only-n5p0"", ""settled_positions"": 107, ""settlements_from_feed_db"": true, ""signals"": 1662, ""snapshots"": 28829, ""starting_bankroll"": 10000.0, ""strategy"": ""late_lotto_ticket"", ""venue"": ""kalshi""}
",535.0,0.0
10.0,107,0.0,54,1.0,-10.0,0.0,,107,10000.0,1070.0,90,0.005,45,0.001,0.0,-1070.0,0,/home/matt/workspace/kalshi-btc-15m-bot/runs/late_lotto_ticket/late-lotto-sweep-20260522T134139Z-w45-90-p0p005-min0p001-yes_only-n10p0,late-lotto-sweep-20260522T134139Z-w45-90-p0p005-min0p001-yes_only-n10p0,-7590140450630934.0,yes_only,1662,-1.0,28829,ok,,"r_pnl"": 0.0, ""unpaired_leftover_cost"": 1070.0, ""unpaired_leftover_payout"": 0.0, ""unpaired_leftover_pnl"": -1070.0, ""unpaired_no_pnl"": 0.0, ""unpaired_time_buckets"": {""yes:00-02m"": {""contracts"": 415336.691083, ""cost"": 1070.0, ""payout"": 0.0, ""pnl"": -1070.0}}, ""unpaired_yes_pnl"": -1070.0}, ""realized_pnl"": -1070.0, ""settled_markets"": 107, ""settlement_sources"": [""kalshi_api""], ""total_cost"": 1070.0}, ""reference_price_provenance"": {""composite_60s_reference_ticks"": 0, ""requested_source"": ""single_venue"", ""single_venue_ticks"": 28829, ""warnings"": []}, ""reference_price_source"": ""single_venue"", ""run_dir"": ""/home/matt/workspace/kalshi-btc-15m-bot/runs/late_lotto_ticket/late-lotto-sweep-20260522T134139Z-w45-90-p0p005-min0p001-yes_only-n10p0"", ""run_id"": ""late-lotto-sweep-20260522T134139Z-w45-90-p0p005-min0p001-yes_only-n10p0"", ""settled_positions"": 107, ""settlements_from_feed_db"": true, ""signals"": 1662, ""snapshots"": 28829, ""starting_bankroll"": 10000.0, ""strategy"": ""late_lotto_ticket"", ""venue"": ""kalshi""}
",1070.0,0.0
5.0,266,1833.3333333333335,55,150.76445154848588,-5.0,995.0,1.9768211920529803,266,5000.0,507.2222222222223,90,0.01,45,0.001,1.3827629911280102,503.33333333333326,0,/home/matt/workspace/kalshi-btc-15m-bot/runs/late_lotto_ticket/late-lotto-sweep-20260522T134139Z-w45-90-p0p01-min0p001-cheapest-n5p0,late-lotto-sweep-20260522T134139Z-w45-90-p0p01-min0p001-cheapest-n5p0,0.4172877443118418,cheapest,3053,11.802286992445842,28829,ok,,"red_no_pnl"": 1133.3333333333335, ""unpaired_time_buckets"": {""no:00-02m"": {""contracts"": 205579.461693, ""cost"": 700.0, ""payout"": 1833.333334, ""pnl"": 1133.333334}, ""yes:00-02m"": {""contracts"": 194806.554041, ""cost"": 630.0, ""payout"": 0.0, ""pnl"": -630.0}}, ""unpaired_yes_pnl"": -630.0}, ""realized_pnl"": 503.33333333333326, ""settled_markets"": 266, ""settlement_sources"": [""kalshi_api""], ""total_cost"": 1330.0}, ""reference_price_provenance"": {""composite_60s_reference_ticks"": 0, ""requested_source"": ""single_venue"", ""single_venue_ticks"": 28829, ""warnings"": []}, ""reference_price_source"": ""single_venue"", ""run_dir"": ""/home/matt/workspace/kalshi-btc-15m-bot/runs/late_lotto_ticket/late-lotto-sweep-20260522T134139Z-w45-90-p0p01-min0p001-cheapest-n5p0"", ""run_id"": ""late-lotto-sweep-20260522T134139Z-w45-90-p0p01-min0p001-cheapest-n5p0"", ""settled_positions"": 266, ""settlements_from_feed_db"": true, ""signals"": 3053, ""snapshots"": 28829, ""starting_bankroll"": 10000.0, ""strategy"": ""late_lotto_ticket"", ""venue"": ""kalshi""}
",1330.0,0.011278195488721804
10.0,266,3666.666666666667,56,150.76445154848588,-10.0,1990.0,1.9768211920529803,266,10000.0,1014.4444444444446,90,0.01,45,0.001,1.3827629911280102,1006.6666666666665,0,/home/matt/workspace/kalshi-btc-15m-bot/runs/late_lotto_ticket/late-lotto-sweep-20260522T134139Z-w45-90-p0p01-min0p001-cheapest-n10p0,late-lotto-sweep-20260522T134139Z-w45-90-p0p01-min0p001-cheapest-n10p0,0.4172877443118418,cheapest,3053,11.802286992445842,28829,ok,,"o_pnl"": 2266.666666666667, ""unpaired_time_buckets"": {""no:00-02m"": {""contracts"": 411158.923379, ""cost"": 1400.0, ""payout"": 3666.666667, ""pnl"": 2266.666667}, ""yes:00-02m"": {""contracts"": 389613.108085, ""cost"": 1260.0, ""payout"": 0.0, ""pnl"": -1260.0}}, ""unpaired_yes_pnl"": -1260.0}, ""realized_pnl"": 1006.6666666666665, ""settled_markets"": 266, ""settlement_sources"": [""kalshi_api""], ""total_cost"": 2660.0}, ""reference_price_provenance"": {""composite_60s_reference_ticks"": 0, ""requested_source"": ""single_venue"", ""single_venue_ticks"": 28829, ""warnings"": []}, ""reference_price_source"": ""single_venue"", ""run_dir"": ""/home/matt/workspace/kalshi-btc-15m-bot/runs/late_lotto_ticket/late-lotto-sweep-20260522T134139Z-w45-90-p0p01-min0p001-cheapest-n10p0"", ""run_id"": ""late-lotto-sweep-20260522T134139Z-w45-90-p0p01-min0p001-cheapest-n10p0"", ""settled_positions"": 266, ""settlements_from_feed_db"": true, ""signals"": 3053, ""snapshots"": 28829, ""starting_bankroll"": 10000.0, ""strategy"": ""late_lotto_ticket"", ""venue"": ""kalshi""}
",2660.0,0.011278195488721804
5.0,140,1833.3333333333335,57,78.52309758749522,-5.0,995.0,0.8779411764705881,140,5000.0,240.0,90,0.01,45,0.001,2.6545012165450124,1133.3333333333335,0,/home/matt/workspace/kalshi-btc-15m-bot/runs/late_lotto_ticket/late-lotto-sweep-20260522T134139Z-w45-90-p0p01-min0p001-no_only-n5p0,late-lotto-sweep-20260522T134139Z-w45-90-p0p01-min0p001-no_only-n5p0,1.2983192729635298,no_only,1354,8.481132125563832,28829,ok,,"aired_leftover_payout"": 1833.3333333333335, ""unpaired_leftover_pnl"": 1133.3333333333335, ""unpaired_no_pnl"": 1133.3333333333335, ""unpaired_time_buckets"": {""no:00-02m"": {""contracts"": 205579.461693, ""cost"": 700.0, ""payout"": 1833.333334, ""pnl"": 1133.333334}}, ""unpaired_yes_pnl"": 0.0}, ""realized_pnl"": 1133.3333333333335, ""settled_markets"": 140, ""settlement_sources"": [""kalshi_api""], ""total_cost"": 700.0}, ""reference_price_provenance"": {""composite_60s_reference_ticks"": 0, ""requested_source"": ""single_venue"", ""single_venue_ticks"": 28829, ""warnings"": []}, ""reference_price_source"": ""single_venue"", ""run_dir"": ""/home/matt/workspace/kalshi-btc-15m-bot/runs/late_lotto_ticket/late-lotto-sweep-20260522T134139Z-w45-90-p0p01-min0p001-no_only-n5p0"", ""run_id"": ""late-lotto-sweep-20260522T134139Z-w45-90-p0p01-min0p001-no_only-n5p0"", ""settled_positions"": 140, ""settlements_from_feed_db"": true, ""signals"": 1354, ""snapshots"": 28829, ""starting_bankroll"": 10000.0, ""strategy"": ""late_lotto_ticket"", ""venue"": ""kalshi""}
",700.0,0.02142857142857143
10.0,140,3666.666666666667,58,78.52309758749522,-10.0,1990.0,0.8779411764705881,140,10000.0,480.0,90,0.01,45,0.001,2.6545012165450124,2266.666666666667,0,/home/matt/workspace/kalshi-btc-15m-bot/runs/late_lotto_ticket/late-lotto-sweep-20260522T134139Z-w45-90-p0p01-min0p001-no_only-n10p0,late-lotto-sweep-20260522T134139Z-w45-90-p0p01-min0p001-no_only-n10p0,1.2983192729635298,no_only,1354,8.481132125563832,28829,ok,,"aired_leftover_payout"": 3666.666666666667, ""unpaired_leftover_pnl"": 2266.666666666667, ""unpaired_no_pnl"": 2266.666666666667, ""unpaired_time_buckets"": {""no:00-02m"": {""contracts"": 411158.923379, ""cost"": 1400.0, ""payout"": 3666.666667, ""pnl"": 2266.666667}}, ""unpaired_yes_pnl"": 0.0}, ""realized_pnl"": 2266.666666666667, ""settled_markets"": 140, ""settlement_sources"": [""kalshi_api""], ""total_cost"": 1400.0}, ""reference_price_provenance"": {""composite_60s_reference_ticks"": 0, ""requested_source"": ""single_venue"", ""single_venue_ticks"": 28829, ""warnings"": []}, ""reference_price_source"": ""single_venue"", ""run_dir"": ""/home/matt/workspace/kalshi-btc-15m-bot/runs/late_lotto_ticket/late-lotto-sweep-20260522T134139Z-w45-90-p0p01-min0p001-no_only-n10p0"", ""run_id"": ""late-lotto-sweep-20260522T134139Z-w45-90-p0p01-min0p001-no_only-n10p0"", ""settled_positions"": 140, ""settlements_from_feed_db"": true, ""signals"": 1354, ""snapshots"": 28829, ""starting_bankroll"": 10000.0, ""strategy"": ""late_lotto_ticket"", ""venue"": ""kalshi""}
",1400.0,0.02142857142857143
5.0,126,0.0,59,1.0,-5.0,0.0,,126,5000.0,630.0,90,0.01,45,0.001,0.0,-630.0,0,/home/matt/workspace/kalshi-btc-15m-bot/runs/late_lotto_ticket/late-lotto-sweep-20260522T134139Z-w45-90-p0p01-min0p001-yes_only-n5p0,late-lotto-sweep-20260522T134139Z-w45-90-p0p01-min0p001-yes_only-n5p0,-6701944702106506.0,yes_only,1699,-1.0,28829,ok,,"mpleted_pair_pnl"": 0.0, ""unpaired_leftover_cost"": 630.0, ""unpaired_leftover_payout"": 0.0, ""unpaired_leftover_pnl"": -630.0, ""unpaired_no_pnl"": 0.0, ""unpaired_time_buckets"": {""yes:00-02m"": {""contracts"": 194806.554041, ""cost"": 630.0, ""payout"": 0.0, ""pnl"": -630.0}}, ""unpaired_yes_pnl"": -630.0}, ""realized_pnl"": -630.0, ""settled_markets"": 126, ""settlement_sources"": [""kalshi_api""], ""total_cost"": 630.0}, ""reference_price_provenance"": {""composite_60s_reference_ticks"": 0, ""requested_source"": ""single_venue"", ""single_venue_ticks"": 28829, ""warnings"": []}, ""reference_price_source"": ""single_venue"", ""run_dir"": ""/home/matt/workspace/kalshi-btc-15m-bot/runs/late_lotto_ticket/late-lotto-sweep-20260522T134139Z-w45-90-p0p01-min0p001-yes_only-n5p0"", ""run_id"": ""late-lotto-sweep-20260522T134139Z-w45-90-p0p01-min0p001-yes_only-n5p0"", ""settled_positions"": 126, ""settlements_from_feed_db"": true, ""signals"": 1699, ""snapshots"": 28829, ""starting_bankroll"": 10000.0, ""strategy"": ""late_lotto_ticket"", ""venue"": ""kalshi""}
",630.0,0.0
10.0,126,0.0,60,1.0,-10.0,0.0,,126,10000.0,1260.0,90,0.01,45,0.001,0.0,-1260.0,0,/home/matt/workspace/kalshi-btc-15m-bot/runs/late_lotto_ticket/late-lotto-sweep-20260522T134139Z-w45-90-p0p01-min0p001-yes_only-n10p0,late-lotto-sweep-20260522T134139Z-w45-90-p0p01-min0p001-yes_only-n10p0,-6701944702106506.0,yes_only,1699,-1.0,28829,ok,,"air_pnl"": 0.0, ""unpaired_leftover_cost"": 1260.0, ""unpaired_leftover_payout"": 0.0, ""unpaired_leftover_pnl"": -1260.0, ""unpaired_no_pnl"": 0.0, ""unpaired_time_buckets"": {""yes:00-02m"": {""contracts"": 389613.108085, ""cost"": 1260.0, ""payout"": 0.0, ""pnl"": -1260.0}}, ""unpaired_yes_pnl"": -1260.0}, ""realized_pnl"": -1260.0, ""settled_markets"": 126, ""settlement_sources"": [""kalshi_api""], ""total_cost"": 1260.0}, ""reference_price_provenance"": {""composite_60s_reference_ticks"": 0, ""requested_source"": ""single_venue"", ""single_venue_ticks"": 28829, ""warnings"": []}, ""reference_price_source"": ""single_venue"", ""run_dir"": ""/home/matt/workspace/kalshi-btc-15m-bot/runs/late_lotto_ticket/late-lotto-sweep-20260522T134139Z-w45-90-p0p01-min0p001-yes_only-n10p0"", ""run_id"": ""late-lotto-sweep-20260522T134139Z-w45-90-p0p01-min0p001-yes_only-n10p0"", ""settled_positions"": 126, ""settlements_from_feed_db"": true, ""signals"": 1699, ""snapshots"": 28829, ""starting_bankroll"": 10000.0, ""strategy"": ""late_lotto_ticket"", ""venue"": ""kalshi""}
",1260.0,0.0
5.0,280,1755.5555555555557,61,167.0667107381919,-5.0,995.0,2.7984375,280,5000.0,610.0,90,0.015,45,0.001,1.2567188126754913,355.55555555555554,0,/home/matt/workspace/kalshi-btc-15m-bot/runs/late_lotto_ticket/late-lotto-sweep-20260522T134139Z-w45-90-p0p015-min0p001-cheapest-n5p0,late-lotto-sweep-20260522T134139Z-w45-90-p0p015-min0p001-cheapest-n5p0,0.2911273522335581,cheapest,3081,12.484414105830975,28829,ok,,"d_no_pnl"": 1030.5555555555557, ""unpaired_time_buckets"": {""no:00-02m"": {""contracts"": 200957.884478, ""cost"": 725.0, ""payout"": 1755.555556, ""pnl"": 1030.555556}, ""yes:00-02m"": {""contracts"": 193760.941899, ""cost"": 675.0, ""payout"": 0.0, ""pnl"": -675.0}}, ""unpaired_yes_pnl"": -675.0}, ""realized_pnl"": 355.55555555555554, ""settled_markets"": 280, ""settlement_sources"": [""kalshi_api""], ""total_cost"": 1400.0}, ""reference_price_provenance"": {""composite_60s_reference_ticks"": 0, ""requested_source"": ""single_venue"", ""single_venue_ticks"": 28829, ""warnings"": []}, ""reference_price_source"": ""single_venue"", ""run_dir"": ""/home/matt/workspace/kalshi-btc-15m-bot/runs/late_lotto_ticket/late-lotto-sweep-20260522T134139Z-w45-90-p0p015-min0p001-cheapest-n5p0"", ""run_id"": ""late-lotto-sweep-20260522T134139Z-w45-90-p0p015-min0p001-cheapest-n5p0"", ""settled_positions"": 280, ""settlements_from_feed_db"": true, ""signals"": 3081, ""snapshots"": 28829, ""starting_bankroll"": 10000.0, ""strategy"": ""late_lotto_ticket"", ""venue"": ""kalshi""}
",1400.0,0.010714285714285714
10.0,280,3511.1111111111113,62,167.0667107381919,-10.0,1990.0,2.7984375,280,10000.0,1220.0,90,0.015,45,0.001,1.2567188126754913,711.1111111111111,0,/home/matt/workspace/kalshi-btc-15m-bot/runs/late_lotto_ticket/late-lotto-sweep-20260522T134139Z-w45-90-p0p015-min0p001-cheapest-n10p0,late-lotto-sweep-20260522T134139Z-w45-90-p0p015-min0p001-cheapest-n10p0,0.2911273522335581,cheapest,3081,12.484414105830975,28829,ok,,"pnl"": 2061.1111111111113, ""unpaired_time_buckets"": {""no:00-02m"": {""contracts"": 401915.768945, ""cost"": 1450.0, ""payout"": 3511.111111, ""pnl"": 2061.111111}, ""yes:00-02m"": {""contracts"": 387521.883794, ""cost"": 1350.0, ""payout"": 0.0, ""pnl"": -1350.0}}, ""unpaired_yes_pnl"": -1350.0}, ""realized_pnl"": 711.1111111111111, ""settled_markets"": 280, ""settlement_sources"": [""kalshi_api""], ""total_cost"": 2800.0}, ""reference_price_provenance"": {""composite_60s_reference_ticks"": 0, ""requested_source"": ""single_venue"", ""single_venue_ticks"": 28829, ""warnings"": []}, ""reference_price_source"": ""single_venue"", ""run_dir"": ""/home/matt/workspace/kalshi-btc-15m-bot/runs/late_lotto_ticket/late-lotto-sweep-20260522T134139Z-w45-90-p0p015-min0p001-cheapest-n10p0"", ""run_id"": ""late-lotto-sweep-20260522T134139Z-w45-90-p0p015-min0p001-cheapest-n10p0"", ""settled_positions"": 280, ""settlements_from_feed_db"": true, ""signals"": 3081, ""snapshots"": 28829, ""starting_bankroll"": 10000.0, ""strategy"": ""late_lotto_ticket"", ""venue"": ""kalshi""}
",2800.0,0.010714285714285714
5.0,145,1755.5555555555557,63,85.66208130530082,-5.0,995.0,0.965498652291105,145,5000.0,240.0,90,0.015,45,0.001,2.451486697965571,1030.5555555555557,0,/home/matt/workspace/kalshi-btc-15m-bot/runs/late_lotto_ticket/late-lotto-sweep-20260522T134139Z-w45-90-p0p015-min0p001-no_only-n5p0,late-lotto-sweep-20260522T134139Z-w45-90-p0p015-min0p001-no_only-n5p0,1.1751306328767253,no_only,1364,8.905314010736344,28829,ok,,"red_leftover_payout"": 1755.5555555555557, ""unpaired_leftover_pnl"": 1030.5555555555557, ""unpaired_no_pnl"": 1030.5555555555557, ""unpaired_time_buckets"": {""no:00-02m"": {""contracts"": 200957.884478, ""cost"": 725.0, ""payout"": 1755.555556, ""pnl"": 1030.555556}}, ""unpaired_yes_pnl"": 0.0}, ""realized_pnl"": 1030.5555555555557, ""settled_markets"": 145, ""settlement_sources"": [""kalshi_api""], ""total_cost"": 725.0}, ""reference_price_provenance"": {""composite_60s_reference_ticks"": 0, ""requested_source"": ""single_venue"", ""single_venue_ticks"": 28829, ""warnings"": []}, ""reference_price_source"": ""single_venue"", ""run_dir"": ""/home/matt/workspace/kalshi-btc-15m-bot/runs/late_lotto_ticket/late-lotto-sweep-20260522T134139Z-w45-90-p0p015-min0p001-no_only-n5p0"", ""run_id"": ""late-lotto-sweep-20260522T134139Z-w45-90-p0p015-min0p001-no_only-n5p0"", ""settled_positions"": 145, ""settlements_from_feed_db"": true, ""signals"": 1364, ""snapshots"": 28829, ""starting_bankroll"": 10000.0, ""strategy"": ""late_lotto_ticket"", ""venue"": ""kalshi""}
",725.0,0.020689655172413793
10.0,145,3511.1111111111113,64,85.66208130530082,-10.0,1990.0,0.965498652291105,145,10000.0,480.0,90,0.015,45,0.001,2.451486697965571,2061.1111111111113,0,/home/matt/workspace/kalshi-btc-15m-bot/runs/late_lotto_ticket/late-lotto-sweep-20260522T134139Z-w45-90-p0p015-min0p001-no_only-n10p0,late-lotto-sweep-20260522T134139Z-w45-90-p0p015-min0p001-no_only-n10p0,1.1751306328767253,no_only,1364,8.905314010736344,28829,ok,,"leftover_payout"": 3511.1111111111113, ""unpaired_leftover_pnl"": 2061.1111111111113, ""unpaired_no_pnl"": 2061.1111111111113, ""unpaired_time_buckets"": {""no:00-02m"": {""contracts"": 401915.768945, ""cost"": 1450.0, ""payout"": 3511.111111, ""pnl"": 2061.111111}}, ""unpaired_yes_pnl"": 0.0}, ""realized_pnl"": 2061.1111111111113, ""settled_markets"": 145, ""settlement_sources"": [""kalshi_api""], ""total_cost"": 1450.0}, ""reference_price_provenance"": {""composite_60s_reference_ticks"": 0, ""requested_source"": ""single_venue"", ""single_venue_ticks"": 28829, ""warnings"": []}, ""reference_price_source"": ""single_venue"", ""run_dir"": ""/home/matt/workspace/kalshi-btc-15m-bot/runs/late_lotto_ticket/late-lotto-sweep-20260522T134139Z-w45-90-p0p015-min0p001-no_only-n10p0"", ""run_id"": ""late-lotto-sweep-20260522T134139Z-w45-90-p0p015-min0p001-no_only-n10p0"", ""settled_positions"": 145, ""settlements_from_feed_db"": true, ""signals"": 1364, ""snapshots"": 28829, ""starting_bankroll"": 10000.0, ""strategy"": ""late_lotto_ticket"", ""venue"": ""kalshi""}
",1450.0,0.020689655172413793
5.0,135,0.0,65,1.0,-5.0,0.0,,135,5000.0,675.0,90,0.015,45,0.001,0.0,-675.0,0,/home/matt/workspace/kalshi-btc-15m-bot/runs/late_lotto_ticket/late-lotto-sweep-20260522T134139Z-w45-90-p0p015-min0p001-yes_only-n5p0,late-lotto-sweep-20260522T134139Z-w45-90-p0p015-min0p001-yes_only-n5p0,-6703731649132556.0,yes_only,1717,-1.0,28829,ok,,"leted_pair_pnl"": 0.0, ""unpaired_leftover_cost"": 675.0, ""unpaired_leftover_payout"": 0.0, ""unpaired_leftover_pnl"": -675.0, ""unpaired_no_pnl"": 0.0, ""unpaired_time_buckets"": {""yes:00-02m"": {""contracts"": 193760.941899, ""cost"": 675.0, ""payout"": 0.0, ""pnl"": -675.0}}, ""unpaired_yes_pnl"": -675.0}, ""realized_pnl"": -675.0, ""settled_markets"": 135, ""settlement_sources"": [""kalshi_api""], ""total_cost"": 675.0}, ""reference_price_provenance"": {""composite_60s_reference_ticks"": 0, ""requested_source"": ""single_venue"", ""single_venue_ticks"": 28829, ""warnings"": []}, ""reference_price_source"": ""single_venue"", ""run_dir"": ""/home/matt/workspace/kalshi-btc-15m-bot/runs/late_lotto_ticket/late-lotto-sweep-20260522T134139Z-w45-90-p0p015-min0p001-yes_only-n5p0"", ""run_id"": ""late-lotto-sweep-20260522T134139Z-w45-90-p0p015-min0p001-yes_only-n5p0"", ""settled_positions"": 135, ""settlements_from_feed_db"": true, ""signals"": 1717, ""snapshots"": 28829, ""starting_bankroll"": 10000.0, ""strategy"": ""late_lotto_ticket"", ""venue"": ""kalshi""}
",675.0,0.0
10.0,135,0.0,66,1.0,-10.0,0.0,,135,10000.0,1350.0,90,0.015,45,0.001,0.0,-1350.0,0,/home/matt/workspace/kalshi-btc-15m-bot/runs/late_lotto_ticket/late-lotto-sweep-20260522T134139Z-w45-90-p0p015-min0p001-yes_only-n10p0,late-lotto-sweep-20260522T134139Z-w45-90-p0p015-min0p001-yes_only-n10p0,-6703731649132556.0,yes_only,1717,-1.0,28829,ok,,"r_pnl"": 0.0, ""unpaired_leftover_cost"": 1350.0, ""unpaired_leftover_payout"": 0.0, ""unpaired_leftover_pnl"": -1350.0, ""unpaired_no_pnl"": 0.0, ""unpaired_time_buckets"": {""yes:00-02m"": {""contracts"": 387521.883794, ""cost"": 1350.0, ""payout"": 0.0, ""pnl"": -1350.0}}, ""unpaired_yes_pnl"": -1350.0}, ""realized_pnl"": -1350.0, ""settled_markets"": 135, ""settlement_sources"": [""kalshi_api""], ""total_cost"": 1350.0}, ""reference_price_provenance"": {""composite_60s_reference_ticks"": 0, ""requested_source"": ""single_venue"", ""single_venue_ticks"": 28829, ""warnings"": []}, ""reference_price_source"": ""single_venue"", ""run_dir"": ""/home/matt/workspace/kalshi-btc-15m-bot/runs/late_lotto_ticket/late-lotto-sweep-20260522T134139Z-w45-90-p0p015-min0p001-yes_only-n10p0"", ""run_id"": ""late-lotto-sweep-20260522T134139Z-w45-90-p0p015-min0p001-yes_only-n10p0"", ""settled_positions"": 135, ""settlements_from_feed_db"": true, ""signals"": 1717, ""snapshots"": 28829, ""starting_bankroll"": 10000.0, ""strategy"": ""late_lotto_ticket"", ""venue"": ""kalshi""}
",1350.0,0.0
5.0,293,1634.6153846153848,67,203.45122350791692,-5.0,995.0,5.866213151927437,293,5000.0,555.0,90,0.02,45,0.001,1.116976127320955,169.61538461538464,0,/home/matt/workspace/kalshi-btc-15m-bot/runs/late_lotto_ticket/late-lotto-sweep-20260522T134139Z-w45-90-p0p02-min0p001-cheapest-n5p0,late-lotto-sweep-20260522T134139Z-w45-90-p0p02-min0p001-cheapest-n5p0,0.14327216848465543,cheapest,3107,13.680983766519333,28829,ok,,"aired_no_pnl"": 869.6153846153848, ""unpaired_time_buckets"": {""no:00-02m"": {""contracts"": 197478.442681, ""cost"": 765.0, ""payout"": 1634.615385, ""pnl"": 869.615385}, ""yes:00-02m"": {""contracts"": 191491.696776, ""cost"": 700.0, ""payout"": 0.0, ""pnl"": -700.0}}, ""unpaired_yes_pnl"": -700.0}, ""realized_pnl"": 169.61538461538464, ""settled_markets"": 293, ""settlement_sources"": [""kalshi_api""], ""total_cost"": 1465.0}, ""reference_price_provenance"": {""composite_60s_reference_ticks"": 0, ""requested_source"": ""single_venue"", ""single_venue_ticks"": 28829, ""warnings"": []}, ""reference_price_source"": ""single_venue"", ""run_dir"": ""/home/matt/workspace/kalshi-btc-15m-bot/runs/late_lotto_ticket/late-lotto-sweep-20260522T134139Z-w45-90-p0p02-min0p001-cheapest-n5p0"", ""run_id"": ""late-lotto-sweep-20260522T134139Z-w45-90-p0p02-min0p001-cheapest-n5p0"", ""settled_positions"": 293, ""settlements_from_feed_db"": true, ""signals"": 3107, ""snapshots"": 28829, ""starting_bankroll"": 10000.0, ""strategy"": ""late_lotto_ticket"", ""venue"": ""kalshi""}
",1465.0,0.010238907849829351
10.0,293,3269.2307692307695,68,203.45122350791692,-10.0,1990.0,5.866213151927437,293,10000.0,1110.0,90,0.02,45,0.001,1.116976127320955,339.2307692307693,0,/home/matt/workspace/kalshi-btc-15m-bot/runs/late_lotto_ticket/late-lotto-sweep-20260522T134139Z-w45-90-p0p02-min0p001-cheapest-n10p0,late-lotto-sweep-20260522T134139Z-w45-90-p0p02-min0p001-cheapest-n10p0,0.14327216848465543,cheapest,3107,13.680983766519333,28829,ok,,"o_pnl"": 1739.2307692307695, ""unpaired_time_buckets"": {""no:00-02m"": {""contracts"": 394956.885344, ""cost"": 1530.0, ""payout"": 3269.230769, ""pnl"": 1739.230769}, ""yes:00-02m"": {""contracts"": 382983.393547, ""cost"": 1400.0, ""payout"": 0.0, ""pnl"": -1400.0}}, ""unpaired_yes_pnl"": -1400.0}, ""realized_pnl"": 339.2307692307693, ""settled_markets"": 293, ""settlement_sources"": [""kalshi_api""], ""total_cost"": 2930.0}, ""reference_price_provenance"": {""composite_60s_reference_ticks"": 0, ""requested_source"": ""single_venue"", ""single_venue_ticks"": 28829, ""warnings"": []}, ""reference_price_source"": ""single_venue"", ""run_dir"": ""/home/matt/workspace/kalshi-btc-15m-bot/runs/late_lotto_ticket/late-lotto-sweep-20260522T134139Z-w45-90-p0p02-min0p001-cheapest-n10p0"", ""run_id"": ""late-lotto-sweep-20260522T134139Z-w45-90-p0p02-min0p001-cheapest-n10p0"", ""settled_positions"": 293, ""settlements_from_feed_db"": true, ""signals"": 3107, ""snapshots"": 28829, ""starting_bankroll"": 10000.0, ""strategy"": ""late_lotto_ticket"", ""venue"": ""kalshi""}
",2930.0,0.010238907849829351
5.0,153,1634.6153846153848,69,105.44029984378535,-5.0,995.0,1.1441839893852277,153,5000.0,250.0,90,0.02,45,0.001,2.1594871794871797,869.6153846153848,0,/home/matt/workspace/kalshi-btc-15m-bot/runs/late_lotto_ticket/late-lotto-sweep-20260522T134139Z-w45-90-p0p02-min0p001-no_only-n5p0,late-lotto-sweep-20260522T134139Z-w45-90-p0p02-min0p001-no_only-n5p0,1.0184599810421078,no_only,1380,9.816706989157966,28829,ok,,"""unpaired_leftover_payout"": 1634.6153846153848, ""unpaired_leftover_pnl"": 869.6153846153848, ""unpaired_no_pnl"": 869.6153846153848, ""unpaired_time_buckets"": {""no:00-02m"": {""contracts"": 197478.442681, ""cost"": 765.0, ""payout"": 1634.615385, ""pnl"": 869.615385}}, ""unpaired_yes_pnl"": 0.0}, ""realized_pnl"": 869.6153846153848, ""settled_markets"": 153, ""settlement_sources"": [""kalshi_api""], ""total_cost"": 765.0}, ""reference_price_provenance"": {""composite_60s_reference_ticks"": 0, ""requested_source"": ""single_venue"", ""single_venue_ticks"": 28829, ""warnings"": []}, ""reference_price_source"": ""single_venue"", ""run_dir"": ""/home/matt/workspace/kalshi-btc-15m-bot/runs/late_lotto_ticket/late-lotto-sweep-20260522T134139Z-w45-90-p0p02-min0p001-no_only-n5p0"", ""run_id"": ""late-lotto-sweep-20260522T134139Z-w45-90-p0p02-min0p001-no_only-n5p0"", ""settled_positions"": 153, ""settlements_from_feed_db"": true, ""signals"": 1380, ""snapshots"": 28829, ""starting_bankroll"": 10000.0, ""strategy"": ""late_lotto_ticket"", ""venue"": ""kalshi""}
",765.0,0.0196078431372549
10.0,153,3269.2307692307695,70,105.44029984378535,-10.0,1990.0,1.1441839893852277,153,10000.0,500.0,90,0.02,45,0.001,2.1594871794871797,1739.2307692307695,0,/home/matt/workspace/kalshi-btc-15m-bot/runs/late_lotto_ticket/late-lotto-sweep-20260522T134139Z-w45-90-p0p02-min0p001-no_only-n10p0,late-lotto-sweep-20260522T134139Z-w45-90-p0p02-min0p001-no_only-n10p0,1.0184599810421078,no_only,1380,9.816706989157966,28829,ok,,"d_leftover_payout"": 3269.2307692307695, ""unpaired_leftover_pnl"": 1739.2307692307695, ""unpaired_no_pnl"": 1739.2307692307695, ""unpaired_time_buckets"": {""no:00-02m"": {""contracts"": 394956.885344, ""cost"": 1530.0, ""payout"": 3269.230769, ""pnl"": 1739.230769}}, ""unpaired_yes_pnl"": 0.0}, ""realized_pnl"": 1739.2307692307695, ""settled_markets"": 153, ""settlement_sources"": [""kalshi_api""], ""total_cost"": 1530.0}, ""reference_price_provenance"": {""composite_60s_reference_ticks"": 0, ""requested_source"": ""single_venue"", ""single_venue_ticks"": 28829, ""warnings"": []}, ""reference_price_source"": ""single_venue"", ""run_dir"": ""/home/matt/workspace/kalshi-btc-15m-bot/runs/late_lotto_ticket/late-lotto-sweep-20260522T134139Z-w45-90-p0p02-min0p001-no_only-n10p0"", ""run_id"": ""late-lotto-sweep-20260522T134139Z-w45-90-p0p02-min0p001-no_only-n10p0"", ""settled_positions"": 153, ""settlements_from_feed_db"": true, ""signals"": 1380, ""snapshots"": 28829, ""starting_bankroll"": 10000.0, ""strategy"": ""late_lotto_ticket"", ""venue"": ""kalshi""}
",1530.0,0.0196078431372549
5.0,140,0.0,71,1.0,-5.0,0.0,,140,5000.0,700.0,90,0.02,45,0.001,0.0,-700.0,0,/home/matt/workspace/kalshi-btc-15m-bot/runs/late_lotto_ticket/late-lotto-sweep-20260522T134139Z-w45-90-p0p02-min0p001-yes_only-n5p0,late-lotto-sweep-20260522T134139Z-w45-90-p0p02-min0p001-yes_only-n5p0,-6332145780488008.0,yes_only,1727,-1.0,28829,ok,,"mpleted_pair_pnl"": 0.0, ""unpaired_leftover_cost"": 700.0, ""unpaired_leftover_payout"": 0.0, ""unpaired_leftover_pnl"": -700.0, ""unpaired_no_pnl"": 0.0, ""unpaired_time_buckets"": {""yes:00-02m"": {""contracts"": 191491.696776, ""cost"": 700.0, ""payout"": 0.0, ""pnl"": -700.0}}, ""unpaired_yes_pnl"": -700.0}, ""realized_pnl"": -700.0, ""settled_markets"": 140, ""settlement_sources"": [""kalshi_api""], ""total_cost"": 700.0}, ""reference_price_provenance"": {""composite_60s_reference_ticks"": 0, ""requested_source"": ""single_venue"", ""single_venue_ticks"": 28829, ""warnings"": []}, ""reference_price_source"": ""single_venue"", ""run_dir"": ""/home/matt/workspace/kalshi-btc-15m-bot/runs/late_lotto_ticket/late-lotto-sweep-20260522T134139Z-w45-90-p0p02-min0p001-yes_only-n5p0"", ""run_id"": ""late-lotto-sweep-20260522T134139Z-w45-90-p0p02-min0p001-yes_only-n5p0"", ""settled_positions"": 140, ""settlements_from_feed_db"": true, ""signals"": 1727, ""snapshots"": 28829, ""starting_bankroll"": 10000.0, ""strategy"": ""late_lotto_ticket"", ""venue"": ""kalshi""}
",700.0,0.0
10.0,140,0.0,72,1.0,-10.0,0.0,,140,10000.0,1400.0,90,0.02,45,0.001,0.0,-1400.0,0,/home/matt/workspace/kalshi-btc-15m-bot/runs/late_lotto_ticket/late-lotto-sweep-20260522T134139Z-w45-90-p0p02-min0p001-yes_only-n10p0,late-lotto-sweep-20260522T134139Z-w45-90-p0p02-min0p001-yes_only-n10p0,-6332145780488008.0,yes_only,1727,-1.0,28829,ok,,"air_pnl"": 0.0, ""unpaired_leftover_cost"": 1400.0, ""unpaired_leftover_payout"": 0.0, ""unpaired_leftover_pnl"": -1400.0, ""unpaired_no_pnl"": 0.0, ""unpaired_time_buckets"": {""yes:00-02m"": {""contracts"": 382983.393547, ""cost"": 1400.0, ""payout"": 0.0, ""pnl"": -1400.0}}, ""unpaired_yes_pnl"": -1400.0}, ""realized_pnl"": -1400.0, ""settled_markets"": 140, ""settlement_sources"": [""kalshi_api""], ""total_cost"": 1400.0}, ""reference_price_provenance"": {""composite_60s_reference_ticks"": 0, ""requested_source"": ""single_venue"", ""single_venue_ticks"": 28829, ""warnings"": []}, ""reference_price_source"": ""single_venue"", ""run_dir"": ""/home/matt/workspace/kalshi-btc-15m-bot/runs/late_lotto_ticket/late-lotto-sweep-20260522T134139Z-w45-90-p0p02-min0p001-yes_only-n10p0"", ""run_id"": ""late-lotto-sweep-20260522T134139Z-w45-90-p0p02-min0p001-yes_only-n10p0"", ""settled_positions"": 140, ""settlements_from_feed_db"": true, ""signals"": 1727, ""snapshots"": 28829, ""starting_bankroll"": 10000.0, ""strategy"": ""late_lotto_ticket"", ""venue"": ""kalshi""}
",1400.0,0.0
5.0,307,1359.8484848484848,73,268.8495890658541,-5.0,995.0,,307,5000.0,855.1515151515151,90,0.03,45,0.001,0.8847687400318979,-175.15151515151513,0,/home/matt/workspace/kalshi-btc-15m-bot/runs/late_lotto_ticket/late-lotto-sweep-20260522T134139Z-w45-90-p0p03-min0p001-cheapest-n5p0,late-lotto-sweep-20260522T134139Z-w45-90-p0p03-min0p001-cheapest-n5p0,-0.15385609706292386,cheapest,3135,16.021750870356,28829,ok,,"ired_no_pnl"": 564.8484848484849, ""unpaired_time_buckets"": {""no:00-02m"": {""contracts"": 196839.344516, ""cost"": 795.0, ""payout"": 1359.848485, ""pnl"": 564.848485}, ""yes:00-02m"": {""contracts"": 189202.659021, ""cost"": 740.0, ""payout"": 0.0, ""pnl"": -740.0}}, ""unpaired_yes_pnl"": -740.0}, ""realized_pnl"": -175.15151515151513, ""settled_markets"": 307, ""settlement_sources"": [""kalshi_api""], ""total_cost"": 1535.0}, ""reference_price_provenance"": {""composite_60s_reference_ticks"": 0, ""requested_source"": ""single_venue"", ""single_venue_ticks"": 28829, ""warnings"": []}, ""reference_price_source"": ""single_venue"", ""run_dir"": ""/home/matt/workspace/kalshi-btc-15m-bot/runs/late_lotto_ticket/late-lotto-sweep-20260522T134139Z-w45-90-p0p03-min0p001-cheapest-n5p0"", ""run_id"": ""late-lotto-sweep-20260522T134139Z-w45-90-p0p03-min0p001-cheapest-n5p0"", ""settled_positions"": 307, ""settlements_from_feed_db"": true, ""signals"": 3135, ""snapshots"": 28829, ""starting_bankroll"": 10000.0, ""strategy"": ""late_lotto_ticket"", ""venue"": ""kalshi""}
",1535.0,0.009771986970684038
10.0,307,2719.6969696969695,74,268.8495890658541,-10.0,1990.0,,307,10000.0,1710.3030303030303,90,0.03,45,0.001,0.8847687400318979,-350.30303030303025,0,/home/matt/workspace/kalshi-btc-15m-bot/runs/late_lotto_ticket/late-lotto-sweep-20260522T134139Z-w45-90-p0p03-min0p001-cheapest-n10p0,late-lotto-sweep-20260522T134139Z-w45-90-p0p03-min0p001-cheapest-n10p0,-0.15385609706292386,cheapest,3135,16.021750870356,28829,ok,,"o_pnl"": 1129.6969696969697, ""unpaired_time_buckets"": {""no:00-02m"": {""contracts"": 393678.689018, ""cost"": 1590.0, ""payout"": 2719.69697, ""pnl"": 1129.69697}, ""yes:00-02m"": {""contracts"": 378405.318035, ""cost"": 1480.0, ""payout"": 0.0, ""pnl"": -1480.0}}, ""unpaired_yes_pnl"": -1480.0}, ""realized_pnl"": -350.30303030303025, ""settled_markets"": 307, ""settlement_sources"": [""kalshi_api""], ""total_cost"": 3070.0}, ""reference_price_provenance"": {""composite_60s_reference_ticks"": 0, ""requested_source"": ""single_venue"", ""single_venue_ticks"": 28829, ""warnings"": []}, ""reference_price_source"": ""single_venue"", ""run_dir"": ""/home/matt/workspace/kalshi-btc-15m-bot/runs/late_lotto_ticket/late-lotto-sweep-20260522T134139Z-w45-90-p0p03-min0p001-cheapest-n10p0"", ""run_id"": ""late-lotto-sweep-20260522T134139Z-w45-90-p0p03-min0p001-cheapest-n10p0"", ""settled_positions"": 307, ""settlements_from_feed_db"": true, ""signals"": 3135, ""snapshots"": 28829, ""starting_bankroll"": 10000.0, ""strategy"": ""late_lotto_ticket"", ""venue"": ""kalshi""}
",3070.0,0.009771986970684038
5.0,159,1359.8484848484848,75,138.3875481413416,-5.0,995.0,1.7615343347639485,159,5000.0,308.4848484848485,90,0.03,45,0.001,1.724164724164724,564.8484848484849,0,/home/matt/workspace/kalshi-btc-15m-bot/runs/late_lotto_ticket/late-lotto-sweep-20260522T134139Z-w45-90-p0p03-min0p001-no_only-n5p0,late-lotto-sweep-20260522T134139Z-w45-90-p0p03-min0p001-no_only-n5p0,0.690228853161231,no_only,1392,11.470479124532941,28829,ok,,"""unpaired_leftover_payout"": 1359.8484848484848, ""unpaired_leftover_pnl"": 564.8484848484849, ""unpaired_no_pnl"": 564.8484848484849, ""unpaired_time_buckets"": {""no:00-02m"": {""contracts"": 196839.344516, ""cost"": 795.0, ""payout"": 1359.848485, ""pnl"": 564.848485}}, ""unpaired_yes_pnl"": 0.0}, ""realized_pnl"": 564.8484848484849, ""settled_markets"": 159, ""settlement_sources"": [""kalshi_api""], ""total_cost"": 795.0}, ""reference_price_provenance"": {""composite_60s_reference_ticks"": 0, ""requested_source"": ""single_venue"", ""single_venue_ticks"": 28829, ""warnings"": []}, ""reference_price_source"": ""single_venue"", ""run_dir"": ""/home/matt/workspace/kalshi-btc-15m-bot/runs/late_lotto_ticket/late-lotto-sweep-20260522T134139Z-w45-90-p0p03-min0p001-no_only-n5p0"", ""run_id"": ""late-lotto-sweep-20260522T134139Z-w45-90-p0p03-min0p001-no_only-n5p0"", ""settled_positions"": 159, ""settlements_from_feed_db"": true, ""signals"": 1392, ""snapshots"": 28829, ""starting_bankroll"": 10000.0, ""strategy"": ""late_lotto_ticket"", ""venue"": ""kalshi""}
",795.0,0.018867924528301886
10.0,159,2719.6969696969695,76,138.3875481413416,-10.0,1990.0,1.7615343347639485,159,10000.0,616.969696969697,90,0.03,45,0.001,1.724164724164724,1129.6969696969697,0,/home/matt/workspace/kalshi-btc-15m-bot/runs/late_lotto_ticket/late-lotto-sweep-20260522T134139Z-w45-90-p0p03-min0p001-no_only-n10p0,late-lotto-sweep-20260522T134139Z-w45-90-p0p03-min0p001-no_only-n10p0,0.690228853161231,no_only,1392,11.470479124532941,28829,ok,,"red_leftover_payout"": 2719.6969696969695, ""unpaired_leftover_pnl"": 1129.6969696969697, ""unpaired_no_pnl"": 1129.6969696969697, ""unpaired_time_buckets"": {""no:00-02m"": {""contracts"": 393678.689018, ""cost"": 1590.0, ""payout"": 2719.69697, ""pnl"": 1129.69697}}, ""unpaired_yes_pnl"": 0.0}, ""realized_pnl"": 1129.6969696969697, ""settled_markets"": 159, ""settlement_sources"": [""kalshi_api""], ""total_cost"": 1590.0}, ""reference_price_provenance"": {""composite_60s_reference_ticks"": 0, ""requested_source"": ""single_venue"", ""single_venue_ticks"": 28829, ""warnings"": []}, ""reference_price_source"": ""single_venue"", ""run_dir"": ""/home/matt/workspace/kalshi-btc-15m-bot/runs/late_lotto_ticket/late-lotto-sweep-20260522T134139Z-w45-90-p0p03-min0p001-no_only-n10p0"", ""run_id"": ""late-lotto-sweep-20260522T134139Z-w45-90-p0p03-min0p001-no_only-n10p0"", ""settled_positions"": 159, ""settlements_from_feed_db"": true, ""signals"": 1392, ""snapshots"": 28829, ""starting_bankroll"": 10000.0, ""strategy"": ""late_lotto_ticket"", ""venue"": ""kalshi""}
",1590.0,0.018867924528301886
5.0,148,0.0,77,1.0,-5.0,0.0,,148,5000.0,740.0,90,0.03,45,0.001,0.0,-740.0,0,/home/matt/workspace/kalshi-btc-15m-bot/runs/late_lotto_ticket/late-lotto-sweep-20260522T134139Z-w45-90-p0p03-min0p001-yes_only-n5p0,late-lotto-sweep-20260522T134139Z-w45-90-p0p03-min0p001-yes_only-n5p0,-6333376877180983.0,yes_only,1743,-1.0,28829,ok,,"mpleted_pair_pnl"": 0.0, ""unpaired_leftover_cost"": 740.0, ""unpaired_leftover_payout"": 0.0, ""unpaired_leftover_pnl"": -740.0, ""unpaired_no_pnl"": 0.0, ""unpaired_time_buckets"": {""yes:00-02m"": {""contracts"": 189202.659021, ""cost"": 740.0, ""payout"": 0.0, ""pnl"": -740.0}}, ""unpaired_yes_pnl"": -740.0}, ""realized_pnl"": -740.0, ""settled_markets"": 148, ""settlement_sources"": [""kalshi_api""], ""total_cost"": 740.0}, ""reference_price_provenance"": {""composite_60s_reference_ticks"": 0, ""requested_source"": ""single_venue"", ""single_venue_ticks"": 28829, ""warnings"": []}, ""reference_price_source"": ""single_venue"", ""run_dir"": ""/home/matt/workspace/kalshi-btc-15m-bot/runs/late_lotto_ticket/late-lotto-sweep-20260522T134139Z-w45-90-p0p03-min0p001-yes_only-n5p0"", ""run_id"": ""late-lotto-sweep-20260522T134139Z-w45-90-p0p03-min0p001-yes_only-n5p0"", ""settled_positions"": 148, ""settlements_from_feed_db"": true, ""signals"": 1743, ""snapshots"": 28829, ""starting_bankroll"": 10000.0, ""strategy"": ""late_lotto_ticket"", ""venue"": ""kalshi""}
",740.0,0.0
10.0,148,0.0,78,1.0,-10.0,0.0,,148,10000.0,1480.0,90,0.03,45,0.001,0.0,-1480.0,0,/home/matt/workspace/kalshi-btc-15m-bot/runs/late_lotto_ticket/late-lotto-sweep-20260522T134139Z-w45-90-p0p03-min0p001-yes_only-n10p0,late-lotto-sweep-20260522T134139Z-w45-90-p0p03-min0p001-yes_only-n10p0,-6333376877180983.0,yes_only,1743,-1.0,28829,ok,,"air_pnl"": 0.0, ""unpaired_leftover_cost"": 1480.0, ""unpaired_leftover_payout"": 0.0, ""unpaired_leftover_pnl"": -1480.0, ""unpaired_no_pnl"": 0.0, ""unpaired_time_buckets"": {""yes:00-02m"": {""contracts"": 378405.318035, ""cost"": 1480.0, ""payout"": 0.0, ""pnl"": -1480.0}}, ""unpaired_yes_pnl"": -1480.0}, ""realized_pnl"": -1480.0, ""settled_markets"": 148, ""settlement_sources"": [""kalshi_api""], ""total_cost"": 1480.0}, ""reference_price_provenance"": {""composite_60s_reference_ticks"": 0, ""requested_source"": ""single_venue"", ""single_venue_ticks"": 28829, ""warnings"": []}, ""reference_price_source"": ""single_venue"", ""run_dir"": ""/home/matt/workspace/kalshi-btc-15m-bot/runs/late_lotto_ticket/late-lotto-sweep-20260522T134139Z-w45-90-p0p03-min0p001-yes_only-n10p0"", ""run_id"": ""late-lotto-sweep-20260522T134139Z-w45-90-p0p03-min0p001-yes_only-n10p0"", ""settled_positions"": 148, ""settlements_from_feed_db"": true, ""signals"": 1743, ""snapshots"": 28829, ""starting_bankroll"": 10000.0, ""strategy"": ""late_lotto_ticket"", ""venue"": ""kalshi""}
",1480.0,0.0
5.0,315,1439.6223146223147,79,273.60330425317846,-5.0,995.0,,315,5000.0,810.3776853776853,90,0.05,45,0.001,0.9129403952555079,-135.3776853776853,0,/home/matt/workspace/kalshi-btc-15m-bot/runs/late_lotto_ticket/late-lotto-sweep-20260522T134139Z-w45-90-p0p05-min0p001-cheapest-n5p0,late-lotto-sweep-20260522T134139Z-w45-90-p0p05-min0p001-cheapest-n5p0,-0.11718266846312494,cheapest,3151,16.12774729265144,28829,ok,,"684684685, ""unpaired_time_buckets"": {""no:00-02m"": {""contracts"": 195090.828851, ""cost"": 810.0, ""payout"": 1343.468468, ""pnl"": 533.468468}, ""yes:00-02m"": {""contracts"": 187245.386143, ""cost"": 765.0, ""payout"": 96.153846, ""pnl"": -668.846154}}, ""unpaired_yes_pnl"": -668.8461538461538}, ""realized_pnl"": -135.3776853776853, ""settled_markets"": 315, ""settlement_sources"": [""kalshi_api""], ""total_cost"": 1575.0}, ""reference_price_provenance"": {""composite_60s_reference_ticks"": 0, ""requested_source"": ""single_venue"", ""single_venue_ticks"": 28829, ""warnings"": []}, ""reference_price_source"": ""single_venue"", ""run_dir"": ""/home/matt/workspace/kalshi-btc-15m-bot/runs/late_lotto_ticket/late-lotto-sweep-20260522T134139Z-w45-90-p0p05-min0p001-cheapest-n5p0"", ""run_id"": ""late-lotto-sweep-20260522T134139Z-w45-90-p0p05-min0p001-cheapest-n5p0"", ""settled_positions"": 315, ""settlements_from_feed_db"": true, ""signals"": 3151, ""snapshots"": 28829, ""starting_bankroll"": 10000.0, ""strategy"": ""late_lotto_ticket"", ""venue"": ""kalshi""}
",1575.0,0.012698412698412698
10.0,315,2879.2446292446293,80,273.60330425317846,-10.0,1990.0,,315,10000.0,1620.7553707553707,90,0.05,45,0.001,0.9129403952555079,-270.7553707553706,0,/home/matt/workspace/kalshi-btc-15m-bot/runs/late_lotto_ticket/late-lotto-sweep-20260522T134139Z-w45-90-p0p05-min0p001-cheapest-n10p0,late-lotto-sweep-20260522T134139Z-w45-90-p0p05-min0p001-cheapest-n10p0,-0.11718266846312494,cheapest,3151,16.12774729265144,28829,ok,,"37, ""unpaired_time_buckets"": {""no:00-02m"": {""contracts"": 390181.657679, ""cost"": 1620.0, ""payout"": 2686.936937, ""pnl"": 1066.936937}, ""yes:00-02m"": {""contracts"": 374490.77227, ""cost"": 1530.0, ""payout"": 192.307692, ""pnl"": -1337.692308}}, ""unpaired_yes_pnl"": -1337.6923076923076}, ""realized_pnl"": -270.7553707553706, ""settled_markets"": 315, ""settlement_sources"": [""kalshi_api""], ""total_cost"": 3150.0}, ""reference_price_provenance"": {""composite_60s_reference_ticks"": 0, ""requested_source"": ""single_venue"", ""single_venue_ticks"": 28829, ""warnings"": []}, ""reference_price_source"": ""single_venue"", ""run_dir"": ""/home/matt/workspace/kalshi-btc-15m-bot/runs/late_lotto_ticket/late-lotto-sweep-20260522T134139Z-w45-90-p0p05-min0p001-cheapest-n10p0"", ""run_id"": ""late-lotto-sweep-20260522T134139Z-w45-90-p0p05-min0p001-cheapest-n10p0"", ""settled_positions"": 315, ""settlements_from_feed_db"": true, ""signals"": 3151, ""snapshots"": 28829, ""starting_bankroll"": 10000.0, ""strategy"": ""late_lotto_ticket"", ""venue"": ""kalshi""}
",3150.0,0.012698412698412698
5.0,162,1343.4684684684685,81,142.25653341384194,-5.0,995.0,1.8651524107067465,162,5000.0,329.8648648648649,90,0.05,45,0.001,1.6710295200861238,533.4684684684685,0,/home/matt/workspace/kalshi-btc-15m-bot/runs/late_lotto_ticket/late-lotto-sweep-20260522T134139Z-w45-90-p0p05-min0p001-no_only-n5p0,late-lotto-sweep-20260522T134139Z-w45-90-p0p05-min0p001-no_only-n5p0,0.6471488612210475,no_only,1398,11.64688034088102,28829,ok,,"""unpaired_leftover_payout"": 1343.4684684684685, ""unpaired_leftover_pnl"": 533.4684684684685, ""unpaired_no_pnl"": 533.4684684684685, ""unpaired_time_buckets"": {""no:00-02m"": {""contracts"": 195090.828851, ""cost"": 810.0, ""payout"": 1343.468468, ""pnl"": 533.468468}}, ""unpaired_yes_pnl"": 0.0}, ""realized_pnl"": 533.4684684684685, ""settled_markets"": 162, ""settlement_sources"": [""kalshi_api""], ""total_cost"": 810.0}, ""reference_price_provenance"": {""composite_60s_reference_ticks"": 0, ""requested_source"": ""single_venue"", ""single_venue_ticks"": 28829, ""warnings"": []}, ""reference_price_source"": ""single_venue"", ""run_dir"": ""/home/matt/workspace/kalshi-btc-15m-bot/runs/late_lotto_ticket/late-lotto-sweep-20260522T134139Z-w45-90-p0p05-min0p001-no_only-n5p0"", ""run_id"": ""late-lotto-sweep-20260522T134139Z-w45-90-p0p05-min0p001-no_only-n5p0"", ""settled_positions"": 162, ""settlements_from_feed_db"": true, ""signals"": 1398, ""snapshots"": 28829, ""starting_bankroll"": 10000.0, ""strategy"": ""late_lotto_ticket"", ""venue"": ""kalshi""}
",810.0,0.018518518518518517
10.0,162,2686.936936936937,82,142.25653341384194,-10.0,1990.0,1.8651524107067465,162,10000.0,659.7297297297298,90,0.05,45,0.001,1.6710295200861238,1066.936936936937,0,/home/matt/workspace/kalshi-btc-15m-bot/runs/late_lotto_ticket/late-lotto-sweep-20260522T134139Z-w45-90-p0p05-min0p001-no_only-n10p0,late-lotto-sweep-20260522T134139Z-w45-90-p0p05-min0p001-no_only-n10p0,0.6471488612210475,no_only,1398,11.64688034088102,28829,ok,,"aired_leftover_payout"": 2686.936936936937, ""unpaired_leftover_pnl"": 1066.936936936937, ""unpaired_no_pnl"": 1066.936936936937, ""unpaired_time_buckets"": {""no:00-02m"": {""contracts"": 390181.657679, ""cost"": 1620.0, ""payout"": 2686.936937, ""pnl"": 1066.936937}}, ""unpaired_yes_pnl"": 0.0}, ""realized_pnl"": 1066.936936936937, ""settled_markets"": 162, ""settlement_sources"": [""kalshi_api""], ""total_cost"": 1620.0}, ""reference_price_provenance"": {""composite_60s_reference_ticks"": 0, ""requested_source"": ""single_venue"", ""single_venue_ticks"": 28829, ""warnings"": []}, ""reference_price_source"": ""single_venue"", ""run_dir"": ""/home/matt/workspace/kalshi-btc-15m-bot/runs/late_lotto_ticket/late-lotto-sweep-20260522T134139Z-w45-90-p0p05-min0p001-no_only-n10p0"", ""run_id"": ""late-lotto-sweep-20260522T134139Z-w45-90-p0p05-min0p001-no_only-n10p0"", ""settled_positions"": 162, ""settlements_from_feed_db"": true, ""signals"": 1398, ""snapshots"": 28829, ""starting_bankroll"": 10000.0, ""strategy"": ""late_lotto_ticket"", ""venue"": ""kalshi""}
",1620.0,0.018518518518518517
5.0,153,96.15384615384616,83,151.00657894736847,-5.0,91.15384615384616,,153,5000.0,668.8461538461538,90,0.05,45,0.001,0.11993927125506074,-668.8461538461538,0,/home/matt/workspace/kalshi-btc-15m-bot/runs/late_lotto_ticket/late-lotto-sweep-20260522T134139Z-w45-90-p0p05-min0p001-yes_only-n5p0,late-lotto-sweep-20260522T134139Z-w45-90-p0p05-min0p001-yes_only-n5p0,-8.927176643459527,yes_only,1753,12.2477172953726,28829,ok,,"aired_leftover_payout"": 96.15384615384616, ""unpaired_leftover_pnl"": -668.8461538461538, ""unpaired_no_pnl"": 0.0, ""unpaired_time_buckets"": {""yes:00-02m"": {""contracts"": 187245.386143, ""cost"": 765.0, ""payout"": 96.153846, ""pnl"": -668.846154}}, ""unpaired_yes_pnl"": -668.8461538461538}, ""realized_pnl"": -668.8461538461538, ""settled_markets"": 153, ""settlement_sources"": [""kalshi_api""], ""total_cost"": 765.0}, ""reference_price_provenance"": {""composite_60s_reference_ticks"": 0, ""requested_source"": ""single_venue"", ""single_venue_ticks"": 28829, ""warnings"": []}, ""reference_price_source"": ""single_venue"", ""run_dir"": ""/home/matt/workspace/kalshi-btc-15m-bot/runs/late_lotto_ticket/late-lotto-sweep-20260522T134139Z-w45-90-p0p05-min0p001-yes_only-n5p0"", ""run_id"": ""late-lotto-sweep-20260522T134139Z-w45-90-p0p05-min0p001-yes_only-n5p0"", ""settled_positions"": 153, ""settlements_from_feed_db"": true, ""signals"": 1753, ""snapshots"": 28829, ""starting_bankroll"": 10000.0, ""strategy"": ""late_lotto_ticket"", ""venue"": ""kalshi""}
",765.0,0.006535947712418301
10.0,153,192.30769230769232,84,151.00657894736847,-10.0,182.30769230769232,,153,10000.0,1337.6923076923076,90,0.05,45,0.001,0.11993927125506074,-1337.6923076923076,0,/home/matt/workspace/kalshi-btc-15m-bot/runs/late_lotto_ticket/late-lotto-sweep-20260522T134139Z-w45-90-p0p05-min0p001-yes_only-n10p0,late-lotto-sweep-20260522T134139Z-w45-90-p0p05-min0p001-yes_only-n10p0,-8.927176643459527,yes_only,1753,12.2477172953726,28829,ok,,"tover_payout"": 192.30769230769232, ""unpaired_leftover_pnl"": -1337.6923076923076, ""unpaired_no_pnl"": 0.0, ""unpaired_time_buckets"": {""yes:00-02m"": {""contracts"": 374490.77227, ""cost"": 1530.0, ""payout"": 192.307692, ""pnl"": -1337.692308}}, ""unpaired_yes_pnl"": -1337.6923076923076}, ""realized_pnl"": -1337.6923076923076, ""settled_markets"": 153, ""settlement_sources"": [""kalshi_api""], ""total_cost"": 1530.0}, ""reference_price_provenance"": {""composite_60s_reference_ticks"": 0, ""requested_source"": ""single_venue"", ""single_venue_ticks"": 28829, ""warnings"": []}, ""reference_price_source"": ""single_venue"", ""run_dir"": ""/home/matt/workspace/kalshi-btc-15m-bot/runs/late_lotto_ticket/late-lotto-sweep-20260522T134139Z-w45-90-p0p05-min0p001-yes_only-n10p0"", ""run_id"": ""late-lotto-sweep-20260522T134139Z-w45-90-p0p05-min0p001-yes_only-n10p0"", ""settled_positions"": 153, ""settlements_from_feed_db"": true, ""signals"": 1753, ""snapshots"": 28829, ""starting_bankroll"": 10000.0, ""strategy"": ""late_lotto_ticket"", ""venue"": ""kalshi""}
",1530.0,0.006535947712418301
5.0,116,0.0,85,1.0,-5.0,0.0,,116,5000.0,580.0,120,0.003,60,0.001,0.0,-580.0,0,/home/matt/workspace/kalshi-btc-15m-bot/runs/late_lotto_ticket/late-lotto-sweep-20260522T134139Z-w60-120-p0p003-min0p001-cheapest-n5p0,late-lotto-sweep-20260522T134139Z-w60-120-p0p003-min0p001-cheapest-n5p0,-7118360368610072.0,cheapest,982,-1.0,28829,ok,,"paired_leftover_pnl"": -580.0, ""unpaired_no_pnl"": -310.0, ""unpaired_time_buckets"": {""no:00-02m"": {""contracts"": 158797.619054, ""cost"": 310.0, ""payout"": 0.0, ""pnl"": -310.0}, ""yes:00-02m"": {""contracts"": 155166.66667, ""cost"": 270.0, ""payout"": 0.0, ""pnl"": -270.0}}, ""unpaired_yes_pnl"": -270.0}, ""realized_pnl"": -580.0, ""settled_markets"": 116, ""settlement_sources"": [""kalshi_api""], ""total_cost"": 580.0}, ""reference_price_provenance"": {""composite_60s_reference_ticks"": 0, ""requested_source"": ""single_venue"", ""single_venue_ticks"": 28829, ""warnings"": []}, ""reference_price_source"": ""single_venue"", ""run_dir"": ""/home/matt/workspace/kalshi-btc-15m-bot/runs/late_lotto_ticket/late-lotto-sweep-20260522T134139Z-w60-120-p0p003-min0p001-cheapest-n5p0"", ""run_id"": ""late-lotto-sweep-20260522T134139Z-w60-120-p0p003-min0p001-cheapest-n5p0"", ""settled_positions"": 116, ""settlements_from_feed_db"": true, ""signals"": 982, ""snapshots"": 28829, ""starting_bankroll"": 10000.0, ""strategy"": ""late_lotto_ticket"", ""venue"": ""kalshi""}
",580.0,0.0
10.0,116,0.0,86,1.0,-10.0,0.0,,116,10000.0,1160.0,120,0.003,60,0.001,0.0,-1160.0,0,/home/matt/workspace/kalshi-btc-15m-bot/runs/late_lotto_ticket/late-lotto-sweep-20260522T134139Z-w60-120-p0p003-min0p001-cheapest-n10p0,late-lotto-sweep-20260522T134139Z-w60-120-p0p003-min0p001-cheapest-n10p0,-7118360368610072.0,cheapest,982,-1.0,28829,ok,,"d_leftover_pnl"": -1160.0, ""unpaired_no_pnl"": -620.0, ""unpaired_time_buckets"": {""no:00-02m"": {""contracts"": 317595.238089, ""cost"": 620.0, ""payout"": 0.0, ""pnl"": -620.0}, ""yes:00-02m"": {""contracts"": 310333.33333, ""cost"": 540.0, ""payout"": 0.0, ""pnl"": -540.0}}, ""unpaired_yes_pnl"": -540.0}, ""realized_pnl"": -1160.0, ""settled_markets"": 116, ""settlement_sources"": [""kalshi_api""], ""total_cost"": 1160.0}, ""reference_price_provenance"": {""composite_60s_reference_ticks"": 0, ""requested_source"": ""single_venue"", ""single_venue_ticks"": 28829, ""warnings"": []}, ""reference_price_source"": ""single_venue"", ""run_dir"": ""/home/matt/workspace/kalshi-btc-15m-bot/runs/late_lotto_ticket/late-lotto-sweep-20260522T134139Z-w60-120-p0p003-min0p001-cheapest-n10p0"", ""run_id"": ""late-lotto-sweep-20260522T134139Z-w60-120-p0p003-min0p001-cheapest-n10p0"", ""settled_positions"": 116, ""settlements_from_feed_db"": true, ""signals"": 982, ""snapshots"": 28829, ""starting_bankroll"": 10000.0, ""strategy"": ""late_lotto_ticket"", ""venue"": ""kalshi""}
",1160.0,0.0
5.0,62,0.0,87,1.0,-5.0,0.0,,62,5000.0,310.0,120,0.003,60,0.001,0.0,-310.0,0,/home/matt/workspace/kalshi-btc-15m-bot/runs/late_lotto_ticket/late-lotto-sweep-20260522T134139Z-w60-120-p0p003-min0p001-no_only-n5p0,late-lotto-sweep-20260522T134139Z-w60-120-p0p003-min0p001-no_only-n5p0,-1.6208807343996758e+16,no_only,450,-1.0,28829,ok,,"completed_pair_pnl"": 0.0, ""unpaired_leftover_cost"": 310.0, ""unpaired_leftover_payout"": 0.0, ""unpaired_leftover_pnl"": -310.0, ""unpaired_no_pnl"": -310.0, ""unpaired_time_buckets"": {""no:00-02m"": {""contracts"": 158797.619054, ""cost"": 310.0, ""payout"": 0.0, ""pnl"": -310.0}}, ""unpaired_yes_pnl"": 0.0}, ""realized_pnl"": -310.0, ""settled_markets"": 62, ""settlement_sources"": [""kalshi_api""], ""total_cost"": 310.0}, ""reference_price_provenance"": {""composite_60s_reference_ticks"": 0, ""requested_source"": ""single_venue"", ""single_venue_ticks"": 28829, ""warnings"": []}, ""reference_price_source"": ""single_venue"", ""run_dir"": ""/home/matt/workspace/kalshi-btc-15m-bot/runs/late_lotto_ticket/late-lotto-sweep-20260522T134139Z-w60-120-p0p003-min0p001-no_only-n5p0"", ""run_id"": ""late-lotto-sweep-20260522T134139Z-w60-120-p0p003-min0p001-no_only-n5p0"", ""settled_positions"": 62, ""settlements_from_feed_db"": true, ""signals"": 450, ""snapshots"": 28829, ""starting_bankroll"": 10000.0, ""strategy"": ""late_lotto_ticket"", ""venue"": ""kalshi""}
",310.0,0.0
10.0,62,0.0,88,1.0,-10.0,0.0,,62,10000.0,620.0,120,0.003,60,0.001,0.0,-620.0,0,/home/matt/workspace/kalshi-btc-15m-bot/runs/late_lotto_ticket/late-lotto-sweep-20260522T134139Z-w60-120-p0p003-min0p001-no_only-n10p0,late-lotto-sweep-20260522T134139Z-w60-120-p0p003-min0p001-no_only-n10p0,-1.6208807343996758e+16,no_only,450,-1.0,28829,ok,,"mpleted_pair_pnl"": 0.0, ""unpaired_leftover_cost"": 620.0, ""unpaired_leftover_payout"": 0.0, ""unpaired_leftover_pnl"": -620.0, ""unpaired_no_pnl"": -620.0, ""unpaired_time_buckets"": {""no:00-02m"": {""contracts"": 317595.238089, ""cost"": 620.0, ""payout"": 0.0, ""pnl"": -620.0}}, ""unpaired_yes_pnl"": 0.0}, ""realized_pnl"": -620.0, ""settled_markets"": 62, ""settlement_sources"": [""kalshi_api""], ""total_cost"": 620.0}, ""reference_price_provenance"": {""composite_60s_reference_ticks"": 0, ""requested_source"": ""single_venue"", ""single_venue_ticks"": 28829, ""warnings"": []}, ""reference_price_source"": ""single_venue"", ""run_dir"": ""/home/matt/workspace/kalshi-btc-15m-bot/runs/late_lotto_ticket/late-lotto-sweep-20260522T134139Z-w60-120-p0p003-min0p001-no_only-n10p0"", ""run_id"": ""late-lotto-sweep-20260522T134139Z-w60-120-p0p003-min0p001-no_only-n10p0"", ""settled_positions"": 62, ""settlements_from_feed_db"": true, ""signals"": 450, ""snapshots"": 28829, ""starting_bankroll"": 10000.0, ""strategy"": ""late_lotto_ticket"", ""venue"": ""kalshi""}
",620.0,0.0
5.0,54,0.0,89,1.0,-5.0,0.0,,54,5000.0,270.0,120,0.003,60,0.001,0.0,-270.0,0,/home/matt/workspace/kalshi-btc-15m-bot/runs/late_lotto_ticket/late-lotto-sweep-20260522T134139Z-w60-120-p0p003-min0p001-yes_only-n5p0,late-lotto-sweep-20260522T134139Z-w60-120-p0p003-min0p001-yes_only-n5p0,-2.2664757573621764e+16,yes_only,532,-1.0,28829,ok,,"mpleted_pair_pnl"": 0.0, ""unpaired_leftover_cost"": 270.0, ""unpaired_leftover_payout"": 0.0, ""unpaired_leftover_pnl"": -270.0, ""unpaired_no_pnl"": 0.0, ""unpaired_time_buckets"": {""yes:00-02m"": {""contracts"": 155166.66667, ""cost"": 270.0, ""payout"": 0.0, ""pnl"": -270.0}}, ""unpaired_yes_pnl"": -270.0}, ""realized_pnl"": -270.0, ""settled_markets"": 54, ""settlement_sources"": [""kalshi_api""], ""total_cost"": 270.0}, ""reference_price_provenance"": {""composite_60s_reference_ticks"": 0, ""requested_source"": ""single_venue"", ""single_venue_ticks"": 28829, ""warnings"": []}, ""reference_price_source"": ""single_venue"", ""run_dir"": ""/home/matt/workspace/kalshi-btc-15m-bot/runs/late_lotto_ticket/late-lotto-sweep-20260522T134139Z-w60-120-p0p003-min0p001-yes_only-n5p0"", ""run_id"": ""late-lotto-sweep-20260522T134139Z-w60-120-p0p003-min0p001-yes_only-n5p0"", ""settled_positions"": 54, ""settlements_from_feed_db"": true, ""signals"": 532, ""snapshots"": 28829, ""starting_bankroll"": 10000.0, ""strategy"": ""late_lotto_ticket"", ""venue"": ""kalshi""}
",270.0,0.0
10.0,54,0.0,90,1.0,-10.0,0.0,,54,10000.0,540.0,120,0.003,60,0.001,0.0,-540.0,0,/home/matt/workspace/kalshi-btc-15m-bot/runs/late_lotto_ticket/late-lotto-sweep-20260522T134139Z-w60-120-p0p003-min0p001-yes_only-n10p0,late-lotto-sweep-20260522T134139Z-w60-120-p0p003-min0p001-yes_only-n10p0,-2.2664757573621764e+16,yes_only,532,-1.0,28829,ok,,"leted_pair_pnl"": 0.0, ""unpaired_leftover_cost"": 540.0, ""unpaired_leftover_payout"": 0.0, ""unpaired_leftover_pnl"": -540.0, ""unpaired_no_pnl"": 0.0, ""unpaired_time_buckets"": {""yes:00-02m"": {""contracts"": 310333.33333, ""cost"": 540.0, ""payout"": 0.0, ""pnl"": -540.0}}, ""unpaired_yes_pnl"": -540.0}, ""realized_pnl"": -540.0, ""settled_markets"": 54, ""settlement_sources"": [""kalshi_api""], ""total_cost"": 540.0}, ""reference_price_provenance"": {""composite_60s_reference_ticks"": 0, ""requested_source"": ""single_venue"", ""single_venue_ticks"": 28829, ""warnings"": []}, ""reference_price_source"": ""single_venue"", ""run_dir"": ""/home/matt/workspace/kalshi-btc-15m-bot/runs/late_lotto_ticket/late-lotto-sweep-20260522T134139Z-w60-120-p0p003-min0p001-yes_only-n10p0"", ""run_id"": ""late-lotto-sweep-20260522T134139Z-w60-120-p0p003-min0p001-yes_only-n10p0"", ""settled_positions"": 54, ""settlements_from_feed_db"": true, ""signals"": 532, ""snapshots"": 28829, ""starting_bankroll"": 10000.0, ""strategy"": ""late_lotto_ticket"", ""venue"": ""kalshi""}
",540.0,0.0
5.0,156,1250.0,91,154.0064516129023,-5.0,1245.0,2.648936170212766,156,5000.0,620.0,120,0.005,60,0.001,1.6064516129032258,470.0,0,/home/matt/workspace/kalshi-btc-15m-bot/runs/late_lotto_ticket/late-lotto-sweep-20260522T134139Z-w60-120-p0p005-min0p001-cheapest-n5p0,late-lotto-sweep-20260522T134139Z-w60-120-p0p005-min0p001-cheapest-n5p0,0.4778876597952828,cheapest,1061,12.369577665098502,28829,ok,,"aired_leftover_pnl"": 470.0, ""unpaired_no_pnl"": 845.0, ""unpaired_time_buckets"": {""no:00-02m"": {""contracts"": 173005.952386, ""cost"": 405.0, ""payout"": 1250.0, ""pnl"": 845.0}, ""yes:00-02m"": {""contracts"": 168033.730162, ""cost"": 375.0, ""payout"": 0.0, ""pnl"": -375.0}}, ""unpaired_yes_pnl"": -375.0}, ""realized_pnl"": 470.0, ""settled_markets"": 156, ""settlement_sources"": [""kalshi_api""], ""total_cost"": 780.0}, ""reference_price_provenance"": {""composite_60s_reference_ticks"": 0, ""requested_source"": ""single_venue"", ""single_venue_ticks"": 28829, ""warnings"": []}, ""reference_price_source"": ""single_venue"", ""run_dir"": ""/home/matt/workspace/kalshi-btc-15m-bot/runs/late_lotto_ticket/late-lotto-sweep-20260522T134139Z-w60-120-p0p005-min0p001-cheapest-n5p0"", ""run_id"": ""late-lotto-sweep-20260522T134139Z-w60-120-p0p005-min0p001-cheapest-n5p0"", ""settled_positions"": 156, ""settlements_from_feed_db"": true, ""signals"": 1061, ""snapshots"": 28829, ""starting_bankroll"": 10000.0, ""strategy"": ""late_lotto_ticket"", ""venue"": ""kalshi""}
",780.0,0.00641025641025641
10.0,156,2500.0,92,154.0064516129023,-10.0,2490.0,2.648936170212766,156,10000.0,1240.0,120,0.005,60,0.001,1.6064516129032258,940.0,0,/home/matt/workspace/kalshi-btc-15m-bot/runs/late_lotto_ticket/late-lotto-sweep-20260522T134139Z-w60-120-p0p005-min0p001-cheapest-n10p0,late-lotto-sweep-20260522T134139Z-w60-120-p0p005-min0p001-cheapest-n10p0,0.4778876597952828,cheapest,1061,12.369577665098502,28829,ok,,"_leftover_pnl"": 940.0, ""unpaired_no_pnl"": 1690.0, ""unpaired_time_buckets"": {""no:00-02m"": {""contracts"": 346011.904757, ""cost"": 810.0, ""payout"": 2500.0, ""pnl"": 1690.0}, ""yes:00-02m"": {""contracts"": 336067.460315, ""cost"": 750.0, ""payout"": 0.0, ""pnl"": -750.0}}, ""unpaired_yes_pnl"": -750.0}, ""realized_pnl"": 940.0, ""settled_markets"": 156, ""settlement_sources"": [""kalshi_api""], ""total_cost"": 1560.0}, ""reference_price_provenance"": {""composite_60s_reference_ticks"": 0, ""requested_source"": ""single_venue"", ""single_venue_ticks"": 28829, ""warnings"": []}, ""reference_price_source"": ""single_venue"", ""run_dir"": ""/home/matt/workspace/kalshi-btc-15m-bot/runs/late_lotto_ticket/late-lotto-sweep-20260522T134139Z-w60-120-p0p005-min0p001-cheapest-n10p0"", ""run_id"": ""late-lotto-sweep-20260522T134139Z-w60-120-p0p005-min0p001-cheapest-n10p0"", ""settled_positions"": 156, ""settlements_from_feed_db"": true, ""signals"": 1061, ""snapshots"": 28829, ""starting_bankroll"": 10000.0, ""strategy"": ""late_lotto_ticket"", ""venue"": ""kalshi""}
",1560.0,0.00641025641025641
5.0,81,1250.0,93,79.0125,-5.0,1245.0,1.4733727810650887,81,5000.0,335.0,120,0.005,60,0.001,3.1125,845.0,0,/home/matt/workspace/kalshi-btc-15m-bot/runs/late_lotto_ticket/late-lotto-sweep-20260522T134139Z-w60-120-p0p005-min0p001-no_only-n5p0,late-lotto-sweep-20260522T134139Z-w60-120-p0p005-min0p001-no_only-n5p0,1.192351924186435,no_only,489,8.83246851112414,28829,ok,,"mpleted_pair_pnl"": 0.0, ""unpaired_leftover_cost"": 405.0, ""unpaired_leftover_payout"": 1250.0, ""unpaired_leftover_pnl"": 845.0, ""unpaired_no_pnl"": 845.0, ""unpaired_time_buckets"": {""no:00-02m"": {""contracts"": 173005.952386, ""cost"": 405.0, ""payout"": 1250.0, ""pnl"": 845.0}}, ""unpaired_yes_pnl"": 0.0}, ""realized_pnl"": 845.0, ""settled_markets"": 81, ""settlement_sources"": [""kalshi_api""], ""total_cost"": 405.0}, ""reference_price_provenance"": {""composite_60s_reference_ticks"": 0, ""requested_source"": ""single_venue"", ""single_venue_ticks"": 28829, ""warnings"": []}, ""reference_price_source"": ""single_venue"", ""run_dir"": ""/home/matt/workspace/kalshi-btc-15m-bot/runs/late_lotto_ticket/late-lotto-sweep-20260522T134139Z-w60-120-p0p005-min0p001-no_only-n5p0"", ""run_id"": ""late-lotto-sweep-20260522T134139Z-w60-120-p0p005-min0p001-no_only-n5p0"", ""settled_positions"": 81, ""settlements_from_feed_db"": true, ""signals"": 489, ""snapshots"": 28829, ""starting_bankroll"": 10000.0, ""strategy"": ""late_lotto_ticket"", ""venue"": ""kalshi""}
",405.0,0.012345679012345678
10.0,81,2500.0,94,79.0125,-10.0,2490.0,1.4733727810650887,81,10000.0,670.0,120,0.005,60,0.001,3.1125,1690.0,0,/home/matt/workspace/kalshi-btc-15m-bot/runs/late_lotto_ticket/late-lotto-sweep-20260522T134139Z-w60-120-p0p005-min0p001-no_only-n10p0,late-lotto-sweep-20260522T134139Z-w60-120-p0p005-min0p001-no_only-n10p0,1.192351924186435,no_only,489,8.83246851112414,28829,ok,,"d_pair_pnl"": 0.0, ""unpaired_leftover_cost"": 810.0, ""unpaired_leftover_payout"": 2500.0, ""unpaired_leftover_pnl"": 1690.0, ""unpaired_no_pnl"": 1690.0, ""unpaired_time_buckets"": {""no:00-02m"": {""contracts"": 346011.904757, ""cost"": 810.0, ""payout"": 2500.0, ""pnl"": 1690.0}}, ""unpaired_yes_pnl"": 0.0}, ""realized_pnl"": 1690.0, ""settled_markets"": 81, ""settlement_sources"": [""kalshi_api""], ""total_cost"": 810.0}, ""reference_price_provenance"": {""composite_60s_reference_ticks"": 0, ""requested_source"": ""single_venue"", ""single_venue_ticks"": 28829, ""warnings"": []}, ""reference_price_source"": ""single_venue"", ""run_dir"": ""/home/matt/workspace/kalshi-btc-15m-bot/runs/late_lotto_ticket/late-lotto-sweep-20260522T134139Z-w60-120-p0p005-min0p001-no_only-n10p0"", ""run_id"": ""late-lotto-sweep-20260522T134139Z-w60-120-p0p005-min0p001-no_only-n10p0"", ""settled_positions"": 81, ""settlements_from_feed_db"": true, ""signals"": 489, ""snapshots"": 28829, ""starting_bankroll"": 10000.0, ""strategy"": ""late_lotto_ticket"", ""venue"": ""kalshi""}
",810.0,0.012345679012345678
5.0,75,0.0,95,1.0,-5.0,0.0,,75,5000.0,375.0,120,0.005,60,0.001,0.0,-375.0,0,/home/matt/workspace/kalshi-btc-15m-bot/runs/late_lotto_ticket/late-lotto-sweep-20260522T134139Z-w60-120-p0p005-min0p001-yes_only-n5p0,late-lotto-sweep-20260522T134139Z-w60-120-p0p005-min0p001-yes_only-n5p0,-1.032933994557482e+16,yes_only,572,-1.0,28829,ok,,"pleted_pair_pnl"": 0.0, ""unpaired_leftover_cost"": 375.0, ""unpaired_leftover_payout"": 0.0, ""unpaired_leftover_pnl"": -375.0, ""unpaired_no_pnl"": 0.0, ""unpaired_time_buckets"": {""yes:00-02m"": {""contracts"": 168033.730162, ""cost"": 375.0, ""payout"": 0.0, ""pnl"": -375.0}}, ""unpaired_yes_pnl"": -375.0}, ""realized_pnl"": -375.0, ""settled_markets"": 75, ""settlement_sources"": [""kalshi_api""], ""total_cost"": 375.0}, ""reference_price_provenance"": {""composite_60s_reference_ticks"": 0, ""requested_source"": ""single_venue"", ""single_venue_ticks"": 28829, ""warnings"": []}, ""reference_price_source"": ""single_venue"", ""run_dir"": ""/home/matt/workspace/kalshi-btc-15m-bot/runs/late_lotto_ticket/late-lotto-sweep-20260522T134139Z-w60-120-p0p005-min0p001-yes_only-n5p0"", ""run_id"": ""late-lotto-sweep-20260522T134139Z-w60-120-p0p005-min0p001-yes_only-n5p0"", ""settled_positions"": 75, ""settlements_from_feed_db"": true, ""signals"": 572, ""snapshots"": 28829, ""starting_bankroll"": 10000.0, ""strategy"": ""late_lotto_ticket"", ""venue"": ""kalshi""}
",375.0,0.0
10.0,75,0.0,96,1.0,-10.0,0.0,,75,10000.0,750.0,120,0.005,60,0.001,0.0,-750.0,0,/home/matt/workspace/kalshi-btc-15m-bot/runs/late_lotto_ticket/late-lotto-sweep-20260522T134139Z-w60-120-p0p005-min0p001-yes_only-n10p0,late-lotto-sweep-20260522T134139Z-w60-120-p0p005-min0p001-yes_only-n10p0,-1.032933994557482e+16,yes_only,572,-1.0,28829,ok,,"eted_pair_pnl"": 0.0, ""unpaired_leftover_cost"": 750.0, ""unpaired_leftover_payout"": 0.0, ""unpaired_leftover_pnl"": -750.0, ""unpaired_no_pnl"": 0.0, ""unpaired_time_buckets"": {""yes:00-02m"": {""contracts"": 336067.460315, ""cost"": 750.0, ""payout"": 0.0, ""pnl"": -750.0}}, ""unpaired_yes_pnl"": -750.0}, ""realized_pnl"": -750.0, ""settled_markets"": 75, ""settlement_sources"": [""kalshi_api""], ""total_cost"": 750.0}, ""reference_price_provenance"": {""composite_60s_reference_ticks"": 0, ""requested_source"": ""single_venue"", ""single_venue_ticks"": 28829, ""warnings"": []}, ""reference_price_source"": ""single_venue"", ""run_dir"": ""/home/matt/workspace/kalshi-btc-15m-bot/runs/late_lotto_ticket/late-lotto-sweep-20260522T134139Z-w60-120-p0p005-min0p001-yes_only-n10p0"", ""run_id"": ""late-lotto-sweep-20260522T134139Z-w60-120-p0p005-min0p001-yes_only-n10p0"", ""settled_positions"": 75, ""settlements_from_feed_db"": true, ""signals"": 572, ""snapshots"": 28829, ""starting_bankroll"": 10000.0, ""strategy"": ""late_lotto_ticket"", ""venue"": ""kalshi""}
",750.0,0.0
5.0,210,1000.0,97,208.00478468899465,-5.0,995.0,,210,5000.0,850.0,120,0.01,60,0.001,0.9521531100478469,-50.0,0,/home/matt/workspace/kalshi-btc-15m-bot/runs/late_lotto_ticket/late-lotto-sweep-20260522T134139Z-w60-120-p0p01-min0p001-cheapest-n5p0,late-lotto-sweep-20260522T134139Z-w60-120-p0p01-min0p001-cheapest-n5p0,-0.054772255750514635,cheapest,1165,14.38766084841443,28829,ok,,"paired_leftover_pnl"": -50.0, ""unpaired_no_pnl"": 450.0, ""unpaired_time_buckets"": {""no:00-02m"": {""contracts"": 184485.560495, ""cost"": 550.0, ""payout"": 1000.0, ""pnl"": 450.0}, ""yes:00-02m"": {""contracts"": 174946.895425, ""cost"": 500.0, ""payout"": 0.0, ""pnl"": -500.0}}, ""unpaired_yes_pnl"": -500.0}, ""realized_pnl"": -50.0, ""settled_markets"": 210, ""settlement_sources"": [""kalshi_api""], ""total_cost"": 1050.0}, ""reference_price_provenance"": {""composite_60s_reference_ticks"": 0, ""requested_source"": ""single_venue"", ""single_venue_ticks"": 28829, ""warnings"": []}, ""reference_price_source"": ""single_venue"", ""run_dir"": ""/home/matt/workspace/kalshi-btc-15m-bot/runs/late_lotto_ticket/late-lotto-sweep-20260522T134139Z-w60-120-p0p01-min0p001-cheapest-n5p0"", ""run_id"": ""late-lotto-sweep-20260522T134139Z-w60-120-p0p01-min0p001-cheapest-n5p0"", ""settled_positions"": 210, ""settlements_from_feed_db"": true, ""signals"": 1165, ""snapshots"": 28829, ""starting_bankroll"": 10000.0, ""strategy"": ""late_lotto_ticket"", ""venue"": ""kalshi""}
",1050.0,0.004761904761904762
10.0,210,2000.0,98,208.00478468899465,-10.0,1990.0,,210,10000.0,1700.0,120,0.01,60,0.001,0.9521531100478469,-100.0,0,/home/matt/workspace/kalshi-btc-15m-bot/runs/late_lotto_ticket/late-lotto-sweep-20260522T134139Z-w60-120-p0p01-min0p001-cheapest-n10p0,late-lotto-sweep-20260522T134139Z-w60-120-p0p01-min0p001-cheapest-n10p0,-0.054772255750514635,cheapest,1165,14.38766084841443,28829,ok,,"eftover_pnl"": -100.0, ""unpaired_no_pnl"": 900.0, ""unpaired_time_buckets"": {""no:00-02m"": {""contracts"": 368971.120984, ""cost"": 1100.0, ""payout"": 2000.0, ""pnl"": 900.0}, ""yes:00-02m"": {""contracts"": 349893.790851, ""cost"": 1000.0, ""payout"": 0.0, ""pnl"": -1000.0}}, ""unpaired_yes_pnl"": -1000.0}, ""realized_pnl"": -100.0, ""settled_markets"": 210, ""settlement_sources"": [""kalshi_api""], ""total_cost"": 2100.0}, ""reference_price_provenance"": {""composite_60s_reference_ticks"": 0, ""requested_source"": ""single_venue"", ""single_venue_ticks"": 28829, ""warnings"": []}, ""reference_price_source"": ""single_venue"", ""run_dir"": ""/home/matt/workspace/kalshi-btc-15m-bot/runs/late_lotto_ticket/late-lotto-sweep-20260522T134139Z-w60-120-p0p01-min0p001-cheapest-n10p0"", ""run_id"": ""late-lotto-sweep-20260522T134139Z-w60-120-p0p01-min0p001-cheapest-n10p0"", ""settled_positions"": 210, ""settlements_from_feed_db"": true, ""signals"": 1165, ""snapshots"": 28829, ""starting_bankroll"": 10000.0, ""strategy"": ""late_lotto_ticket"", ""venue"": ""kalshi""}
",2100.0,0.004761904761904762
5.0,110,1000.0,99,108.00917431192637,-5.0,995.0,2.2111111111111112,110,5000.0,460.0,120,0.01,60,0.001,1.8256880733944953,450.0,0,/home/matt/workspace/kalshi-btc-15m-bot/runs/late_lotto_ticket/late-lotto-sweep-20260522T134139Z-w60-120-p0p01-min0p001-no_only-n5p0,late-lotto-sweep-20260522T134139Z-w60-120-p0p01-min0p001-no_only-n5p0,0.6811087217978418,no_only,543,10.344523880388428,28829,ok,,"mpleted_pair_pnl"": 0.0, ""unpaired_leftover_cost"": 550.0, ""unpaired_leftover_payout"": 1000.0, ""unpaired_leftover_pnl"": 450.0, ""unpaired_no_pnl"": 450.0, ""unpaired_time_buckets"": {""no:00-02m"": {""contracts"": 184485.560495, ""cost"": 550.0, ""payout"": 1000.0, ""pnl"": 450.0}}, ""unpaired_yes_pnl"": 0.0}, ""realized_pnl"": 450.0, ""settled_markets"": 110, ""settlement_sources"": [""kalshi_api""], ""total_cost"": 550.0}, ""reference_price_provenance"": {""composite_60s_reference_ticks"": 0, ""requested_source"": ""single_venue"", ""single_venue_ticks"": 28829, ""warnings"": []}, ""reference_price_source"": ""single_venue"", ""run_dir"": ""/home/matt/workspace/kalshi-btc-15m-bot/runs/late_lotto_ticket/late-lotto-sweep-20260522T134139Z-w60-120-p0p01-min0p001-no_only-n5p0"", ""run_id"": ""late-lotto-sweep-20260522T134139Z-w60-120-p0p01-min0p001-no_only-n5p0"", ""settled_positions"": 110, ""settlements_from_feed_db"": true, ""signals"": 543, ""snapshots"": 28829, ""starting_bankroll"": 10000.0, ""strategy"": ""late_lotto_ticket"", ""venue"": ""kalshi""}
",550.0,0.00909090909090909
10.0,110,2000.0,100,108.00917431192637,-10.0,1990.0,2.2111111111111112,110,10000.0,920.0,120,0.01,60,0.001,1.8256880733944953,900.0,0,/home/matt/workspace/kalshi-btc-15m-bot/runs/late_lotto_ticket/late-lotto-sweep-20260522T134139Z-w60-120-p0p01-min0p001-no_only-n10p0,late-lotto-sweep-20260522T134139Z-w60-120-p0p01-min0p001-no_only-n10p0,0.6811087217978418,no_only,543,10.344523880388428,28829,ok,,"ed_pair_pnl"": 0.0, ""unpaired_leftover_cost"": 1100.0, ""unpaired_leftover_payout"": 2000.0, ""unpaired_leftover_pnl"": 900.0, ""unpaired_no_pnl"": 900.0, ""unpaired_time_buckets"": {""no:00-02m"": {""contracts"": 368971.120984, ""cost"": 1100.0, ""payout"": 2000.0, ""pnl"": 900.0}}, ""unpaired_yes_pnl"": 0.0}, ""realized_pnl"": 900.0, ""settled_markets"": 110, ""settlement_sources"": [""kalshi_api""], ""total_cost"": 1100.0}, ""reference_price_provenance"": {""composite_60s_reference_ticks"": 0, ""requested_source"": ""single_venue"", ""single_venue_ticks"": 28829, ""warnings"": []}, ""reference_price_source"": ""single_venue"", ""run_dir"": ""/home/matt/workspace/kalshi-btc-15m-bot/runs/late_lotto_ticket/late-lotto-sweep-20260522T134139Z-w60-120-p0p01-min0p001-no_only-n10p0"", ""run_id"": ""late-lotto-sweep-20260522T134139Z-w60-120-p0p01-min0p001-no_only-n10p0"", ""settled_positions"": 110, ""settlements_from_feed_db"": true, ""signals"": 543, ""snapshots"": 28829, ""starting_bankroll"": 10000.0, ""strategy"": ""late_lotto_ticket"", ""venue"": ""kalshi""}
",1100.0,0.00909090909090909
5.0,100,0.0,101,1.0,-5.0,0.0,,100,5000.0,500.0,120,0.01,60,0.001,0.0,-500.0,0,/home/matt/workspace/kalshi-btc-15m-bot/runs/late_lotto_ticket/late-lotto-sweep-20260522T134139Z-w60-120-p0p01-min0p001-yes_only-n5p0,late-lotto-sweep-20260522T134139Z-w60-120-p0p01-min0p001-yes_only-n5p0,-8129607705308255.0,yes_only,622,-1.0,28829,ok,,"pleted_pair_pnl"": 0.0, ""unpaired_leftover_cost"": 500.0, ""unpaired_leftover_payout"": 0.0, ""unpaired_leftover_pnl"": -500.0, ""unpaired_no_pnl"": 0.0, ""unpaired_time_buckets"": {""yes:00-02m"": {""contracts"": 174946.895425, ""cost"": 500.0, ""payout"": 0.0, ""pnl"": -500.0}}, ""unpaired_yes_pnl"": -500.0}, ""realized_pnl"": -500.0, ""settled_markets"": 100, ""settlement_sources"": [""kalshi_api""], ""total_cost"": 500.0}, ""reference_price_provenance"": {""composite_60s_reference_ticks"": 0, ""requested_source"": ""single_venue"", ""single_venue_ticks"": 28829, ""warnings"": []}, ""reference_price_source"": ""single_venue"", ""run_dir"": ""/home/matt/workspace/kalshi-btc-15m-bot/runs/late_lotto_ticket/late-lotto-sweep-20260522T134139Z-w60-120-p0p01-min0p001-yes_only-n5p0"", ""run_id"": ""late-lotto-sweep-20260522T134139Z-w60-120-p0p01-min0p001-yes_only-n5p0"", ""settled_positions"": 100, ""settlements_from_feed_db"": true, ""signals"": 622, ""snapshots"": 28829, ""starting_bankroll"": 10000.0, ""strategy"": ""late_lotto_ticket"", ""venue"": ""kalshi""}
",500.0,0.0
10.0,100,0.0,102,1.0,-10.0,0.0,,100,10000.0,1000.0,120,0.01,60,0.001,0.0,-1000.0,0,/home/matt/workspace/kalshi-btc-15m-bot/runs/late_lotto_ticket/late-lotto-sweep-20260522T134139Z-w60-120-p0p01-min0p001-yes_only-n10p0,late-lotto-sweep-20260522T134139Z-w60-120-p0p01-min0p001-yes_only-n10p0,-8129607705308255.0,yes_only,622,-1.0,28829,ok,,"ir_pnl"": 0.0, ""unpaired_leftover_cost"": 1000.0, ""unpaired_leftover_payout"": 0.0, ""unpaired_leftover_pnl"": -1000.0, ""unpaired_no_pnl"": 0.0, ""unpaired_time_buckets"": {""yes:00-02m"": {""contracts"": 349893.790851, ""cost"": 1000.0, ""payout"": 0.0, ""pnl"": -1000.0}}, ""unpaired_yes_pnl"": -1000.0}, ""realized_pnl"": -1000.0, ""settled_markets"": 100, ""settlement_sources"": [""kalshi_api""], ""total_cost"": 1000.0}, ""reference_price_provenance"": {""composite_60s_reference_ticks"": 0, ""requested_source"": ""single_venue"", ""single_venue_ticks"": 28829, ""warnings"": []}, ""reference_price_source"": ""single_venue"", ""run_dir"": ""/home/matt/workspace/kalshi-btc-15m-bot/runs/late_lotto_ticket/late-lotto-sweep-20260522T134139Z-w60-120-p0p01-min0p001-yes_only-n10p0"", ""run_id"": ""late-lotto-sweep-20260522T134139Z-w60-120-p0p01-min0p001-yes_only-n10p0"", ""settled_positions"": 100, ""settlements_from_feed_db"": true, ""signals"": 622, ""snapshots"": 28829, ""starting_bankroll"": 10000.0, ""strategy"": ""late_lotto_ticket"", ""venue"": ""kalshi""}
",1000.0,0.0
5.0,237,1000.0,103,235.0042372881323,-5.0,995.0,,237,5000.0,945.0,120,0.015,60,0.001,0.8432203389830508,-185.0,0,/home/matt/workspace/kalshi-btc-15m-bot/runs/late_lotto_ticket/late-lotto-sweep-20260522T134139Z-w60-120-p0p015-min0p001-cheapest-n5p0,late-lotto-sweep-20260522T134139Z-w60-120-p0p015-min0p001-cheapest-n5p0,-0.19076461737047928,cheapest,1219,15.297197040246669,28829,ok,,"ed_leftover_pnl"": -185.0, ""unpaired_no_pnl"": 350.0, ""unpaired_time_buckets"": {""no:00-02m"": {""contracts"": 190360.717101, ""cost"": 650.0, ""payout"": 1000.0, ""pnl"": 350.0}, ""yes:00-02m"": {""contracts"": 175361.469006, ""cost"": 535.0, ""payout"": 0.0, ""pnl"": -535.0}}, ""unpaired_yes_pnl"": -535.0}, ""realized_pnl"": -185.0, ""settled_markets"": 237, ""settlement_sources"": [""kalshi_api""], ""total_cost"": 1185.0}, ""reference_price_provenance"": {""composite_60s_reference_ticks"": 0, ""requested_source"": ""single_venue"", ""single_venue_ticks"": 28829, ""warnings"": []}, ""reference_price_source"": ""single_venue"", ""run_dir"": ""/home/matt/workspace/kalshi-btc-15m-bot/runs/late_lotto_ticket/late-lotto-sweep-20260522T134139Z-w60-120-p0p015-min0p001-cheapest-n5p0"", ""run_id"": ""late-lotto-sweep-20260522T134139Z-w60-120-p0p015-min0p001-cheapest-n5p0"", ""settled_positions"": 237, ""settlements_from_feed_db"": true, ""signals"": 1219, ""snapshots"": 28829, ""starting_bankroll"": 10000.0, ""strategy"": ""late_lotto_ticket"", ""venue"": ""kalshi""}
",1185.0,0.004219409282700422
10.0,237,2000.0,104,235.0042372881323,-10.0,1990.0,,237,10000.0,1890.0,120,0.015,60,0.001,0.8432203389830508,-370.0,0,/home/matt/workspace/kalshi-btc-15m-bot/runs/late_lotto_ticket/late-lotto-sweep-20260522T134139Z-w60-120-p0p015-min0p001-cheapest-n10p0,late-lotto-sweep-20260522T134139Z-w60-120-p0p015-min0p001-cheapest-n10p0,-0.19076461737047928,cheapest,1219,15.297197040246669,28829,ok,,"tover_pnl"": -370.0, ""unpaired_no_pnl"": 700.0, ""unpaired_time_buckets"": {""no:00-02m"": {""contracts"": 380721.434195, ""cost"": 1300.0, ""payout"": 2000.0, ""pnl"": 700.0}, ""yes:00-02m"": {""contracts"": 350722.938011, ""cost"": 1070.0, ""payout"": 0.0, ""pnl"": -1070.0}}, ""unpaired_yes_pnl"": -1070.0}, ""realized_pnl"": -370.0, ""settled_markets"": 237, ""settlement_sources"": [""kalshi_api""], ""total_cost"": 2370.0}, ""reference_price_provenance"": {""composite_60s_reference_ticks"": 0, ""requested_source"": ""single_venue"", ""single_venue_ticks"": 28829, ""warnings"": []}, ""reference_price_source"": ""single_venue"", ""run_dir"": ""/home/matt/workspace/kalshi-btc-15m-bot/runs/late_lotto_ticket/late-lotto-sweep-20260522T134139Z-w60-120-p0p015-min0p001-cheapest-n10p0"", ""run_id"": ""late-lotto-sweep-20260522T134139Z-w60-120-p0p015-min0p001-cheapest-n10p0"", ""settled_positions"": 237, ""settlements_from_feed_db"": true, ""signals"": 1219, ""snapshots"": 28829, ""starting_bankroll"": 10000.0, ""strategy"": ""late_lotto_ticket"", ""venue"": ""kalshi""}
",2370.0,0.004219409282700422
5.0,130,1000.0,105,128.00775193798341,-5.0,995.0,2.842857142857143,130,5000.0,525.0,120,0.015,60,0.001,1.5426356589147288,350.0,0,/home/matt/workspace/kalshi-btc-15m-bot/runs/late_lotto_ticket/late-lotto-sweep-20260522T134139Z-w60-120-p0p015-min0p001-no_only-n5p0,late-lotto-sweep-20260522T134139Z-w60-120-p0p015-min0p001-no_only-n5p0,0.48730025493687057,no_only,583,11.26977160096802,28829,ok,,"leted_pair_pnl"": 0.0, ""unpaired_leftover_cost"": 650.0, ""unpaired_leftover_payout"": 1000.0, ""unpaired_leftover_pnl"": 350.0, ""unpaired_no_pnl"": 350.0, ""unpaired_time_buckets"": {""no:00-02m"": {""contracts"": 190360.717101, ""cost"": 650.0, ""payout"": 1000.0, ""pnl"": 350.0}}, ""unpaired_yes_pnl"": 0.0}, ""realized_pnl"": 350.0, ""settled_markets"": 130, ""settlement_sources"": [""kalshi_api""], ""total_cost"": 650.0}, ""reference_price_provenance"": {""composite_60s_reference_ticks"": 0, ""requested_source"": ""single_venue"", ""single_venue_ticks"": 28829, ""warnings"": []}, ""reference_price_source"": ""single_venue"", ""run_dir"": ""/home/matt/workspace/kalshi-btc-15m-bot/runs/late_lotto_ticket/late-lotto-sweep-20260522T134139Z-w60-120-p0p015-min0p001-no_only-n5p0"", ""run_id"": ""late-lotto-sweep-20260522T134139Z-w60-120-p0p015-min0p001-no_only-n5p0"", ""settled_positions"": 130, ""settlements_from_feed_db"": true, ""signals"": 583, ""snapshots"": 28829, ""starting_bankroll"": 10000.0, ""strategy"": ""late_lotto_ticket"", ""venue"": ""kalshi""}
",650.0,0.007692307692307693
10.0,130,2000.0,106,128.00775193798341,-10.0,1990.0,2.842857142857143,130,10000.0,1050.0,120,0.015,60,0.001,1.5426356589147288,700.0,0,/home/matt/workspace/kalshi-btc-15m-bot/runs/late_lotto_ticket/late-lotto-sweep-20260522T134139Z-w60-120-p0p015-min0p001-no_only-n10p0,late-lotto-sweep-20260522T134139Z-w60-120-p0p015-min0p001-no_only-n10p0,0.48730025493687057,no_only,583,11.26977160096802,28829,ok,,"_pair_pnl"": 0.0, ""unpaired_leftover_cost"": 1300.0, ""unpaired_leftover_payout"": 2000.0, ""unpaired_leftover_pnl"": 700.0, ""unpaired_no_pnl"": 700.0, ""unpaired_time_buckets"": {""no:00-02m"": {""contracts"": 380721.434195, ""cost"": 1300.0, ""payout"": 2000.0, ""pnl"": 700.0}}, ""unpaired_yes_pnl"": 0.0}, ""realized_pnl"": 700.0, ""settled_markets"": 130, ""settlement_sources"": [""kalshi_api""], ""total_cost"": 1300.0}, ""reference_price_provenance"": {""composite_60s_reference_ticks"": 0, ""requested_source"": ""single_venue"", ""single_venue_ticks"": 28829, ""warnings"": []}, ""reference_price_source"": ""single_venue"", ""run_dir"": ""/home/matt/workspace/kalshi-btc-15m-bot/runs/late_lotto_ticket/late-lotto-sweep-20260522T134139Z-w60-120-p0p015-min0p001-no_only-n10p0"", ""run_id"": ""late-lotto-sweep-20260522T134139Z-w60-120-p0p015-min0p001-no_only-n10p0"", ""settled_positions"": 130, ""settlements_from_feed_db"": true, ""signals"": 583, ""snapshots"": 28829, ""starting_bankroll"": 10000.0, ""strategy"": ""late_lotto_ticket"", ""venue"": ""kalshi""}
",1300.0,0.007692307692307693
5.0,107,0.0,107,1.0,-5.0,0.0,,107,5000.0,535.0,120,0.015,60,0.001,0.0,-535.0,0,/home/matt/workspace/kalshi-btc-15m-bot/runs/late_lotto_ticket/late-lotto-sweep-20260522T134139Z-w60-120-p0p015-min0p001-yes_only-n5p0,late-lotto-sweep-20260522T134139Z-w60-120-p0p015-min0p001-yes_only-n5p0,-7590140450630934.0,yes_only,636,-1.0,28829,ok,,"eted_pair_pnl"": 0.0, ""unpaired_leftover_cost"": 535.0, ""unpaired_leftover_payout"": 0.0, ""unpaired_leftover_pnl"": -535.0, ""unpaired_no_pnl"": 0.0, ""unpaired_time_buckets"": {""yes:00-02m"": {""contracts"": 175361.469006, ""cost"": 535.0, ""payout"": 0.0, ""pnl"": -535.0}}, ""unpaired_yes_pnl"": -535.0}, ""realized_pnl"": -535.0, ""settled_markets"": 107, ""settlement_sources"": [""kalshi_api""], ""total_cost"": 535.0}, ""reference_price_provenance"": {""composite_60s_reference_ticks"": 0, ""requested_source"": ""single_venue"", ""single_venue_ticks"": 28829, ""warnings"": []}, ""reference_price_source"": ""single_venue"", ""run_dir"": ""/home/matt/workspace/kalshi-btc-15m-bot/runs/late_lotto_ticket/late-lotto-sweep-20260522T134139Z-w60-120-p0p015-min0p001-yes_only-n5p0"", ""run_id"": ""late-lotto-sweep-20260522T134139Z-w60-120-p0p015-min0p001-yes_only-n5p0"", ""settled_positions"": 107, ""settlements_from_feed_db"": true, ""signals"": 636, ""snapshots"": 28829, ""starting_bankroll"": 10000.0, ""strategy"": ""late_lotto_ticket"", ""venue"": ""kalshi""}
",535.0,0.0
10.0,107,0.0,108,1.0,-10.0,0.0,,107,10000.0,1070.0,120,0.015,60,0.001,0.0,-1070.0,0,/home/matt/workspace/kalshi-btc-15m-bot/runs/late_lotto_ticket/late-lotto-sweep-20260522T134139Z-w60-120-p0p015-min0p001-yes_only-n10p0,late-lotto-sweep-20260522T134139Z-w60-120-p0p015-min0p001-yes_only-n10p0,-7590140450630934.0,yes_only,636,-1.0,28829,ok,,"_pnl"": 0.0, ""unpaired_leftover_cost"": 1070.0, ""unpaired_leftover_payout"": 0.0, ""unpaired_leftover_pnl"": -1070.0, ""unpaired_no_pnl"": 0.0, ""unpaired_time_buckets"": {""yes:00-02m"": {""contracts"": 350722.938011, ""cost"": 1070.0, ""payout"": 0.0, ""pnl"": -1070.0}}, ""unpaired_yes_pnl"": -1070.0}, ""realized_pnl"": -1070.0, ""settled_markets"": 107, ""settlement_sources"": [""kalshi_api""], ""total_cost"": 1070.0}, ""reference_price_provenance"": {""composite_60s_reference_ticks"": 0, ""requested_source"": ""single_venue"", ""single_venue_ticks"": 28829, ""warnings"": []}, ""reference_price_source"": ""single_venue"", ""run_dir"": ""/home/matt/workspace/kalshi-btc-15m-bot/runs/late_lotto_ticket/late-lotto-sweep-20260522T134139Z-w60-120-p0p015-min0p001-yes_only-n10p0"", ""run_id"": ""late-lotto-sweep-20260522T134139Z-w60-120-p0p015-min0p001-yes_only-n10p0"", ""settled_positions"": 107, ""settlements_from_feed_db"": true, ""signals"": 636, ""snapshots"": 28829, ""starting_bankroll"": 10000.0, ""strategy"": ""late_lotto_ticket"", ""venue"": ""kalshi""}
",1070.0,0.0
5.0,253,1250.0,109,223.10881080995958,-5.0,995.0,,253,5000.0,745.0,120,0.02,60,0.001,0.9880478087649402,-15.0,0,/home/matt/workspace/kalshi-btc-15m-bot/runs/late_lotto_ticket/late-lotto-sweep-20260522T134139Z-w60-120-p0p02-min0p001-cheapest-n5p0,late-lotto-sweep-20260522T134139Z-w60-120-p0p02-min0p001-cheapest-n5p0,-0.014536929435435242,cheapest,1251,14.649990096154948,28829,ok,,"paired_leftover_pnl"": -15.0, ""unpaired_no_pnl"": 555.0, ""unpaired_time_buckets"": {""no:00-02m"": {""contracts"": 191025.508752, ""cost"": 695.0, ""payout"": 1250.0, ""pnl"": 555.0}, ""yes:00-02m"": {""contracts"": 175607.056646, ""cost"": 570.0, ""payout"": 0.0, ""pnl"": -570.0}}, ""unpaired_yes_pnl"": -570.0}, ""realized_pnl"": -15.0, ""settled_markets"": 253, ""settlement_sources"": [""kalshi_api""], ""total_cost"": 1265.0}, ""reference_price_provenance"": {""composite_60s_reference_ticks"": 0, ""requested_source"": ""single_venue"", ""single_venue_ticks"": 28829, ""warnings"": []}, ""reference_price_source"": ""single_venue"", ""run_dir"": ""/home/matt/workspace/kalshi-btc-15m-bot/runs/late_lotto_ticket/late-lotto-sweep-20260522T134139Z-w60-120-p0p02-min0p001-cheapest-n5p0"", ""run_id"": ""late-lotto-sweep-20260522T134139Z-w60-120-p0p02-min0p001-cheapest-n5p0"", ""settled_positions"": 253, ""settlements_from_feed_db"": true, ""signals"": 1251, ""snapshots"": 28829, ""starting_bankroll"": 10000.0, ""strategy"": ""late_lotto_ticket"", ""venue"": ""kalshi""}
",1265.0,0.007905138339920948
10.0,253,2500.0,110,223.10881080995958,-10.0,1990.0,,253,10000.0,1490.0,120,0.02,60,0.001,0.9880478087649402,-30.0,0,/home/matt/workspace/kalshi-btc-15m-bot/runs/late_lotto_ticket/late-lotto-sweep-20260522T134139Z-w60-120-p0p02-min0p001-cheapest-n10p0,late-lotto-sweep-20260522T134139Z-w60-120-p0p02-min0p001-cheapest-n10p0,-0.014536929435435242,cheapest,1251,14.649990096154948,28829,ok,,"leftover_pnl"": -30.0, ""unpaired_no_pnl"": 1110.0, ""unpaired_time_buckets"": {""no:00-02m"": {""contracts"": 382051.017492, ""cost"": 1390.0, ""payout"": 2500.0, ""pnl"": 1110.0}, ""yes:00-02m"": {""contracts"": 351214.11329, ""cost"": 1140.0, ""payout"": 0.0, ""pnl"": -1140.0}}, ""unpaired_yes_pnl"": -1140.0}, ""realized_pnl"": -30.0, ""settled_markets"": 253, ""settlement_sources"": [""kalshi_api""], ""total_cost"": 2530.0}, ""reference_price_provenance"": {""composite_60s_reference_ticks"": 0, ""requested_source"": ""single_venue"", ""single_venue_ticks"": 28829, ""warnings"": []}, ""reference_price_source"": ""single_venue"", ""run_dir"": ""/home/matt/workspace/kalshi-btc-15m-bot/runs/late_lotto_ticket/late-lotto-sweep-20260522T134139Z-w60-120-p0p02-min0p001-cheapest-n10p0"", ""run_id"": ""late-lotto-sweep-20260522T134139Z-w60-120-p0p02-min0p001-cheapest-n10p0"", ""settled_positions"": 253, ""settlements_from_feed_db"": true, ""signals"": 1251, ""snapshots"": 28829, ""starting_bankroll"": 10000.0, ""strategy"": ""late_lotto_ticket"", ""venue"": ""kalshi""}
",2530.0,0.007905138339920948
5.0,139,1250.0,111,121.736124110084,-5.0,995.0,1.7927927927927927,139,5000.0,385.0,120,0.02,60,0.001,1.8102189781021898,555.0,0,/home/matt/workspace/kalshi-btc-15m-bot/runs/late_lotto_ticket/late-lotto-sweep-20260522T134139Z-w60-120-p0p02-min0p001-no_only-n5p0,late-lotto-sweep-20260522T134139Z-w60-120-p0p02-min0p001-no_only-n5p0,0.7262115209922653,no_only,601,10.79770631403883,28829,ok,,"mpleted_pair_pnl"": 0.0, ""unpaired_leftover_cost"": 695.0, ""unpaired_leftover_payout"": 1250.0, ""unpaired_leftover_pnl"": 555.0, ""unpaired_no_pnl"": 555.0, ""unpaired_time_buckets"": {""no:00-02m"": {""contracts"": 191025.508752, ""cost"": 695.0, ""payout"": 1250.0, ""pnl"": 555.0}}, ""unpaired_yes_pnl"": 0.0}, ""realized_pnl"": 555.0, ""settled_markets"": 139, ""settlement_sources"": [""kalshi_api""], ""total_cost"": 695.0}, ""reference_price_provenance"": {""composite_60s_reference_ticks"": 0, ""requested_source"": ""single_venue"", ""single_venue_ticks"": 28829, ""warnings"": []}, ""reference_price_source"": ""single_venue"", ""run_dir"": ""/home/matt/workspace/kalshi-btc-15m-bot/runs/late_lotto_ticket/late-lotto-sweep-20260522T134139Z-w60-120-p0p02-min0p001-no_only-n5p0"", ""run_id"": ""late-lotto-sweep-20260522T134139Z-w60-120-p0p02-min0p001-no_only-n5p0"", ""settled_positions"": 139, ""settlements_from_feed_db"": true, ""signals"": 601, ""snapshots"": 28829, ""starting_bankroll"": 10000.0, ""strategy"": ""late_lotto_ticket"", ""venue"": ""kalshi""}
",695.0,0.014388489208633094
10.0,139,2500.0,112,121.736124110084,-10.0,1990.0,1.7927927927927927,139,10000.0,770.0,120,0.02,60,0.001,1.8102189781021898,1110.0,0,/home/matt/workspace/kalshi-btc-15m-bot/runs/late_lotto_ticket/late-lotto-sweep-20260522T134139Z-w60-120-p0p02-min0p001-no_only-n10p0,late-lotto-sweep-20260522T134139Z-w60-120-p0p02-min0p001-no_only-n10p0,0.7262115209922653,no_only,601,10.79770631403883,28829,ok,,"air_pnl"": 0.0, ""unpaired_leftover_cost"": 1390.0, ""unpaired_leftover_payout"": 2500.0, ""unpaired_leftover_pnl"": 1110.0, ""unpaired_no_pnl"": 1110.0, ""unpaired_time_buckets"": {""no:00-02m"": {""contracts"": 382051.017492, ""cost"": 1390.0, ""payout"": 2500.0, ""pnl"": 1110.0}}, ""unpaired_yes_pnl"": 0.0}, ""realized_pnl"": 1110.0, ""settled_markets"": 139, ""settlement_sources"": [""kalshi_api""], ""total_cost"": 1390.0}, ""reference_price_provenance"": {""composite_60s_reference_ticks"": 0, ""requested_source"": ""single_venue"", ""single_venue_ticks"": 28829, ""warnings"": []}, ""reference_price_source"": ""single_venue"", ""run_dir"": ""/home/matt/workspace/kalshi-btc-15m-bot/runs/late_lotto_ticket/late-lotto-sweep-20260522T134139Z-w60-120-p0p02-min0p001-no_only-n10p0"", ""run_id"": ""late-lotto-sweep-20260522T134139Z-w60-120-p0p02-min0p001-no_only-n10p0"", ""settled_positions"": 139, ""settlements_from_feed_db"": true, ""signals"": 601, ""snapshots"": 28829, ""starting_bankroll"": 10000.0, ""strategy"": ""late_lotto_ticket"", ""venue"": ""kalshi""}
",1390.0,0.014388489208633094
5.0,114,0.0,113,1.0,-5.0,0.0,,114,5000.0,570.0,120,0.02,60,0.001,0.0,-570.0,0,/home/matt/workspace/kalshi-btc-15m-bot/runs/late_lotto_ticket/late-lotto-sweep-20260522T134139Z-w60-120-p0p02-min0p001-yes_only-n5p0,late-lotto-sweep-20260522T134139Z-w60-120-p0p02-min0p001-yes_only-n5p0,-7117817376094800.0,yes_only,650,-1.0,28829,ok,,"pleted_pair_pnl"": 0.0, ""unpaired_leftover_cost"": 570.0, ""unpaired_leftover_payout"": 0.0, ""unpaired_leftover_pnl"": -570.0, ""unpaired_no_pnl"": 0.0, ""unpaired_time_buckets"": {""yes:00-02m"": {""contracts"": 175607.056646, ""cost"": 570.0, ""payout"": 0.0, ""pnl"": -570.0}}, ""unpaired_yes_pnl"": -570.0}, ""realized_pnl"": -570.0, ""settled_markets"": 114, ""settlement_sources"": [""kalshi_api""], ""total_cost"": 570.0}, ""reference_price_provenance"": {""composite_60s_reference_ticks"": 0, ""requested_source"": ""single_venue"", ""single_venue_ticks"": 28829, ""warnings"": []}, ""reference_price_source"": ""single_venue"", ""run_dir"": ""/home/matt/workspace/kalshi-btc-15m-bot/runs/late_lotto_ticket/late-lotto-sweep-20260522T134139Z-w60-120-p0p02-min0p001-yes_only-n5p0"", ""run_id"": ""late-lotto-sweep-20260522T134139Z-w60-120-p0p02-min0p001-yes_only-n5p0"", ""settled_positions"": 114, ""settlements_from_feed_db"": true, ""signals"": 650, ""snapshots"": 28829, ""starting_bankroll"": 10000.0, ""strategy"": ""late_lotto_ticket"", ""venue"": ""kalshi""}
",570.0,0.0
10.0,114,0.0,114,1.0,-10.0,0.0,,114,10000.0,1140.0,120,0.02,60,0.001,0.0,-1140.0,0,/home/matt/workspace/kalshi-btc-15m-bot/runs/late_lotto_ticket/late-lotto-sweep-20260522T134139Z-w60-120-p0p02-min0p001-yes_only-n10p0,late-lotto-sweep-20260522T134139Z-w60-120-p0p02-min0p001-yes_only-n10p0,-7117817376094800.0,yes_only,650,-1.0,28829,ok,,"air_pnl"": 0.0, ""unpaired_leftover_cost"": 1140.0, ""unpaired_leftover_payout"": 0.0, ""unpaired_leftover_pnl"": -1140.0, ""unpaired_no_pnl"": 0.0, ""unpaired_time_buckets"": {""yes:00-02m"": {""contracts"": 351214.11329, ""cost"": 1140.0, ""payout"": 0.0, ""pnl"": -1140.0}}, ""unpaired_yes_pnl"": -1140.0}, ""realized_pnl"": -1140.0, ""settled_markets"": 114, ""settlement_sources"": [""kalshi_api""], ""total_cost"": 1140.0}, ""reference_price_provenance"": {""composite_60s_reference_ticks"": 0, ""requested_source"": ""single_venue"", ""single_venue_ticks"": 28829, ""warnings"": []}, ""reference_price_source"": ""single_venue"", ""run_dir"": ""/home/matt/workspace/kalshi-btc-15m-bot/runs/late_lotto_ticket/late-lotto-sweep-20260522T134139Z-w60-120-p0p02-min0p001-yes_only-n10p0"", ""run_id"": ""late-lotto-sweep-20260522T134139Z-w60-120-p0p02-min0p001-yes_only-n10p0"", ""settled_positions"": 114, ""settlements_from_feed_db"": true, ""signals"": 650, ""snapshots"": 28829, ""starting_bankroll"": 10000.0, ""strategy"": ""late_lotto_ticket"", ""venue"": ""kalshi""}
",1140.0,0.0
5.0,267,1359.8484848484848,115,233.58905328548488,-5.0,995.0,40.04268292682923,267,5000.0,690.1515151515151,120,0.03,60,0.001,1.0188246097337006,24.848484848484873,0,/home/matt/workspace/kalshi-btc-15m-bot/runs/late_lotto_ticket/late-lotto-sweep-20260522T134139Z-w60-120-p0p03-min0p001-cheapest-n5p0,late-lotto-sweep-20260522T134139Z-w60-120-p0p03-min0p001-cheapest-n5p0,0.023409536946305515,cheapest,1279,14.929117359037583,28829,ok,,"red_no_pnl"": 649.8484848484849, ""unpaired_time_buckets"": {""no:00-02m"": {""contracts"": 191314.370864, ""cost"": 710.0, ""payout"": 1359.848485, ""pnl"": 649.848485}, ""yes:00-02m"": {""contracts"": 177008.694753, ""cost"": 625.0, ""payout"": 0.0, ""pnl"": -625.0}}, ""unpaired_yes_pnl"": -625.0}, ""realized_pnl"": 24.848484848484873, ""settled_markets"": 267, ""settlement_sources"": [""kalshi_api""], ""total_cost"": 1335.0}, ""reference_price_provenance"": {""composite_60s_reference_ticks"": 0, ""requested_source"": ""single_venue"", ""single_venue_ticks"": 28829, ""warnings"": []}, ""reference_price_source"": ""single_venue"", ""run_dir"": ""/home/matt/workspace/kalshi-btc-15m-bot/runs/late_lotto_ticket/late-lotto-sweep-20260522T134139Z-w60-120-p0p03-min0p001-cheapest-n5p0"", ""run_id"": ""late-lotto-sweep-20260522T134139Z-w60-120-p0p03-min0p001-cheapest-n5p0"", ""settled_positions"": 267, ""settlements_from_feed_db"": true, ""signals"": 1279, ""snapshots"": 28829, ""starting_bankroll"": 10000.0, ""strategy"": ""late_lotto_ticket"", ""venue"": ""kalshi""}
",1335.0,0.011235955056179775
10.0,267,2719.6969696969695,116,233.58905328548488,-10.0,1990.0,40.04268292682923,267,10000.0,1380.3030303030303,120,0.03,60,0.001,1.0188246097337006,49.696969696969745,0,/home/matt/workspace/kalshi-btc-15m-bot/runs/late_lotto_ticket/late-lotto-sweep-20260522T134139Z-w60-120-p0p03-min0p001-cheapest-n10p0,late-lotto-sweep-20260522T134139Z-w60-120-p0p03-min0p001-cheapest-n10p0,0.023409536946305515,cheapest,1279,14.929117359037583,28829,ok,,"_pnl"": 1299.6969696969697, ""unpaired_time_buckets"": {""no:00-02m"": {""contracts"": 382628.741713, ""cost"": 1420.0, ""payout"": 2719.69697, ""pnl"": 1299.69697}, ""yes:00-02m"": {""contracts"": 354017.389498, ""cost"": 1250.0, ""payout"": 0.0, ""pnl"": -1250.0}}, ""unpaired_yes_pnl"": -1250.0}, ""realized_pnl"": 49.696969696969745, ""settled_markets"": 267, ""settlement_sources"": [""kalshi_api""], ""total_cost"": 2670.0}, ""reference_price_provenance"": {""composite_60s_reference_ticks"": 0, ""requested_source"": ""single_venue"", ""single_venue_ticks"": 28829, ""warnings"": []}, ""reference_price_source"": ""single_venue"", ""run_dir"": ""/home/matt/workspace/kalshi-btc-15m-bot/runs/late_lotto_ticket/late-lotto-sweep-20260522T134139Z-w60-120-p0p03-min0p001-cheapest-n10p0"", ""run_id"": ""late-lotto-sweep-20260522T134139Z-w60-120-p0p03-min0p001-cheapest-n10p0"", ""settled_positions"": 267, ""settlements_from_feed_db"": true, ""signals"": 1279, ""snapshots"": 28829, ""starting_bankroll"": 10000.0, ""strategy"": ""late_lotto_ticket"", ""venue"": ""kalshi""}
",2670.0,0.011235955056179775
5.0,142,1359.8484848484848,117,123.40268644253078,-5.0,995.0,1.5311261366285847,142,5000.0,248.4848484848485,120,0.03,60,0.001,1.9350337911488988,649.8484848484849,0,/home/matt/workspace/kalshi-btc-15m-bot/runs/late_lotto_ticket/late-lotto-sweep-20260522T134139Z-w60-120-p0p03-min0p001-no_only-n5p0,late-lotto-sweep-20260522T134139Z-w60-120-p0p03-min0p001-no_only-n5p0,0.840523554363338,no_only,607,10.825898359152648,28829,ok,,"unpaired_leftover_payout"": 1359.8484848484848, ""unpaired_leftover_pnl"": 649.8484848484849, ""unpaired_no_pnl"": 649.8484848484849, ""unpaired_time_buckets"": {""no:00-02m"": {""contracts"": 191314.370864, ""cost"": 710.0, ""payout"": 1359.848485, ""pnl"": 649.848485}}, ""unpaired_yes_pnl"": 0.0}, ""realized_pnl"": 649.8484848484849, ""settled_markets"": 142, ""settlement_sources"": [""kalshi_api""], ""total_cost"": 710.0}, ""reference_price_provenance"": {""composite_60s_reference_ticks"": 0, ""requested_source"": ""single_venue"", ""single_venue_ticks"": 28829, ""warnings"": []}, ""reference_price_source"": ""single_venue"", ""run_dir"": ""/home/matt/workspace/kalshi-btc-15m-bot/runs/late_lotto_ticket/late-lotto-sweep-20260522T134139Z-w60-120-p0p03-min0p001-no_only-n5p0"", ""run_id"": ""late-lotto-sweep-20260522T134139Z-w60-120-p0p03-min0p001-no_only-n5p0"", ""settled_positions"": 142, ""settlements_from_feed_db"": true, ""signals"": 607, ""snapshots"": 28829, ""starting_bankroll"": 10000.0, ""strategy"": ""late_lotto_ticket"", ""venue"": ""kalshi""}
",710.0,0.02112676056338028
10.0,142,2719.6969696969695,118,123.40268644253078,-10.0,1990.0,1.5311261366285847,142,10000.0,496.969696969697,120,0.03,60,0.001,1.9350337911488988,1299.6969696969697,0,/home/matt/workspace/kalshi-btc-15m-bot/runs/late_lotto_ticket/late-lotto-sweep-20260522T134139Z-w60-120-p0p03-min0p001-no_only-n10p0,late-lotto-sweep-20260522T134139Z-w60-120-p0p03-min0p001-no_only-n10p0,0.840523554363338,no_only,607,10.825898359152648,28829,ok,,"ed_leftover_payout"": 2719.6969696969695, ""unpaired_leftover_pnl"": 1299.6969696969697, ""unpaired_no_pnl"": 1299.6969696969697, ""unpaired_time_buckets"": {""no:00-02m"": {""contracts"": 382628.741713, ""cost"": 1420.0, ""payout"": 2719.69697, ""pnl"": 1299.69697}}, ""unpaired_yes_pnl"": 0.0}, ""realized_pnl"": 1299.6969696969697, ""settled_markets"": 142, ""settlement_sources"": [""kalshi_api""], ""total_cost"": 1420.0}, ""reference_price_provenance"": {""composite_60s_reference_ticks"": 0, ""requested_source"": ""single_venue"", ""single_venue_ticks"": 28829, ""warnings"": []}, ""reference_price_source"": ""single_venue"", ""run_dir"": ""/home/matt/workspace/kalshi-btc-15m-bot/runs/late_lotto_ticket/late-lotto-sweep-20260522T134139Z-w60-120-p0p03-min0p001-no_only-n10p0"", ""run_id"": ""late-lotto-sweep-20260522T134139Z-w60-120-p0p03-min0p001-no_only-n10p0"", ""settled_positions"": 142, ""settlements_from_feed_db"": true, ""signals"": 607, ""snapshots"": 28829, ""starting_bankroll"": 10000.0, ""strategy"": ""late_lotto_ticket"", ""venue"": ""kalshi""}
",1420.0,0.02112676056338028
5.0,125,0.0,119,1.0,-5.0,0.0,,125,5000.0,625.0,120,0.03,60,0.001,0.0,-625.0,0,/home/matt/workspace/kalshi-btc-15m-bot/runs/late_lotto_ticket/late-lotto-sweep-20260522T134139Z-w60-120-p0p03-min0p001-yes_only-n5p0,late-lotto-sweep-20260522T134139Z-w60-120-p0p03-min0p001-yes_only-n5p0,-6701730236444532.0,yes_only,672,-1.0,28829,ok,,"pleted_pair_pnl"": 0.0, ""unpaired_leftover_cost"": 625.0, ""unpaired_leftover_payout"": 0.0, ""unpaired_leftover_pnl"": -625.0, ""unpaired_no_pnl"": 0.0, ""unpaired_time_buckets"": {""yes:00-02m"": {""contracts"": 177008.694753, ""cost"": 625.0, ""payout"": 0.0, ""pnl"": -625.0}}, ""unpaired_yes_pnl"": -625.0}, ""realized_pnl"": -625.0, ""settled_markets"": 125, ""settlement_sources"": [""kalshi_api""], ""total_cost"": 625.0}, ""reference_price_provenance"": {""composite_60s_reference_ticks"": 0, ""requested_source"": ""single_venue"", ""single_venue_ticks"": 28829, ""warnings"": []}, ""reference_price_source"": ""single_venue"", ""run_dir"": ""/home/matt/workspace/kalshi-btc-15m-bot/runs/late_lotto_ticket/late-lotto-sweep-20260522T134139Z-w60-120-p0p03-min0p001-yes_only-n5p0"", ""run_id"": ""late-lotto-sweep-20260522T134139Z-w60-120-p0p03-min0p001-yes_only-n5p0"", ""settled_positions"": 125, ""settlements_from_feed_db"": true, ""signals"": 672, ""snapshots"": 28829, ""starting_bankroll"": 10000.0, ""strategy"": ""late_lotto_ticket"", ""venue"": ""kalshi""}
",625.0,0.0
10.0,125,0.0,120,1.0,-10.0,0.0,,125,10000.0,1250.0,120,0.03,60,0.001,0.0,-1250.0,0,/home/matt/workspace/kalshi-btc-15m-bot/runs/late_lotto_ticket/late-lotto-sweep-20260522T134139Z-w60-120-p0p03-min0p001-yes_only-n10p0,late-lotto-sweep-20260522T134139Z-w60-120-p0p03-min0p001-yes_only-n10p0,-6701730236444532.0,yes_only,672,-1.0,28829,ok,,"ir_pnl"": 0.0, ""unpaired_leftover_cost"": 1250.0, ""unpaired_leftover_payout"": 0.0, ""unpaired_leftover_pnl"": -1250.0, ""unpaired_no_pnl"": 0.0, ""unpaired_time_buckets"": {""yes:00-02m"": {""contracts"": 354017.389498, ""cost"": 1250.0, ""payout"": 0.0, ""pnl"": -1250.0}}, ""unpaired_yes_pnl"": -1250.0}, ""realized_pnl"": -1250.0, ""settled_markets"": 125, ""settlement_sources"": [""kalshi_api""], ""total_cost"": 1250.0}, ""reference_price_provenance"": {""composite_60s_reference_ticks"": 0, ""requested_source"": ""single_venue"", ""single_venue_ticks"": 28829, ""warnings"": []}, ""reference_price_source"": ""single_venue"", ""run_dir"": ""/home/matt/workspace/kalshi-btc-15m-bot/runs/late_lotto_ticket/late-lotto-sweep-20260522T134139Z-w60-120-p0p03-min0p001-yes_only-n10p0"", ""run_id"": ""late-lotto-sweep-20260522T134139Z-w60-120-p0p03-min0p001-yes_only-n10p0"", ""settled_positions"": 125, ""settlements_from_feed_db"": true, ""signals"": 672, ""snapshots"": 28829, ""starting_bankroll"": 10000.0, ""strategy"": ""late_lotto_ticket"", ""venue"": ""kalshi""}
",1250.0,0.0
5.0,281,1439.6223146223147,121,243.88923765195565,-5.0,995.0,28.738690952762177,281,5000.0,669.8648648648649,120,0.05,60,0.001,1.0249980610991443,34.62231462231466,0,/home/matt/workspace/kalshi-btc-15m-bot/runs/late_lotto_ticket/late-lotto-sweep-20260522T134139Z-w60-120-p0p05-min0p001-cheapest-n5p0,late-lotto-sweep-20260522T134139Z-w60-120-p0p05-min0p001-cheapest-n5p0,0.0317360815148533,cheapest,1307,15.222703701618402,28829,ok,,"684684685, ""unpaired_time_buckets"": {""no:00-02m"": {""contracts"": 190816.023716, ""cost"": 740.0, ""payout"": 1343.468468, ""pnl"": 603.468468}, ""yes:00-02m"": {""contracts"": 177570.73484, ""cost"": 665.0, ""payout"": 96.153846, ""pnl"": -568.846154}}, ""unpaired_yes_pnl"": -568.8461538461538}, ""realized_pnl"": 34.62231462231466, ""settled_markets"": 281, ""settlement_sources"": [""kalshi_api""], ""total_cost"": 1405.0}, ""reference_price_provenance"": {""composite_60s_reference_ticks"": 0, ""requested_source"": ""single_venue"", ""single_venue_ticks"": 28829, ""warnings"": []}, ""reference_price_source"": ""single_venue"", ""run_dir"": ""/home/matt/workspace/kalshi-btc-15m-bot/runs/late_lotto_ticket/late-lotto-sweep-20260522T134139Z-w60-120-p0p05-min0p001-cheapest-n5p0"", ""run_id"": ""late-lotto-sweep-20260522T134139Z-w60-120-p0p05-min0p001-cheapest-n5p0"", ""settled_positions"": 281, ""settlements_from_feed_db"": true, ""signals"": 1307, ""snapshots"": 28829, ""starting_bankroll"": 10000.0, ""strategy"": ""late_lotto_ticket"", ""venue"": ""kalshi""}
",1405.0,0.014234875444839857
10.0,281,2879.2446292446293,122,243.88923765195565,-10.0,1990.0,28.738690952762177,281,10000.0,1339.7297297297298,120,0.05,60,0.001,1.0249980610991443,69.24462924462932,0,/home/matt/workspace/kalshi-btc-15m-bot/runs/late_lotto_ticket/late-lotto-sweep-20260522T134139Z-w60-120-p0p05-min0p001-cheapest-n10p0,late-lotto-sweep-20260522T134139Z-w60-120-p0p05-min0p001-cheapest-n10p0,0.0317360815148533,cheapest,1307,15.222703701618402,28829,ok,,", ""unpaired_time_buckets"": {""no:00-02m"": {""contracts"": 381632.047414, ""cost"": 1480.0, ""payout"": 2686.936937, ""pnl"": 1206.936937}, ""yes:00-02m"": {""contracts"": 355141.469668, ""cost"": 1330.0, ""payout"": 192.307692, ""pnl"": -1137.692308}}, ""unpaired_yes_pnl"": -1137.6923076923076}, ""realized_pnl"": 69.24462924462932, ""settled_markets"": 281, ""settlement_sources"": [""kalshi_api""], ""total_cost"": 2810.0}, ""reference_price_provenance"": {""composite_60s_reference_ticks"": 0, ""requested_source"": ""single_venue"", ""single_venue_ticks"": 28829, ""warnings"": []}, ""reference_price_source"": ""single_venue"", ""run_dir"": ""/home/matt/workspace/kalshi-btc-15m-bot/runs/late_lotto_ticket/late-lotto-sweep-20260522T134139Z-w60-120-p0p05-min0p001-cheapest-n10p0"", ""run_id"": ""late-lotto-sweep-20260522T134139Z-w60-120-p0p05-min0p001-cheapest-n10p0"", ""settled_positions"": 281, ""settlements_from_feed_db"": true, ""signals"": 1307, ""snapshots"": 28829, ""starting_bankroll"": 10000.0, ""strategy"": ""late_lotto_ticket"", ""venue"": ""kalshi""}
",2810.0,0.014234875444839857
5.0,148,1343.4684684684685,123,129.80897276877826,-5.0,995.0,1.6488019705904307,148,5000.0,284.8648648648649,120,0.05,60,0.001,1.8323703013358186,603.4684684684685,0,/home/matt/workspace/kalshi-btc-15m-bot/runs/late_lotto_ticket/late-lotto-sweep-20260522T134139Z-w60-120-p0p05-min0p001-no_only-n5p0,late-lotto-sweep-20260522T134139Z-w60-120-p0p05-min0p001-no_only-n5p0,0.7660674434803125,no_only,619,11.121165533476642,28829,ok,,"unpaired_leftover_payout"": 1343.4684684684685, ""unpaired_leftover_pnl"": 603.4684684684685, ""unpaired_no_pnl"": 603.4684684684685, ""unpaired_time_buckets"": {""no:00-02m"": {""contracts"": 190816.023716, ""cost"": 740.0, ""payout"": 1343.468468, ""pnl"": 603.468468}}, ""unpaired_yes_pnl"": 0.0}, ""realized_pnl"": 603.4684684684685, ""settled_markets"": 148, ""settlement_sources"": [""kalshi_api""], ""total_cost"": 740.0}, ""reference_price_provenance"": {""composite_60s_reference_ticks"": 0, ""requested_source"": ""single_venue"", ""single_venue_ticks"": 28829, ""warnings"": []}, ""reference_price_source"": ""single_venue"", ""run_dir"": ""/home/matt/workspace/kalshi-btc-15m-bot/runs/late_lotto_ticket/late-lotto-sweep-20260522T134139Z-w60-120-p0p05-min0p001-no_only-n5p0"", ""run_id"": ""late-lotto-sweep-20260522T134139Z-w60-120-p0p05-min0p001-no_only-n5p0"", ""settled_positions"": 148, ""settlements_from_feed_db"": true, ""signals"": 619, ""snapshots"": 28829, ""starting_bankroll"": 10000.0, ""strategy"": ""late_lotto_ticket"", ""venue"": ""kalshi""}
",740.0,0.02027027027027027
10.0,148,2686.936936936937,124,129.80897276877826,-10.0,1990.0,1.6488019705904307,148,10000.0,569.7297297297298,120,0.05,60,0.001,1.8323703013358186,1206.936936936937,0,/home/matt/workspace/kalshi-btc-15m-bot/runs/late_lotto_ticket/late-lotto-sweep-20260522T134139Z-w60-120-p0p05-min0p001-no_only-n10p0,late-lotto-sweep-20260522T134139Z-w60-120-p0p05-min0p001-no_only-n10p0,0.7660674434803125,no_only,619,11.121165533476642,28829,ok,,"ired_leftover_payout"": 2686.936936936937, ""unpaired_leftover_pnl"": 1206.936936936937, ""unpaired_no_pnl"": 1206.936936936937, ""unpaired_time_buckets"": {""no:00-02m"": {""contracts"": 381632.047414, ""cost"": 1480.0, ""payout"": 2686.936937, ""pnl"": 1206.936937}}, ""unpaired_yes_pnl"": 0.0}, ""realized_pnl"": 1206.936936936937, ""settled_markets"": 148, ""settlement_sources"": [""kalshi_api""], ""total_cost"": 1480.0}, ""reference_price_provenance"": {""composite_60s_reference_ticks"": 0, ""requested_source"": ""single_venue"", ""single_venue_ticks"": 28829, ""warnings"": []}, ""reference_price_source"": ""single_venue"", ""run_dir"": ""/home/matt/workspace/kalshi-btc-15m-bot/runs/late_lotto_ticket/late-lotto-sweep-20260522T134139Z-w60-120-p0p05-min0p001-no_only-n10p0"", ""run_id"": ""late-lotto-sweep-20260522T134139Z-w60-120-p0p05-min0p001-no_only-n10p0"", ""settled_positions"": 148, ""settlements_from_feed_db"": true, ""signals"": 619, ""snapshots"": 28829, ""starting_bankroll"": 10000.0, ""strategy"": ""late_lotto_ticket"", ""venue"": ""kalshi""}
",1480.0,0.02027027027027027
5.0,133,96.15384615384616,125,131.00757575757498,-5.0,91.15384615384616,,133,5000.0,568.8461538461538,120,0.05,60,0.001,0.13811188811188813,-568.8461538461538,0,/home/matt/workspace/kalshi-btc-15m-bot/runs/late_lotto_ticket/late-lotto-sweep-20260522T134139Z-w60-120-p0p05-min0p001-yes_only-n5p0,late-lotto-sweep-20260522T134139Z-w60-120-p0p05-min0p001-yes_only-n5p0,-8.143340889469437,yes_only,688,11.402086465098103,28829,ok,,"aired_leftover_payout"": 96.15384615384616, ""unpaired_leftover_pnl"": -568.8461538461538, ""unpaired_no_pnl"": 0.0, ""unpaired_time_buckets"": {""yes:00-02m"": {""contracts"": 177570.73484, ""cost"": 665.0, ""payout"": 96.153846, ""pnl"": -568.846154}}, ""unpaired_yes_pnl"": -568.8461538461538}, ""realized_pnl"": -568.8461538461538, ""settled_markets"": 133, ""settlement_sources"": [""kalshi_api""], ""total_cost"": 665.0}, ""reference_price_provenance"": {""composite_60s_reference_ticks"": 0, ""requested_source"": ""single_venue"", ""single_venue_ticks"": 28829, ""warnings"": []}, ""reference_price_source"": ""single_venue"", ""run_dir"": ""/home/matt/workspace/kalshi-btc-15m-bot/runs/late_lotto_ticket/late-lotto-sweep-20260522T134139Z-w60-120-p0p05-min0p001-yes_only-n5p0"", ""run_id"": ""late-lotto-sweep-20260522T134139Z-w60-120-p0p05-min0p001-yes_only-n5p0"", ""settled_positions"": 133, ""settlements_from_feed_db"": true, ""signals"": 688, ""snapshots"": 28829, ""starting_bankroll"": 10000.0, ""strategy"": ""late_lotto_ticket"", ""venue"": ""kalshi""}
",665.0,0.007518796992481203
10.0,133,192.30769230769232,126,131.00757575757498,-10.0,182.30769230769232,,133,10000.0,1137.6923076923076,120,0.05,60,0.001,0.13811188811188813,-1137.6923076923076,0,/home/matt/workspace/kalshi-btc-15m-bot/runs/late_lotto_ticket/late-lotto-sweep-20260522T134139Z-w60-120-p0p05-min0p001-yes_only-n10p0,late-lotto-sweep-20260522T134139Z-w60-120-p0p05-min0p001-yes_only-n10p0,-8.143340889469437,yes_only,688,11.402086465098103,28829,ok,,"ver_payout"": 192.30769230769232, ""unpaired_leftover_pnl"": -1137.6923076923076, ""unpaired_no_pnl"": 0.0, ""unpaired_time_buckets"": {""yes:00-02m"": {""contracts"": 355141.469668, ""cost"": 1330.0, ""payout"": 192.307692, ""pnl"": -1137.692308}}, ""unpaired_yes_pnl"": -1137.6923076923076}, ""realized_pnl"": -1137.6923076923076, ""settled_markets"": 133, ""settlement_sources"": [""kalshi_api""], ""total_cost"": 1330.0}, ""reference_price_provenance"": {""composite_60s_reference_ticks"": 0, ""requested_source"": ""single_venue"", ""single_venue_ticks"": 28829, ""warnings"": []}, ""reference_price_source"": ""single_venue"", ""run_dir"": ""/home/matt/workspace/kalshi-btc-15m-bot/runs/late_lotto_ticket/late-lotto-sweep-20260522T134139Z-w60-120-p0p05-min0p001-yes_only-n10p0"", ""run_id"": ""late-lotto-sweep-20260522T134139Z-w60-120-p0p05-min0p001-yes_only-n10p0"", ""settled_positions"": 133, ""settlements_from_feed_db"": true, ""signals"": 688, ""snapshots"": 28829, ""starting_bankroll"": 10000.0, ""strategy"": ""late_lotto_ticket"", ""venue"": ""kalshi""}
",1330.0,0.007518796992481203
5.0,0,0,127,0.0,0.0,0.0,,0,0.0,0.0,180,0.003,90,0.001,0.0,0,0,/home/matt/workspace/kalshi-btc-15m-bot/runs/late_lotto_ticket/late-lotto-sweep-20260522T134139Z-w90-180-p0p003-min0p001-cheapest-n5p0,late-lotto-sweep-20260522T134139Z-w90-180-p0p003-min0p001-cheapest-n5p0,0.0,cheapest,0,0.0,28829,ok,," 0, ""paired_locked_edge"": 0, ""pnl_split"": {""completed_pair_contracts"": 0, ""completed_pair_cost"": 0, ""completed_pair_payout"": 0, ""completed_pair_pnl"": 0, ""unpaired_leftover_cost"": 0, ""unpaired_leftover_payout"": 0, ""unpaired_leftover_pnl"": 0, ""unpaired_no_pnl"": 0, ""unpaired_time_buckets"": {}, ""unpaired_yes_pnl"": 0}, ""realized_pnl"": 0, ""settled_markets"": 0, ""settlement_sources"": [], ""total_cost"": 0}, ""reference_price_provenance"": {""composite_60s_reference_ticks"": 0, ""requested_source"": ""single_venue"", ""single_venue_ticks"": 28829, ""warnings"": []}, ""reference_price_source"": ""single_venue"", ""run_dir"": ""/home/matt/workspace/kalshi-btc-15m-bot/runs/late_lotto_ticket/late-lotto-sweep-20260522T134139Z-w90-180-p0p003-min0p001-cheapest-n5p0"", ""run_id"": ""late-lotto-sweep-20260522T134139Z-w90-180-p0p003-min0p001-cheapest-n5p0"", ""settled_positions"": 0, ""settlements_from_feed_db"": true, ""signals"": 0, ""snapshots"": 28829, ""starting_bankroll"": 10000.0, ""strategy"": ""late_lotto_ticket"", ""venue"": ""kalshi""}
",0,0.0
10.0,0,0,128,0.0,0.0,0.0,,0,0.0,0.0,180,0.003,90,0.001,0.0,0,0,/home/matt/workspace/kalshi-btc-15m-bot/runs/late_lotto_ticket/late-lotto-sweep-20260522T134139Z-w90-180-p0p003-min0p001-cheapest-n10p0,late-lotto-sweep-20260522T134139Z-w90-180-p0p003-min0p001-cheapest-n10p0,0.0,cheapest,0,0.0,28829,ok,,", ""paired_locked_edge"": 0, ""pnl_split"": {""completed_pair_contracts"": 0, ""completed_pair_cost"": 0, ""completed_pair_payout"": 0, ""completed_pair_pnl"": 0, ""unpaired_leftover_cost"": 0, ""unpaired_leftover_payout"": 0, ""unpaired_leftover_pnl"": 0, ""unpaired_no_pnl"": 0, ""unpaired_time_buckets"": {}, ""unpaired_yes_pnl"": 0}, ""realized_pnl"": 0, ""settled_markets"": 0, ""settlement_sources"": [], ""total_cost"": 0}, ""reference_price_provenance"": {""composite_60s_reference_ticks"": 0, ""requested_source"": ""single_venue"", ""single_venue_ticks"": 28829, ""warnings"": []}, ""reference_price_source"": ""single_venue"", ""run_dir"": ""/home/matt/workspace/kalshi-btc-15m-bot/runs/late_lotto_ticket/late-lotto-sweep-20260522T134139Z-w90-180-p0p003-min0p001-cheapest-n10p0"", ""run_id"": ""late-lotto-sweep-20260522T134139Z-w90-180-p0p003-min0p001-cheapest-n10p0"", ""settled_positions"": 0, ""settlements_from_feed_db"": true, ""signals"": 0, ""snapshots"": 28829, ""starting_bankroll"": 10000.0, ""strategy"": ""late_lotto_ticket"", ""venue"": ""kalshi""}
",0,0.0
5.0,0,0,129,0.0,0.0,0.0,,0,0.0,0.0,180,0.003,90,0.001,0.0,0,0,/home/matt/workspace/kalshi-btc-15m-bot/runs/late_lotto_ticket/late-lotto-sweep-20260522T134139Z-w90-180-p0p003-min0p001-no_only-n5p0,late-lotto-sweep-20260522T134139Z-w90-180-p0p003-min0p001-no_only-n5p0,0.0,no_only,0,0.0,28829,ok,,""": 0, ""paired_locked_edge"": 0, ""pnl_split"": {""completed_pair_contracts"": 0, ""completed_pair_cost"": 0, ""completed_pair_payout"": 0, ""completed_pair_pnl"": 0, ""unpaired_leftover_cost"": 0, ""unpaired_leftover_payout"": 0, ""unpaired_leftover_pnl"": 0, ""unpaired_no_pnl"": 0, ""unpaired_time_buckets"": {}, ""unpaired_yes_pnl"": 0}, ""realized_pnl"": 0, ""settled_markets"": 0, ""settlement_sources"": [], ""total_cost"": 0}, ""reference_price_provenance"": {""composite_60s_reference_ticks"": 0, ""requested_source"": ""single_venue"", ""single_venue_ticks"": 28829, ""warnings"": []}, ""reference_price_source"": ""single_venue"", ""run_dir"": ""/home/matt/workspace/kalshi-btc-15m-bot/runs/late_lotto_ticket/late-lotto-sweep-20260522T134139Z-w90-180-p0p003-min0p001-no_only-n5p0"", ""run_id"": ""late-lotto-sweep-20260522T134139Z-w90-180-p0p003-min0p001-no_only-n5p0"", ""settled_positions"": 0, ""settlements_from_feed_db"": true, ""signals"": 0, ""snapshots"": 28829, ""starting_bankroll"": 10000.0, ""strategy"": ""late_lotto_ticket"", ""venue"": ""kalshi""}
",0,0.0
10.0,0,0,130,0.0,0.0,0.0,,0,0.0,0.0,180,0.003,90,0.001,0.0,0,0,/home/matt/workspace/kalshi-btc-15m-bot/runs/late_lotto_ticket/late-lotto-sweep-20260522T134139Z-w90-180-p0p003-min0p001-no_only-n10p0,late-lotto-sweep-20260522T134139Z-w90-180-p0p003-min0p001-no_only-n10p0,0.0,no_only,0,0.0,28829,ok,," 0, ""paired_locked_edge"": 0, ""pnl_split"": {""completed_pair_contracts"": 0, ""completed_pair_cost"": 0, ""completed_pair_payout"": 0, ""completed_pair_pnl"": 0, ""unpaired_leftover_cost"": 0, ""unpaired_leftover_payout"": 0, ""unpaired_leftover_pnl"": 0, ""unpaired_no_pnl"": 0, ""unpaired_time_buckets"": {}, ""unpaired_yes_pnl"": 0}, ""realized_pnl"": 0, ""settled_markets"": 0, ""settlement_sources"": [], ""total_cost"": 0}, ""reference_price_provenance"": {""composite_60s_reference_ticks"": 0, ""requested_source"": ""single_venue"", ""single_venue_ticks"": 28829, ""warnings"": []}, ""reference_price_source"": ""single_venue"", ""run_dir"": ""/home/matt/workspace/kalshi-btc-15m-bot/runs/late_lotto_ticket/late-lotto-sweep-20260522T134139Z-w90-180-p0p003-min0p001-no_only-n10p0"", ""run_id"": ""late-lotto-sweep-20260522T134139Z-w90-180-p0p003-min0p001-no_only-n10p0"", ""settled_positions"": 0, ""settlements_from_feed_db"": true, ""signals"": 0, ""snapshots"": 28829, ""starting_bankroll"": 10000.0, ""strategy"": ""late_lotto_ticket"", ""venue"": ""kalshi""}
",0,0.0
5.0,0,0,131,0.0,0.0,0.0,,0,0.0,0.0,180,0.003,90,0.001,0.0,0,0,/home/matt/workspace/kalshi-btc-15m-bot/runs/late_lotto_ticket/late-lotto-sweep-20260522T134139Z-w90-180-p0p003-min0p001-yes_only-n5p0,late-lotto-sweep-20260522T134139Z-w90-180-p0p003-min0p001-yes_only-n5p0,0.0,yes_only,0,0.0,28829,ok,," 0, ""paired_locked_edge"": 0, ""pnl_split"": {""completed_pair_contracts"": 0, ""completed_pair_cost"": 0, ""completed_pair_payout"": 0, ""completed_pair_pnl"": 0, ""unpaired_leftover_cost"": 0, ""unpaired_leftover_payout"": 0, ""unpaired_leftover_pnl"": 0, ""unpaired_no_pnl"": 0, ""unpaired_time_buckets"": {}, ""unpaired_yes_pnl"": 0}, ""realized_pnl"": 0, ""settled_markets"": 0, ""settlement_sources"": [], ""total_cost"": 0}, ""reference_price_provenance"": {""composite_60s_reference_ticks"": 0, ""requested_source"": ""single_venue"", ""single_venue_ticks"": 28829, ""warnings"": []}, ""reference_price_source"": ""single_venue"", ""run_dir"": ""/home/matt/workspace/kalshi-btc-15m-bot/runs/late_lotto_ticket/late-lotto-sweep-20260522T134139Z-w90-180-p0p003-min0p001-yes_only-n5p0"", ""run_id"": ""late-lotto-sweep-20260522T134139Z-w90-180-p0p003-min0p001-yes_only-n5p0"", ""settled_positions"": 0, ""settlements_from_feed_db"": true, ""signals"": 0, ""snapshots"": 28829, ""starting_bankroll"": 10000.0, ""strategy"": ""late_lotto_ticket"", ""venue"": ""kalshi""}
",0,0.0
10.0,0,0,132,0.0,0.0,0.0,,0,0.0,0.0,180,0.003,90,0.001,0.0,0,0,/home/matt/workspace/kalshi-btc-15m-bot/runs/late_lotto_ticket/late-lotto-sweep-20260522T134139Z-w90-180-p0p003-min0p001-yes_only-n10p0,late-lotto-sweep-20260522T134139Z-w90-180-p0p003-min0p001-yes_only-n10p0,0.0,yes_only,0,0.0,28829,ok,,", ""paired_locked_edge"": 0, ""pnl_split"": {""completed_pair_contracts"": 0, ""completed_pair_cost"": 0, ""completed_pair_payout"": 0, ""completed_pair_pnl"": 0, ""unpaired_leftover_cost"": 0, ""unpaired_leftover_payout"": 0, ""unpaired_leftover_pnl"": 0, ""unpaired_no_pnl"": 0, ""unpaired_time_buckets"": {}, ""unpaired_yes_pnl"": 0}, ""realized_pnl"": 0, ""settled_markets"": 0, ""settlement_sources"": [], ""total_cost"": 0}, ""reference_price_provenance"": {""composite_60s_reference_ticks"": 0, ""requested_source"": ""single_venue"", ""single_venue_ticks"": 28829, ""warnings"": []}, ""reference_price_source"": ""single_venue"", ""run_dir"": ""/home/matt/workspace/kalshi-btc-15m-bot/runs/late_lotto_ticket/late-lotto-sweep-20260522T134139Z-w90-180-p0p003-min0p001-yes_only-n10p0"", ""run_id"": ""late-lotto-sweep-20260522T134139Z-w90-180-p0p003-min0p001-yes_only-n10p0"", ""settled_positions"": 0, ""settlements_from_feed_db"": true, ""signals"": 0, ""snapshots"": 28829, ""starting_bankroll"": 10000.0, ""strategy"": ""late_lotto_ticket"", ""venue"": ""kalshi""}
",0,0.0
5.0,0,0,133,0.0,0.0,0.0,,0,0.0,0.0,180,0.005,90,0.001,0.0,0,0,/home/matt/workspace/kalshi-btc-15m-bot/runs/late_lotto_ticket/late-lotto-sweep-20260522T134139Z-w90-180-p0p005-min0p001-cheapest-n5p0,late-lotto-sweep-20260522T134139Z-w90-180-p0p005-min0p001-cheapest-n5p0,0.0,cheapest,0,0.0,28829,ok,," 0, ""paired_locked_edge"": 0, ""pnl_split"": {""completed_pair_contracts"": 0, ""completed_pair_cost"": 0, ""completed_pair_payout"": 0, ""completed_pair_pnl"": 0, ""unpaired_leftover_cost"": 0, ""unpaired_leftover_payout"": 0, ""unpaired_leftover_pnl"": 0, ""unpaired_no_pnl"": 0, ""unpaired_time_buckets"": {}, ""unpaired_yes_pnl"": 0}, ""realized_pnl"": 0, ""settled_markets"": 0, ""settlement_sources"": [], ""total_cost"": 0}, ""reference_price_provenance"": {""composite_60s_reference_ticks"": 0, ""requested_source"": ""single_venue"", ""single_venue_ticks"": 28829, ""warnings"": []}, ""reference_price_source"": ""single_venue"", ""run_dir"": ""/home/matt/workspace/kalshi-btc-15m-bot/runs/late_lotto_ticket/late-lotto-sweep-20260522T134139Z-w90-180-p0p005-min0p001-cheapest-n5p0"", ""run_id"": ""late-lotto-sweep-20260522T134139Z-w90-180-p0p005-min0p001-cheapest-n5p0"", ""settled_positions"": 0, ""settlements_from_feed_db"": true, ""signals"": 0, ""snapshots"": 28829, ""starting_bankroll"": 10000.0, ""strategy"": ""late_lotto_ticket"", ""venue"": ""kalshi""}
",0,0.0
10.0,0,0,134,0.0,0.0,0.0,,0,0.0,0.0,180,0.005,90,0.001,0.0,0,0,/home/matt/workspace/kalshi-btc-15m-bot/runs/late_lotto_ticket/late-lotto-sweep-20260522T134139Z-w90-180-p0p005-min0p001-cheapest-n10p0,late-lotto-sweep-20260522T134139Z-w90-180-p0p005-min0p001-cheapest-n10p0,0.0,cheapest,0,0.0,28829,ok,,", ""paired_locked_edge"": 0, ""pnl_split"": {""completed_pair_contracts"": 0, ""completed_pair_cost"": 0, ""completed_pair_payout"": 0, ""completed_pair_pnl"": 0, ""unpaired_leftover_cost"": 0, ""unpaired_leftover_payout"": 0, ""unpaired_leftover_pnl"": 0, ""unpaired_no_pnl"": 0, ""unpaired_time_buckets"": {}, ""unpaired_yes_pnl"": 0}, ""realized_pnl"": 0, ""settled_markets"": 0, ""settlement_sources"": [], ""total_cost"": 0}, ""reference_price_provenance"": {""composite_60s_reference_ticks"": 0, ""requested_source"": ""single_venue"", ""single_venue_ticks"": 28829, ""warnings"": []}, ""reference_price_source"": ""single_venue"", ""run_dir"": ""/home/matt/workspace/kalshi-btc-15m-bot/runs/late_lotto_ticket/late-lotto-sweep-20260522T134139Z-w90-180-p0p005-min0p001-cheapest-n10p0"", ""run_id"": ""late-lotto-sweep-20260522T134139Z-w90-180-p0p005-min0p001-cheapest-n10p0"", ""settled_positions"": 0, ""settlements_from_feed_db"": true, ""signals"": 0, ""snapshots"": 28829, ""starting_bankroll"": 10000.0, ""strategy"": ""late_lotto_ticket"", ""venue"": ""kalshi""}
",0,0.0
5.0,0,0,135,0.0,0.0,0.0,,0,0.0,0.0,180,0.005,90,0.001,0.0,0,0,/home/matt/workspace/kalshi-btc-15m-bot/runs/late_lotto_ticket/late-lotto-sweep-20260522T134139Z-w90-180-p0p005-min0p001-no_only-n5p0,late-lotto-sweep-20260522T134139Z-w90-180-p0p005-min0p001-no_only-n5p0,0.0,no_only,0,0.0,28829,ok,,""": 0, ""paired_locked_edge"": 0, ""pnl_split"": {""completed_pair_contracts"": 0, ""completed_pair_cost"": 0, ""completed_pair_payout"": 0, ""completed_pair_pnl"": 0, ""unpaired_leftover_cost"": 0, ""unpaired_leftover_payout"": 0, ""unpaired_leftover_pnl"": 0, ""unpaired_no_pnl"": 0, ""unpaired_time_buckets"": {}, ""unpaired_yes_pnl"": 0}, ""realized_pnl"": 0, ""settled_markets"": 0, ""settlement_sources"": [], ""total_cost"": 0}, ""reference_price_provenance"": {""composite_60s_reference_ticks"": 0, ""requested_source"": ""single_venue"", ""single_venue_ticks"": 28829, ""warnings"": []}, ""reference_price_source"": ""single_venue"", ""run_dir"": ""/home/matt/workspace/kalshi-btc-15m-bot/runs/late_lotto_ticket/late-lotto-sweep-20260522T134139Z-w90-180-p0p005-min0p001-no_only-n5p0"", ""run_id"": ""late-lotto-sweep-20260522T134139Z-w90-180-p0p005-min0p001-no_only-n5p0"", ""settled_positions"": 0, ""settlements_from_feed_db"": true, ""signals"": 0, ""snapshots"": 28829, ""starting_bankroll"": 10000.0, ""strategy"": ""late_lotto_ticket"", ""venue"": ""kalshi""}
",0,0.0
10.0,0,0,136,0.0,0.0,0.0,,0,0.0,0.0,180,0.005,90,0.001,0.0,0,0,/home/matt/workspace/kalshi-btc-15m-bot/runs/late_lotto_ticket/late-lotto-sweep-20260522T134139Z-w90-180-p0p005-min0p001-no_only-n10p0,late-lotto-sweep-20260522T134139Z-w90-180-p0p005-min0p001-no_only-n10p0,0.0,no_only,0,0.0,28829,ok,," 0, ""paired_locked_edge"": 0, ""pnl_split"": {""completed_pair_contracts"": 0, ""completed_pair_cost"": 0, ""completed_pair_payout"": 0, ""completed_pair_pnl"": 0, ""unpaired_leftover_cost"": 0, ""unpaired_leftover_payout"": 0, ""unpaired_leftover_pnl"": 0, ""unpaired_no_pnl"": 0, ""unpaired_time_buckets"": {}, ""unpaired_yes_pnl"": 0}, ""realized_pnl"": 0, ""settled_markets"": 0, ""settlement_sources"": [], ""total_cost"": 0}, ""reference_price_provenance"": {""composite_60s_reference_ticks"": 0, ""requested_source"": ""single_venue"", ""single_venue_ticks"": 28829, ""warnings"": []}, ""reference_price_source"": ""single_venue"", ""run_dir"": ""/home/matt/workspace/kalshi-btc-15m-bot/runs/late_lotto_ticket/late-lotto-sweep-20260522T134139Z-w90-180-p0p005-min0p001-no_only-n10p0"", ""run_id"": ""late-lotto-sweep-20260522T134139Z-w90-180-p0p005-min0p001-no_only-n10p0"", ""settled_positions"": 0, ""settlements_from_feed_db"": true, ""signals"": 0, ""snapshots"": 28829, ""starting_bankroll"": 10000.0, ""strategy"": ""late_lotto_ticket"", ""venue"": ""kalshi""}
",0,0.0
5.0,0,0,137,0.0,0.0,0.0,,0,0.0,0.0,180,0.005,90,0.001,0.0,0,0,/home/matt/workspace/kalshi-btc-15m-bot/runs/late_lotto_ticket/late-lotto-sweep-20260522T134139Z-w90-180-p0p005-min0p001-yes_only-n5p0,late-lotto-sweep-20260522T134139Z-w90-180-p0p005-min0p001-yes_only-n5p0,0.0,yes_only,0,0.0,28829,ok,," 0, ""paired_locked_edge"": 0, ""pnl_split"": {""completed_pair_contracts"": 0, ""completed_pair_cost"": 0, ""completed_pair_payout"": 0, ""completed_pair_pnl"": 0, ""unpaired_leftover_cost"": 0, ""unpaired_leftover_payout"": 0, ""unpaired_leftover_pnl"": 0, ""unpaired_no_pnl"": 0, ""unpaired_time_buckets"": {}, ""unpaired_yes_pnl"": 0}, ""realized_pnl"": 0, ""settled_markets"": 0, ""settlement_sources"": [], ""total_cost"": 0}, ""reference_price_provenance"": {""composite_60s_reference_ticks"": 0, ""requested_source"": ""single_venue"", ""single_venue_ticks"": 28829, ""warnings"": []}, ""reference_price_source"": ""single_venue"", ""run_dir"": ""/home/matt/workspace/kalshi-btc-15m-bot/runs/late_lotto_ticket/late-lotto-sweep-20260522T134139Z-w90-180-p0p005-min0p001-yes_only-n5p0"", ""run_id"": ""late-lotto-sweep-20260522T134139Z-w90-180-p0p005-min0p001-yes_only-n5p0"", ""settled_positions"": 0, ""settlements_from_feed_db"": true, ""signals"": 0, ""snapshots"": 28829, ""starting_bankroll"": 10000.0, ""strategy"": ""late_lotto_ticket"", ""venue"": ""kalshi""}
",0,0.0
10.0,0,0,138,0.0,0.0,0.0,,0,0.0,0.0,180,0.005,90,0.001,0.0,0,0,/home/matt/workspace/kalshi-btc-15m-bot/runs/late_lotto_ticket/late-lotto-sweep-20260522T134139Z-w90-180-p0p005-min0p001-yes_only-n10p0,late-lotto-sweep-20260522T134139Z-w90-180-p0p005-min0p001-yes_only-n10p0,0.0,yes_only,0,0.0,28829,ok,,", ""paired_locked_edge"": 0, ""pnl_split"": {""completed_pair_contracts"": 0, ""completed_pair_cost"": 0, ""completed_pair_payout"": 0, ""completed_pair_pnl"": 0, ""unpaired_leftover_cost"": 0, ""unpaired_leftover_payout"": 0, ""unpaired_leftover_pnl"": 0, ""unpaired_no_pnl"": 0, ""unpaired_time_buckets"": {}, ""unpaired_yes_pnl"": 0}, ""realized_pnl"": 0, ""settled_markets"": 0, ""settlement_sources"": [], ""total_cost"": 0}, ""reference_price_provenance"": {""composite_60s_reference_ticks"": 0, ""requested_source"": ""single_venue"", ""single_venue_ticks"": 28829, ""warnings"": []}, ""reference_price_source"": ""single_venue"", ""run_dir"": ""/home/matt/workspace/kalshi-btc-15m-bot/runs/late_lotto_ticket/late-lotto-sweep-20260522T134139Z-w90-180-p0p005-min0p001-yes_only-n10p0"", ""run_id"": ""late-lotto-sweep-20260522T134139Z-w90-180-p0p005-min0p001-yes_only-n10p0"", ""settled_positions"": 0, ""settlements_from_feed_db"": true, ""signals"": 0, ""snapshots"": 28829, ""starting_bankroll"": 10000.0, ""strategy"": ""late_lotto_ticket"", ""venue"": ""kalshi""}
",0,0.0
5.0,0,0,139,0.0,0.0,0.0,,0,0.0,0.0,180,0.01,90,0.001,0.0,0,0,/home/matt/workspace/kalshi-btc-15m-bot/runs/late_lotto_ticket/late-lotto-sweep-20260522T134139Z-w90-180-p0p01-min0p001-cheapest-n5p0,late-lotto-sweep-20260522T134139Z-w90-180-p0p01-min0p001-cheapest-n5p0,0.0,cheapest,0,0.0,28829,ok,,""": 0, ""paired_locked_edge"": 0, ""pnl_split"": {""completed_pair_contracts"": 0, ""completed_pair_cost"": 0, ""completed_pair_payout"": 0, ""completed_pair_pnl"": 0, ""unpaired_leftover_cost"": 0, ""unpaired_leftover_payout"": 0, ""unpaired_leftover_pnl"": 0, ""unpaired_no_pnl"": 0, ""unpaired_time_buckets"": {}, ""unpaired_yes_pnl"": 0}, ""realized_pnl"": 0, ""settled_markets"": 0, ""settlement_sources"": [], ""total_cost"": 0}, ""reference_price_provenance"": {""composite_60s_reference_ticks"": 0, ""requested_source"": ""single_venue"", ""single_venue_ticks"": 28829, ""warnings"": []}, ""reference_price_source"": ""single_venue"", ""run_dir"": ""/home/matt/workspace/kalshi-btc-15m-bot/runs/late_lotto_ticket/late-lotto-sweep-20260522T134139Z-w90-180-p0p01-min0p001-cheapest-n5p0"", ""run_id"": ""late-lotto-sweep-20260522T134139Z-w90-180-p0p01-min0p001-cheapest-n5p0"", ""settled_positions"": 0, ""settlements_from_feed_db"": true, ""signals"": 0, ""snapshots"": 28829, ""starting_bankroll"": 10000.0, ""strategy"": ""late_lotto_ticket"", ""venue"": ""kalshi""}
",0,0.0
10.0,0,0,140,0.0,0.0,0.0,,0,0.0,0.0,180,0.01,90,0.001,0.0,0,0,/home/matt/workspace/kalshi-btc-15m-bot/runs/late_lotto_ticket/late-lotto-sweep-20260522T134139Z-w90-180-p0p01-min0p001-cheapest-n10p0,late-lotto-sweep-20260522T134139Z-w90-180-p0p01-min0p001-cheapest-n10p0,0.0,cheapest,0,0.0,28829,ok,," 0, ""paired_locked_edge"": 0, ""pnl_split"": {""completed_pair_contracts"": 0, ""completed_pair_cost"": 0, ""completed_pair_payout"": 0, ""completed_pair_pnl"": 0, ""unpaired_leftover_cost"": 0, ""unpaired_leftover_payout"": 0, ""unpaired_leftover_pnl"": 0, ""unpaired_no_pnl"": 0, ""unpaired_time_buckets"": {}, ""unpaired_yes_pnl"": 0}, ""realized_pnl"": 0, ""settled_markets"": 0, ""settlement_sources"": [], ""total_cost"": 0}, ""reference_price_provenance"": {""composite_60s_reference_ticks"": 0, ""requested_source"": ""single_venue"", ""single_venue_ticks"": 28829, ""warnings"": []}, ""reference_price_source"": ""single_venue"", ""run_dir"": ""/home/matt/workspace/kalshi-btc-15m-bot/runs/late_lotto_ticket/late-lotto-sweep-20260522T134139Z-w90-180-p0p01-min0p001-cheapest-n10p0"", ""run_id"": ""late-lotto-sweep-20260522T134139Z-w90-180-p0p01-min0p001-cheapest-n10p0"", ""settled_positions"": 0, ""settlements_from_feed_db"": true, ""signals"": 0, ""snapshots"": 28829, ""starting_bankroll"": 10000.0, ""strategy"": ""late_lotto_ticket"", ""venue"": ""kalshi""}
",0,0.0
5.0,0,0,141,0.0,0.0,0.0,,0,0.0,0.0,180,0.01,90,0.001,0.0,0,0,/home/matt/workspace/kalshi-btc-15m-bot/runs/late_lotto_ticket/late-lotto-sweep-20260522T134139Z-w90-180-p0p01-min0p001-no_only-n5p0,late-lotto-sweep-20260522T134139Z-w90-180-p0p01-min0p001-no_only-n5p0,0.0,no_only,0,0.0,28829,ok,,"ts"": 0, ""paired_locked_edge"": 0, ""pnl_split"": {""completed_pair_contracts"": 0, ""completed_pair_cost"": 0, ""completed_pair_payout"": 0, ""completed_pair_pnl"": 0, ""unpaired_leftover_cost"": 0, ""unpaired_leftover_payout"": 0, ""unpaired_leftover_pnl"": 0, ""unpaired_no_pnl"": 0, ""unpaired_time_buckets"": {}, ""unpaired_yes_pnl"": 0}, ""realized_pnl"": 0, ""settled_markets"": 0, ""settlement_sources"": [], ""total_cost"": 0}, ""reference_price_provenance"": {""composite_60s_reference_ticks"": 0, ""requested_source"": ""single_venue"", ""single_venue_ticks"": 28829, ""warnings"": []}, ""reference_price_source"": ""single_venue"", ""run_dir"": ""/home/matt/workspace/kalshi-btc-15m-bot/runs/late_lotto_ticket/late-lotto-sweep-20260522T134139Z-w90-180-p0p01-min0p001-no_only-n5p0"", ""run_id"": ""late-lotto-sweep-20260522T134139Z-w90-180-p0p01-min0p001-no_only-n5p0"", ""settled_positions"": 0, ""settlements_from_feed_db"": true, ""signals"": 0, ""snapshots"": 28829, ""starting_bankroll"": 10000.0, ""strategy"": ""late_lotto_ticket"", ""venue"": ""kalshi""}
",0,0.0
10.0,0,0,142,0.0,0.0,0.0,,0,0.0,0.0,180,0.01,90,0.001,0.0,0,0,/home/matt/workspace/kalshi-btc-15m-bot/runs/late_lotto_ticket/late-lotto-sweep-20260522T134139Z-w90-180-p0p01-min0p001-no_only-n10p0,late-lotto-sweep-20260522T134139Z-w90-180-p0p01-min0p001-no_only-n10p0,0.0,no_only,0,0.0,28829,ok,,""": 0, ""paired_locked_edge"": 0, ""pnl_split"": {""completed_pair_contracts"": 0, ""completed_pair_cost"": 0, ""completed_pair_payout"": 0, ""completed_pair_pnl"": 0, ""unpaired_leftover_cost"": 0, ""unpaired_leftover_payout"": 0, ""unpaired_leftover_pnl"": 0, ""unpaired_no_pnl"": 0, ""unpaired_time_buckets"": {}, ""unpaired_yes_pnl"": 0}, ""realized_pnl"": 0, ""settled_markets"": 0, ""settlement_sources"": [], ""total_cost"": 0}, ""reference_price_provenance"": {""composite_60s_reference_ticks"": 0, ""requested_source"": ""single_venue"", ""single_venue_ticks"": 28829, ""warnings"": []}, ""reference_price_source"": ""single_venue"", ""run_dir"": ""/home/matt/workspace/kalshi-btc-15m-bot/runs/late_lotto_ticket/late-lotto-sweep-20260522T134139Z-w90-180-p0p01-min0p001-no_only-n10p0"", ""run_id"": ""late-lotto-sweep-20260522T134139Z-w90-180-p0p01-min0p001-no_only-n10p0"", ""settled_positions"": 0, ""settlements_from_feed_db"": true, ""signals"": 0, ""snapshots"": 28829, ""starting_bankroll"": 10000.0, ""strategy"": ""late_lotto_ticket"", ""venue"": ""kalshi""}
",0,0.0
5.0,0,0,143,0.0,0.0,0.0,,0,0.0,0.0,180,0.01,90,0.001,0.0,0,0,/home/matt/workspace/kalshi-btc-15m-bot/runs/late_lotto_ticket/late-lotto-sweep-20260522T134139Z-w90-180-p0p01-min0p001-yes_only-n5p0,late-lotto-sweep-20260522T134139Z-w90-180-p0p01-min0p001-yes_only-n5p0,0.0,yes_only,0,0.0,28829,ok,,""": 0, ""paired_locked_edge"": 0, ""pnl_split"": {""completed_pair_contracts"": 0, ""completed_pair_cost"": 0, ""completed_pair_payout"": 0, ""completed_pair_pnl"": 0, ""unpaired_leftover_cost"": 0, ""unpaired_leftover_payout"": 0, ""unpaired_leftover_pnl"": 0, ""unpaired_no_pnl"": 0, ""unpaired_time_buckets"": {}, ""unpaired_yes_pnl"": 0}, ""realized_pnl"": 0, ""settled_markets"": 0, ""settlement_sources"": [], ""total_cost"": 0}, ""reference_price_provenance"": {""composite_60s_reference_ticks"": 0, ""requested_source"": ""single_venue"", ""single_venue_ticks"": 28829, ""warnings"": []}, ""reference_price_source"": ""single_venue"", ""run_dir"": ""/home/matt/workspace/kalshi-btc-15m-bot/runs/late_lotto_ticket/late-lotto-sweep-20260522T134139Z-w90-180-p0p01-min0p001-yes_only-n5p0"", ""run_id"": ""late-lotto-sweep-20260522T134139Z-w90-180-p0p01-min0p001-yes_only-n5p0"", ""settled_positions"": 0, ""settlements_from_feed_db"": true, ""signals"": 0, ""snapshots"": 28829, ""starting_bankroll"": 10000.0, ""strategy"": ""late_lotto_ticket"", ""venue"": ""kalshi""}
",0,0.0
10.0,0,0,144,0.0,0.0,0.0,,0,0.0,0.0,180,0.01,90,0.001,0.0,0,0,/home/matt/workspace/kalshi-btc-15m-bot/runs/late_lotto_ticket/late-lotto-sweep-20260522T134139Z-w90-180-p0p01-min0p001-yes_only-n10p0,late-lotto-sweep-20260522T134139Z-w90-180-p0p01-min0p001-yes_only-n10p0,0.0,yes_only,0,0.0,28829,ok,," 0, ""paired_locked_edge"": 0, ""pnl_split"": {""completed_pair_contracts"": 0, ""completed_pair_cost"": 0, ""completed_pair_payout"": 0, ""completed_pair_pnl"": 0, ""unpaired_leftover_cost"": 0, ""unpaired_leftover_payout"": 0, ""unpaired_leftover_pnl"": 0, ""unpaired_no_pnl"": 0, ""unpaired_time_buckets"": {}, ""unpaired_yes_pnl"": 0}, ""realized_pnl"": 0, ""settled_markets"": 0, ""settlement_sources"": [], ""total_cost"": 0}, ""reference_price_provenance"": {""composite_60s_reference_ticks"": 0, ""requested_source"": ""single_venue"", ""single_venue_ticks"": 28829, ""warnings"": []}, ""reference_price_source"": ""single_venue"", ""run_dir"": ""/home/matt/workspace/kalshi-btc-15m-bot/runs/late_lotto_ticket/late-lotto-sweep-20260522T134139Z-w90-180-p0p01-min0p001-yes_only-n10p0"", ""run_id"": ""late-lotto-sweep-20260522T134139Z-w90-180-p0p01-min0p001-yes_only-n10p0"", ""settled_positions"": 0, ""settlements_from_feed_db"": true, ""signals"": 0, ""snapshots"": 28829, ""starting_bankroll"": 10000.0, ""strategy"": ""late_lotto_ticket"", ""venue"": ""kalshi""}
",0,0.0
5.0,0,0,145,0.0,0.0,0.0,,0,0.0,0.0,180,0.015,90,0.001,0.0,0,0,/home/matt/workspace/kalshi-btc-15m-bot/runs/late_lotto_ticket/late-lotto-sweep-20260522T134139Z-w90-180-p0p015-min0p001-cheapest-n5p0,late-lotto-sweep-20260522T134139Z-w90-180-p0p015-min0p001-cheapest-n5p0,0.0,cheapest,0,0.0,28829,ok,," 0, ""paired_locked_edge"": 0, ""pnl_split"": {""completed_pair_contracts"": 0, ""completed_pair_cost"": 0, ""completed_pair_payout"": 0, ""completed_pair_pnl"": 0, ""unpaired_leftover_cost"": 0, ""unpaired_leftover_payout"": 0, ""unpaired_leftover_pnl"": 0, ""unpaired_no_pnl"": 0, ""unpaired_time_buckets"": {}, ""unpaired_yes_pnl"": 0}, ""realized_pnl"": 0, ""settled_markets"": 0, ""settlement_sources"": [], ""total_cost"": 0}, ""reference_price_provenance"": {""composite_60s_reference_ticks"": 0, ""requested_source"": ""single_venue"", ""single_venue_ticks"": 28829, ""warnings"": []}, ""reference_price_source"": ""single_venue"", ""run_dir"": ""/home/matt/workspace/kalshi-btc-15m-bot/runs/late_lotto_ticket/late-lotto-sweep-20260522T134139Z-w90-180-p0p015-min0p001-cheapest-n5p0"", ""run_id"": ""late-lotto-sweep-20260522T134139Z-w90-180-p0p015-min0p001-cheapest-n5p0"", ""settled_positions"": 0, ""settlements_from_feed_db"": true, ""signals"": 0, ""snapshots"": 28829, ""starting_bankroll"": 10000.0, ""strategy"": ""late_lotto_ticket"", ""venue"": ""kalshi""}
",0,0.0
10.0,0,0,146,0.0,0.0,0.0,,0,0.0,0.0,180,0.015,90,0.001,0.0,0,0,/home/matt/workspace/kalshi-btc-15m-bot/runs/late_lotto_ticket/late-lotto-sweep-20260522T134139Z-w90-180-p0p015-min0p001-cheapest-n10p0,late-lotto-sweep-20260522T134139Z-w90-180-p0p015-min0p001-cheapest-n10p0,0.0,cheapest,0,0.0,28829,ok,,", ""paired_locked_edge"": 0, ""pnl_split"": {""completed_pair_contracts"": 0, ""completed_pair_cost"": 0, ""completed_pair_payout"": 0, ""completed_pair_pnl"": 0, ""unpaired_leftover_cost"": 0, ""unpaired_leftover_payout"": 0, ""unpaired_leftover_pnl"": 0, ""unpaired_no_pnl"": 0, ""unpaired_time_buckets"": {}, ""unpaired_yes_pnl"": 0}, ""realized_pnl"": 0, ""settled_markets"": 0, ""settlement_sources"": [], ""total_cost"": 0}, ""reference_price_provenance"": {""composite_60s_reference_ticks"": 0, ""requested_source"": ""single_venue"", ""single_venue_ticks"": 28829, ""warnings"": []}, ""reference_price_source"": ""single_venue"", ""run_dir"": ""/home/matt/workspace/kalshi-btc-15m-bot/runs/late_lotto_ticket/late-lotto-sweep-20260522T134139Z-w90-180-p0p015-min0p001-cheapest-n10p0"", ""run_id"": ""late-lotto-sweep-20260522T134139Z-w90-180-p0p015-min0p001-cheapest-n10p0"", ""settled_positions"": 0, ""settlements_from_feed_db"": true, ""signals"": 0, ""snapshots"": 28829, ""starting_bankroll"": 10000.0, ""strategy"": ""late_lotto_ticket"", ""venue"": ""kalshi""}
",0,0.0
5.0,0,0,147,0.0,0.0,0.0,,0,0.0,0.0,180,0.015,90,0.001,0.0,0,0,/home/matt/workspace/kalshi-btc-15m-bot/runs/late_lotto_ticket/late-lotto-sweep-20260522T134139Z-w90-180-p0p015-min0p001-no_only-n5p0,late-lotto-sweep-20260522T134139Z-w90-180-p0p015-min0p001-no_only-n5p0,0.0,no_only,0,0.0,28829,ok,,""": 0, ""paired_locked_edge"": 0, ""pnl_split"": {""completed_pair_contracts"": 0, ""completed_pair_cost"": 0, ""completed_pair_payout"": 0, ""completed_pair_pnl"": 0, ""unpaired_leftover_cost"": 0, ""unpaired_leftover_payout"": 0, ""unpaired_leftover_pnl"": 0, ""unpaired_no_pnl"": 0, ""unpaired_time_buckets"": {}, ""unpaired_yes_pnl"": 0}, ""realized_pnl"": 0, ""settled_markets"": 0, ""settlement_sources"": [], ""total_cost"": 0}, ""reference_price_provenance"": {""composite_60s_reference_ticks"": 0, ""requested_source"": ""single_venue"", ""single_venue_ticks"": 28829, ""warnings"": []}, ""reference_price_source"": ""single_venue"", ""run_dir"": ""/home/matt/workspace/kalshi-btc-15m-bot/runs/late_lotto_ticket/late-lotto-sweep-20260522T134139Z-w90-180-p0p015-min0p001-no_only-n5p0"", ""run_id"": ""late-lotto-sweep-20260522T134139Z-w90-180-p0p015-min0p001-no_only-n5p0"", ""settled_positions"": 0, ""settlements_from_feed_db"": true, ""signals"": 0, ""snapshots"": 28829, ""starting_bankroll"": 10000.0, ""strategy"": ""late_lotto_ticket"", ""venue"": ""kalshi""}
",0,0.0
10.0,0,0,148,0.0,0.0,0.0,,0,0.0,0.0,180,0.015,90,0.001,0.0,0,0,/home/matt/workspace/kalshi-btc-15m-bot/runs/late_lotto_ticket/late-lotto-sweep-20260522T134139Z-w90-180-p0p015-min0p001-no_only-n10p0,late-lotto-sweep-20260522T134139Z-w90-180-p0p015-min0p001-no_only-n10p0,0.0,no_only,0,0.0,28829,ok,," 0, ""paired_locked_edge"": 0, ""pnl_split"": {""completed_pair_contracts"": 0, ""completed_pair_cost"": 0, ""completed_pair_payout"": 0, ""completed_pair_pnl"": 0, ""unpaired_leftover_cost"": 0, ""unpaired_leftover_payout"": 0, ""unpaired_leftover_pnl"": 0, ""unpaired_no_pnl"": 0, ""unpaired_time_buckets"": {}, ""unpaired_yes_pnl"": 0}, ""realized_pnl"": 0, ""settled_markets"": 0, ""settlement_sources"": [], ""total_cost"": 0}, ""reference_price_provenance"": {""composite_60s_reference_ticks"": 0, ""requested_source"": ""single_venue"", ""single_venue_ticks"": 28829, ""warnings"": []}, ""reference_price_source"": ""single_venue"", ""run_dir"": ""/home/matt/workspace/kalshi-btc-15m-bot/runs/late_lotto_ticket/late-lotto-sweep-20260522T134139Z-w90-180-p0p015-min0p001-no_only-n10p0"", ""run_id"": ""late-lotto-sweep-20260522T134139Z-w90-180-p0p015-min0p001-no_only-n10p0"", ""settled_positions"": 0, ""settlements_from_feed_db"": true, ""signals"": 0, ""snapshots"": 28829, ""starting_bankroll"": 10000.0, ""strategy"": ""late_lotto_ticket"", ""venue"": ""kalshi""}
",0,0.0
5.0,0,0,149,0.0,0.0,0.0,,0,0.0,0.0,180,0.015,90,0.001,0.0,0,0,/home/matt/workspace/kalshi-btc-15m-bot/runs/late_lotto_ticket/late-lotto-sweep-20260522T134139Z-w90-180-p0p015-min0p001-yes_only-n5p0,late-lotto-sweep-20260522T134139Z-w90-180-p0p015-min0p001-yes_only-n5p0,0.0,yes_only,0,0.0,28829,ok,," 0, ""paired_locked_edge"": 0, ""pnl_split"": {""completed_pair_contracts"": 0, ""completed_pair_cost"": 0, ""completed_pair_payout"": 0, ""completed_pair_pnl"": 0, ""unpaired_leftover_cost"": 0, ""unpaired_leftover_payout"": 0, ""unpaired_leftover_pnl"": 0, ""unpaired_no_pnl"": 0, ""unpaired_time_buckets"": {}, ""unpaired_yes_pnl"": 0}, ""realized_pnl"": 0, ""settled_markets"": 0, ""settlement_sources"": [], ""total_cost"": 0}, ""reference_price_provenance"": {""composite_60s_reference_ticks"": 0, ""requested_source"": ""single_venue"", ""single_venue_ticks"": 28829, ""warnings"": []}, ""reference_price_source"": ""single_venue"", ""run_dir"": ""/home/matt/workspace/kalshi-btc-15m-bot/runs/late_lotto_ticket/late-lotto-sweep-20260522T134139Z-w90-180-p0p015-min0p001-yes_only-n5p0"", ""run_id"": ""late-lotto-sweep-20260522T134139Z-w90-180-p0p015-min0p001-yes_only-n5p0"", ""settled_positions"": 0, ""settlements_from_feed_db"": true, ""signals"": 0, ""snapshots"": 28829, ""starting_bankroll"": 10000.0, ""strategy"": ""late_lotto_ticket"", ""venue"": ""kalshi""}
",0,0.0
10.0,0,0,150,0.0,0.0,0.0,,0,0.0,0.0,180,0.015,90,0.001,0.0,0,0,/home/matt/workspace/kalshi-btc-15m-bot/runs/late_lotto_ticket/late-lotto-sweep-20260522T134139Z-w90-180-p0p015-min0p001-yes_only-n10p0,late-lotto-sweep-20260522T134139Z-w90-180-p0p015-min0p001-yes_only-n10p0,0.0,yes_only,0,0.0,28829,ok,,", ""paired_locked_edge"": 0, ""pnl_split"": {""completed_pair_contracts"": 0, ""completed_pair_cost"": 0, ""completed_pair_payout"": 0, ""completed_pair_pnl"": 0, ""unpaired_leftover_cost"": 0, ""unpaired_leftover_payout"": 0, ""unpaired_leftover_pnl"": 0, ""unpaired_no_pnl"": 0, ""unpaired_time_buckets"": {}, ""unpaired_yes_pnl"": 0}, ""realized_pnl"": 0, ""settled_markets"": 0, ""settlement_sources"": [], ""total_cost"": 0}, ""reference_price_provenance"": {""composite_60s_reference_ticks"": 0, ""requested_source"": ""single_venue"", ""single_venue_ticks"": 28829, ""warnings"": []}, ""reference_price_source"": ""single_venue"", ""run_dir"": ""/home/matt/workspace/kalshi-btc-15m-bot/runs/late_lotto_ticket/late-lotto-sweep-20260522T134139Z-w90-180-p0p015-min0p001-yes_only-n10p0"", ""run_id"": ""late-lotto-sweep-20260522T134139Z-w90-180-p0p015-min0p001-yes_only-n10p0"", ""settled_positions"": 0, ""settlements_from_feed_db"": true, ""signals"": 0, ""snapshots"": 28829, ""starting_bankroll"": 10000.0, ""strategy"": ""late_lotto_ticket"", ""venue"": ""kalshi""}
",0,0.0
5.0,0,0,151,0.0,0.0,0.0,,0,0.0,0.0,180,0.02,90,0.001,0.0,0,0,/home/matt/workspace/kalshi-btc-15m-bot/runs/late_lotto_ticket/late-lotto-sweep-20260522T134139Z-w90-180-p0p02-min0p001-cheapest-n5p0,late-lotto-sweep-20260522T134139Z-w90-180-p0p02-min0p001-cheapest-n5p0,0.0,cheapest,0,0.0,28829,ok,,""": 0, ""paired_locked_edge"": 0, ""pnl_split"": {""completed_pair_contracts"": 0, ""completed_pair_cost"": 0, ""completed_pair_payout"": 0, ""completed_pair_pnl"": 0, ""unpaired_leftover_cost"": 0, ""unpaired_leftover_payout"": 0, ""unpaired_leftover_pnl"": 0, ""unpaired_no_pnl"": 0, ""unpaired_time_buckets"": {}, ""unpaired_yes_pnl"": 0}, ""realized_pnl"": 0, ""settled_markets"": 0, ""settlement_sources"": [], ""total_cost"": 0}, ""reference_price_provenance"": {""composite_60s_reference_ticks"": 0, ""requested_source"": ""single_venue"", ""single_venue_ticks"": 28829, ""warnings"": []}, ""reference_price_source"": ""single_venue"", ""run_dir"": ""/home/matt/workspace/kalshi-btc-15m-bot/runs/late_lotto_ticket/late-lotto-sweep-20260522T134139Z-w90-180-p0p02-min0p001-cheapest-n5p0"", ""run_id"": ""late-lotto-sweep-20260522T134139Z-w90-180-p0p02-min0p001-cheapest-n5p0"", ""settled_positions"": 0, ""settlements_from_feed_db"": true, ""signals"": 0, ""snapshots"": 28829, ""starting_bankroll"": 10000.0, ""strategy"": ""late_lotto_ticket"", ""venue"": ""kalshi""}
",0,0.0
10.0,0,0,152,0.0,0.0,0.0,,0,0.0,0.0,180,0.02,90,0.001,0.0,0,0,/home/matt/workspace/kalshi-btc-15m-bot/runs/late_lotto_ticket/late-lotto-sweep-20260522T134139Z-w90-180-p0p02-min0p001-cheapest-n10p0,late-lotto-sweep-20260522T134139Z-w90-180-p0p02-min0p001-cheapest-n10p0,0.0,cheapest,0,0.0,28829,ok,," 0, ""paired_locked_edge"": 0, ""pnl_split"": {""completed_pair_contracts"": 0, ""completed_pair_cost"": 0, ""completed_pair_payout"": 0, ""completed_pair_pnl"": 0, ""unpaired_leftover_cost"": 0, ""unpaired_leftover_payout"": 0, ""unpaired_leftover_pnl"": 0, ""unpaired_no_pnl"": 0, ""unpaired_time_buckets"": {}, ""unpaired_yes_pnl"": 0}, ""realized_pnl"": 0, ""settled_markets"": 0, ""settlement_sources"": [], ""total_cost"": 0}, ""reference_price_provenance"": {""composite_60s_reference_ticks"": 0, ""requested_source"": ""single_venue"", ""single_venue_ticks"": 28829, ""warnings"": []}, ""reference_price_source"": ""single_venue"", ""run_dir"": ""/home/matt/workspace/kalshi-btc-15m-bot/runs/late_lotto_ticket/late-lotto-sweep-20260522T134139Z-w90-180-p0p02-min0p001-cheapest-n10p0"", ""run_id"": ""late-lotto-sweep-20260522T134139Z-w90-180-p0p02-min0p001-cheapest-n10p0"", ""settled_positions"": 0, ""settlements_from_feed_db"": true, ""signals"": 0, ""snapshots"": 28829, ""starting_bankroll"": 10000.0, ""strategy"": ""late_lotto_ticket"", ""venue"": ""kalshi""}
",0,0.0
5.0,0,0,153,0.0,0.0,0.0,,0,0.0,0.0,180,0.02,90,0.001,0.0,0,0,/home/matt/workspace/kalshi-btc-15m-bot/runs/late_lotto_ticket/late-lotto-sweep-20260522T134139Z-w90-180-p0p02-min0p001-no_only-n5p0,late-lotto-sweep-20260522T134139Z-w90-180-p0p02-min0p001-no_only-n5p0,0.0,no_only,0,0.0,28829,ok,,"ts"": 0, ""paired_locked_edge"": 0, ""pnl_split"": {""completed_pair_contracts"": 0, ""completed_pair_cost"": 0, ""completed_pair_payout"": 0, ""completed_pair_pnl"": 0, ""unpaired_leftover_cost"": 0, ""unpaired_leftover_payout"": 0, ""unpaired_leftover_pnl"": 0, ""unpaired_no_pnl"": 0, ""unpaired_time_buckets"": {}, ""unpaired_yes_pnl"": 0}, ""realized_pnl"": 0, ""settled_markets"": 0, ""settlement_sources"": [], ""total_cost"": 0}, ""reference_price_provenance"": {""composite_60s_reference_ticks"": 0, ""requested_source"": ""single_venue"", ""single_venue_ticks"": 28829, ""warnings"": []}, ""reference_price_source"": ""single_venue"", ""run_dir"": ""/home/matt/workspace/kalshi-btc-15m-bot/runs/late_lotto_ticket/late-lotto-sweep-20260522T134139Z-w90-180-p0p02-min0p001-no_only-n5p0"", ""run_id"": ""late-lotto-sweep-20260522T134139Z-w90-180-p0p02-min0p001-no_only-n5p0"", ""settled_positions"": 0, ""settlements_from_feed_db"": true, ""signals"": 0, ""snapshots"": 28829, ""starting_bankroll"": 10000.0, ""strategy"": ""late_lotto_ticket"", ""venue"": ""kalshi""}
",0,0.0
10.0,0,0,154,0.0,0.0,0.0,,0,0.0,0.0,180,0.02,90,0.001,0.0,0,0,/home/matt/workspace/kalshi-btc-15m-bot/runs/late_lotto_ticket/late-lotto-sweep-20260522T134139Z-w90-180-p0p02-min0p001-no_only-n10p0,late-lotto-sweep-20260522T134139Z-w90-180-p0p02-min0p001-no_only-n10p0,0.0,no_only,0,0.0,28829,ok,,""": 0, ""paired_locked_edge"": 0, ""pnl_split"": {""completed_pair_contracts"": 0, ""completed_pair_cost"": 0, ""completed_pair_payout"": 0, ""completed_pair_pnl"": 0, ""unpaired_leftover_cost"": 0, ""unpaired_leftover_payout"": 0, ""unpaired_leftover_pnl"": 0, ""unpaired_no_pnl"": 0, ""unpaired_time_buckets"": {}, ""unpaired_yes_pnl"": 0}, ""realized_pnl"": 0, ""settled_markets"": 0, ""settlement_sources"": [], ""total_cost"": 0}, ""reference_price_provenance"": {""composite_60s_reference_ticks"": 0, ""requested_source"": ""single_venue"", ""single_venue_ticks"": 28829, ""warnings"": []}, ""reference_price_source"": ""single_venue"", ""run_dir"": ""/home/matt/workspace/kalshi-btc-15m-bot/runs/late_lotto_ticket/late-lotto-sweep-20260522T134139Z-w90-180-p0p02-min0p001-no_only-n10p0"", ""run_id"": ""late-lotto-sweep-20260522T134139Z-w90-180-p0p02-min0p001-no_only-n10p0"", ""settled_positions"": 0, ""settlements_from_feed_db"": true, ""signals"": 0, ""snapshots"": 28829, ""starting_bankroll"": 10000.0, ""strategy"": ""late_lotto_ticket"", ""venue"": ""kalshi""}
",0,0.0
5.0,0,0,155,0.0,0.0,0.0,,0,0.0,0.0,180,0.02,90,0.001,0.0,0,0,/home/matt/workspace/kalshi-btc-15m-bot/runs/late_lotto_ticket/late-lotto-sweep-20260522T134139Z-w90-180-p0p02-min0p001-yes_only-n5p0,late-lotto-sweep-20260522T134139Z-w90-180-p0p02-min0p001-yes_only-n5p0,0.0,yes_only,0,0.0,28829,ok,,""": 0, ""paired_locked_edge"": 0, ""pnl_split"": {""completed_pair_contracts"": 0, ""completed_pair_cost"": 0, ""completed_pair_payout"": 0, ""completed_pair_pnl"": 0, ""unpaired_leftover_cost"": 0, ""unpaired_leftover_payout"": 0, ""unpaired_leftover_pnl"": 0, ""unpaired_no_pnl"": 0, ""unpaired_time_buckets"": {}, ""unpaired_yes_pnl"": 0}, ""realized_pnl"": 0, ""settled_markets"": 0, ""settlement_sources"": [], ""total_cost"": 0}, ""reference_price_provenance"": {""composite_60s_reference_ticks"": 0, ""requested_source"": ""single_venue"", ""single_venue_ticks"": 28829, ""warnings"": []}, ""reference_price_source"": ""single_venue"", ""run_dir"": ""/home/matt/workspace/kalshi-btc-15m-bot/runs/late_lotto_ticket/late-lotto-sweep-20260522T134139Z-w90-180-p0p02-min0p001-yes_only-n5p0"", ""run_id"": ""late-lotto-sweep-20260522T134139Z-w90-180-p0p02-min0p001-yes_only-n5p0"", ""settled_positions"": 0, ""settlements_from_feed_db"": true, ""signals"": 0, ""snapshots"": 28829, ""starting_bankroll"": 10000.0, ""strategy"": ""late_lotto_ticket"", ""venue"": ""kalshi""}
",0,0.0
10.0,0,0,156,0.0,0.0,0.0,,0,0.0,0.0,180,0.02,90,0.001,0.0,0,0,/home/matt/workspace/kalshi-btc-15m-bot/runs/late_lotto_ticket/late-lotto-sweep-20260522T134139Z-w90-180-p0p02-min0p001-yes_only-n10p0,late-lotto-sweep-20260522T134139Z-w90-180-p0p02-min0p001-yes_only-n10p0,0.0,yes_only,0,0.0,28829,ok,," 0, ""paired_locked_edge"": 0, ""pnl_split"": {""completed_pair_contracts"": 0, ""completed_pair_cost"": 0, ""completed_pair_payout"": 0, ""completed_pair_pnl"": 0, ""unpaired_leftover_cost"": 0, ""unpaired_leftover_payout"": 0, ""unpaired_leftover_pnl"": 0, ""unpaired_no_pnl"": 0, ""unpaired_time_buckets"": {}, ""unpaired_yes_pnl"": 0}, ""realized_pnl"": 0, ""settled_markets"": 0, ""settlement_sources"": [], ""total_cost"": 0}, ""reference_price_provenance"": {""composite_60s_reference_ticks"": 0, ""requested_source"": ""single_venue"", ""single_venue_ticks"": 28829, ""warnings"": []}, ""reference_price_source"": ""single_venue"", ""run_dir"": ""/home/matt/workspace/kalshi-btc-15m-bot/runs/late_lotto_ticket/late-lotto-sweep-20260522T134139Z-w90-180-p0p02-min0p001-yes_only-n10p0"", ""run_id"": ""late-lotto-sweep-20260522T134139Z-w90-180-p0p02-min0p001-yes_only-n10p0"", ""settled_positions"": 0, ""settlements_from_feed_db"": true, ""signals"": 0, ""snapshots"": 28829, ""starting_bankroll"": 10000.0, ""strategy"": ""late_lotto_ticket"", ""venue"": ""kalshi""}
",0,0.0
5.0,0,0,157,0.0,0.0,0.0,,0,0.0,0.0,180,0.03,90,0.001,0.0,0,0,/home/matt/workspace/kalshi-btc-15m-bot/runs/late_lotto_ticket/late-lotto-sweep-20260522T134139Z-w90-180-p0p03-min0p001-cheapest-n5p0,late-lotto-sweep-20260522T134139Z-w90-180-p0p03-min0p001-cheapest-n5p0,0.0,cheapest,0,0.0,28829,ok,,""": 0, ""paired_locked_edge"": 0, ""pnl_split"": {""completed_pair_contracts"": 0, ""completed_pair_cost"": 0, ""completed_pair_payout"": 0, ""completed_pair_pnl"": 0, ""unpaired_leftover_cost"": 0, ""unpaired_leftover_payout"": 0, ""unpaired_leftover_pnl"": 0, ""unpaired_no_pnl"": 0, ""unpaired_time_buckets"": {}, ""unpaired_yes_pnl"": 0}, ""realized_pnl"": 0, ""settled_markets"": 0, ""settlement_sources"": [], ""total_cost"": 0}, ""reference_price_provenance"": {""composite_60s_reference_ticks"": 0, ""requested_source"": ""single_venue"", ""single_venue_ticks"": 28829, ""warnings"": []}, ""reference_price_source"": ""single_venue"", ""run_dir"": ""/home/matt/workspace/kalshi-btc-15m-bot/runs/late_lotto_ticket/late-lotto-sweep-20260522T134139Z-w90-180-p0p03-min0p001-cheapest-n5p0"", ""run_id"": ""late-lotto-sweep-20260522T134139Z-w90-180-p0p03-min0p001-cheapest-n5p0"", ""settled_positions"": 0, ""settlements_from_feed_db"": true, ""signals"": 0, ""snapshots"": 28829, ""starting_bankroll"": 10000.0, ""strategy"": ""late_lotto_ticket"", ""venue"": ""kalshi""}
",0,0.0
10.0,0,0,158,0.0,0.0,0.0,,0,0.0,0.0,180,0.03,90,0.001,0.0,0,0,/home/matt/workspace/kalshi-btc-15m-bot/runs/late_lotto_ticket/late-lotto-sweep-20260522T134139Z-w90-180-p0p03-min0p001-cheapest-n10p0,late-lotto-sweep-20260522T134139Z-w90-180-p0p03-min0p001-cheapest-n10p0,0.0,cheapest,0,0.0,28829,ok,," 0, ""paired_locked_edge"": 0, ""pnl_split"": {""completed_pair_contracts"": 0, ""completed_pair_cost"": 0, ""completed_pair_payout"": 0, ""completed_pair_pnl"": 0, ""unpaired_leftover_cost"": 0, ""unpaired_leftover_payout"": 0, ""unpaired_leftover_pnl"": 0, ""unpaired_no_pnl"": 0, ""unpaired_time_buckets"": {}, ""unpaired_yes_pnl"": 0}, ""realized_pnl"": 0, ""settled_markets"": 0, ""settlement_sources"": [], ""total_cost"": 0}, ""reference_price_provenance"": {""composite_60s_reference_ticks"": 0, ""requested_source"": ""single_venue"", ""single_venue_ticks"": 28829, ""warnings"": []}, ""reference_price_source"": ""single_venue"", ""run_dir"": ""/home/matt/workspace/kalshi-btc-15m-bot/runs/late_lotto_ticket/late-lotto-sweep-20260522T134139Z-w90-180-p0p03-min0p001-cheapest-n10p0"", ""run_id"": ""late-lotto-sweep-20260522T134139Z-w90-180-p0p03-min0p001-cheapest-n10p0"", ""settled_positions"": 0, ""settlements_from_feed_db"": true, ""signals"": 0, ""snapshots"": 28829, ""starting_bankroll"": 10000.0, ""strategy"": ""late_lotto_ticket"", ""venue"": ""kalshi""}
",0,0.0
5.0,0,0,159,0.0,0.0,0.0,,0,0.0,0.0,180,0.03,90,0.001,0.0,0,0,/home/matt/workspace/kalshi-btc-15m-bot/runs/late_lotto_ticket/late-lotto-sweep-20260522T134139Z-w90-180-p0p03-min0p001-no_only-n5p0,late-lotto-sweep-20260522T134139Z-w90-180-p0p03-min0p001-no_only-n5p0,0.0,no_only,0,0.0,28829,ok,,"ts"": 0, ""paired_locked_edge"": 0, ""pnl_split"": {""completed_pair_contracts"": 0, ""completed_pair_cost"": 0, ""completed_pair_payout"": 0, ""completed_pair_pnl"": 0, ""unpaired_leftover_cost"": 0, ""unpaired_leftover_payout"": 0, ""unpaired_leftover_pnl"": 0, ""unpaired_no_pnl"": 0, ""unpaired_time_buckets"": {}, ""unpaired_yes_pnl"": 0}, ""realized_pnl"": 0, ""settled_markets"": 0, ""settlement_sources"": [], ""total_cost"": 0}, ""reference_price_provenance"": {""composite_60s_reference_ticks"": 0, ""requested_source"": ""single_venue"", ""single_venue_ticks"": 28829, ""warnings"": []}, ""reference_price_source"": ""single_venue"", ""run_dir"": ""/home/matt/workspace/kalshi-btc-15m-bot/runs/late_lotto_ticket/late-lotto-sweep-20260522T134139Z-w90-180-p0p03-min0p001-no_only-n5p0"", ""run_id"": ""late-lotto-sweep-20260522T134139Z-w90-180-p0p03-min0p001-no_only-n5p0"", ""settled_positions"": 0, ""settlements_from_feed_db"": true, ""signals"": 0, ""snapshots"": 28829, ""starting_bankroll"": 10000.0, ""strategy"": ""late_lotto_ticket"", ""venue"": ""kalshi""}
",0,0.0
10.0,0,0,160,0.0,0.0,0.0,,0,0.0,0.0,180,0.03,90,0.001,0.0,0,0,/home/matt/workspace/kalshi-btc-15m-bot/runs/late_lotto_ticket/late-lotto-sweep-20260522T134139Z-w90-180-p0p03-min0p001-no_only-n10p0,late-lotto-sweep-20260522T134139Z-w90-180-p0p03-min0p001-no_only-n10p0,0.0,no_only,0,0.0,28829,ok,,""": 0, ""paired_locked_edge"": 0, ""pnl_split"": {""completed_pair_contracts"": 0, ""completed_pair_cost"": 0, ""completed_pair_payout"": 0, ""completed_pair_pnl"": 0, ""unpaired_leftover_cost"": 0, ""unpaired_leftover_payout"": 0, ""unpaired_leftover_pnl"": 0, ""unpaired_no_pnl"": 0, ""unpaired_time_buckets"": {}, ""unpaired_yes_pnl"": 0}, ""realized_pnl"": 0, ""settled_markets"": 0, ""settlement_sources"": [], ""total_cost"": 0}, ""reference_price_provenance"": {""composite_60s_reference_ticks"": 0, ""requested_source"": ""single_venue"", ""single_venue_ticks"": 28829, ""warnings"": []}, ""reference_price_source"": ""single_venue"", ""run_dir"": ""/home/matt/workspace/kalshi-btc-15m-bot/runs/late_lotto_ticket/late-lotto-sweep-20260522T134139Z-w90-180-p0p03-min0p001-no_only-n10p0"", ""run_id"": ""late-lotto-sweep-20260522T134139Z-w90-180-p0p03-min0p001-no_only-n10p0"", ""settled_positions"": 0, ""settlements_from_feed_db"": true, ""signals"": 0, ""snapshots"": 28829, ""starting_bankroll"": 10000.0, ""strategy"": ""late_lotto_ticket"", ""venue"": ""kalshi""}
",0,0.0
5.0,0,0,161,0.0,0.0,0.0,,0,0.0,0.0,180,0.03,90,0.001,0.0,0,0,/home/matt/workspace/kalshi-btc-15m-bot/runs/late_lotto_ticket/late-lotto-sweep-20260522T134139Z-w90-180-p0p03-min0p001-yes_only-n5p0,late-lotto-sweep-20260522T134139Z-w90-180-p0p03-min0p001-yes_only-n5p0,0.0,yes_only,0,0.0,28829,ok,,""": 0, ""paired_locked_edge"": 0, ""pnl_split"": {""completed_pair_contracts"": 0, ""completed_pair_cost"": 0, ""completed_pair_payout"": 0, ""completed_pair_pnl"": 0, ""unpaired_leftover_cost"": 0, ""unpaired_leftover_payout"": 0, ""unpaired_leftover_pnl"": 0, ""unpaired_no_pnl"": 0, ""unpaired_time_buckets"": {}, ""unpaired_yes_pnl"": 0}, ""realized_pnl"": 0, ""settled_markets"": 0, ""settlement_sources"": [], ""total_cost"": 0}, ""reference_price_provenance"": {""composite_60s_reference_ticks"": 0, ""requested_source"": ""single_venue"", ""single_venue_ticks"": 28829, ""warnings"": []}, ""reference_price_source"": ""single_venue"", ""run_dir"": ""/home/matt/workspace/kalshi-btc-15m-bot/runs/late_lotto_ticket/late-lotto-sweep-20260522T134139Z-w90-180-p0p03-min0p001-yes_only-n5p0"", ""run_id"": ""late-lotto-sweep-20260522T134139Z-w90-180-p0p03-min0p001-yes_only-n5p0"", ""settled_positions"": 0, ""settlements_from_feed_db"": true, ""signals"": 0, ""snapshots"": 28829, ""starting_bankroll"": 10000.0, ""strategy"": ""late_lotto_ticket"", ""venue"": ""kalshi""}
",0,0.0
10.0,0,0,162,0.0,0.0,0.0,,0,0.0,0.0,180,0.03,90,0.001,0.0,0,0,/home/matt/workspace/kalshi-btc-15m-bot/runs/late_lotto_ticket/late-lotto-sweep-20260522T134139Z-w90-180-p0p03-min0p001-yes_only-n10p0,late-lotto-sweep-20260522T134139Z-w90-180-p0p03-min0p001-yes_only-n10p0,0.0,yes_only,0,0.0,28829,ok,," 0, ""paired_locked_edge"": 0, ""pnl_split"": {""completed_pair_contracts"": 0, ""completed_pair_cost"": 0, ""completed_pair_payout"": 0, ""completed_pair_pnl"": 0, ""unpaired_leftover_cost"": 0, ""unpaired_leftover_payout"": 0, ""unpaired_leftover_pnl"": 0, ""unpaired_no_pnl"": 0, ""unpaired_time_buckets"": {}, ""unpaired_yes_pnl"": 0}, ""realized_pnl"": 0, ""settled_markets"": 0, ""settlement_sources"": [], ""total_cost"": 0}, ""reference_price_provenance"": {""composite_60s_reference_ticks"": 0, ""requested_source"": ""single_venue"", ""single_venue_ticks"": 28829, ""warnings"": []}, ""reference_price_source"": ""single_venue"", ""run_dir"": ""/home/matt/workspace/kalshi-btc-15m-bot/runs/late_lotto_ticket/late-lotto-sweep-20260522T134139Z-w90-180-p0p03-min0p001-yes_only-n10p0"", ""run_id"": ""late-lotto-sweep-20260522T134139Z-w90-180-p0p03-min0p001-yes_only-n10p0"", ""settled_positions"": 0, ""settlements_from_feed_db"": true, ""signals"": 0, ""snapshots"": 28829, ""starting_bankroll"": 10000.0, ""strategy"": ""late_lotto_ticket"", ""venue"": ""kalshi""}
",0,0.0
5.0,0,0,163,0.0,0.0,0.0,,0,0.0,0.0,180,0.05,90,0.001,0.0,0,0,/home/matt/workspace/kalshi-btc-15m-bot/runs/late_lotto_ticket/late-lotto-sweep-20260522T134139Z-w90-180-p0p05-min0p001-cheapest-n5p0,late-lotto-sweep-20260522T134139Z-w90-180-p0p05-min0p001-cheapest-n5p0,0.0,cheapest,0,0.0,28829,ok,,""": 0, ""paired_locked_edge"": 0, ""pnl_split"": {""completed_pair_contracts"": 0, ""completed_pair_cost"": 0, ""completed_pair_payout"": 0, ""completed_pair_pnl"": 0, ""unpaired_leftover_cost"": 0, ""unpaired_leftover_payout"": 0, ""unpaired_leftover_pnl"": 0, ""unpaired_no_pnl"": 0, ""unpaired_time_buckets"": {}, ""unpaired_yes_pnl"": 0}, ""realized_pnl"": 0, ""settled_markets"": 0, ""settlement_sources"": [], ""total_cost"": 0}, ""reference_price_provenance"": {""composite_60s_reference_ticks"": 0, ""requested_source"": ""single_venue"", ""single_venue_ticks"": 28829, ""warnings"": []}, ""reference_price_source"": ""single_venue"", ""run_dir"": ""/home/matt/workspace/kalshi-btc-15m-bot/runs/late_lotto_ticket/late-lotto-sweep-20260522T134139Z-w90-180-p0p05-min0p001-cheapest-n5p0"", ""run_id"": ""late-lotto-sweep-20260522T134139Z-w90-180-p0p05-min0p001-cheapest-n5p0"", ""settled_positions"": 0, ""settlements_from_feed_db"": true, ""signals"": 0, ""snapshots"": 28829, ""starting_bankroll"": 10000.0, ""strategy"": ""late_lotto_ticket"", ""venue"": ""kalshi""}
",0,0.0
10.0,0,0,164,0.0,0.0,0.0,,0,0.0,0.0,180,0.05,90,0.001,0.0,0,0,/home/matt/workspace/kalshi-btc-15m-bot/runs/late_lotto_ticket/late-lotto-sweep-20260522T134139Z-w90-180-p0p05-min0p001-cheapest-n10p0,late-lotto-sweep-20260522T134139Z-w90-180-p0p05-min0p001-cheapest-n10p0,0.0,cheapest,0,0.0,28829,ok,," 0, ""paired_locked_edge"": 0, ""pnl_split"": {""completed_pair_contracts"": 0, ""completed_pair_cost"": 0, ""completed_pair_payout"": 0, ""completed_pair_pnl"": 0, ""unpaired_leftover_cost"": 0, ""unpaired_leftover_payout"": 0, ""unpaired_leftover_pnl"": 0, ""unpaired_no_pnl"": 0, ""unpaired_time_buckets"": {}, ""unpaired_yes_pnl"": 0}, ""realized_pnl"": 0, ""settled_markets"": 0, ""settlement_sources"": [], ""total_cost"": 0}, ""reference_price_provenance"": {""composite_60s_reference_ticks"": 0, ""requested_source"": ""single_venue"", ""single_venue_ticks"": 28829, ""warnings"": []}, ""reference_price_source"": ""single_venue"", ""run_dir"": ""/home/matt/workspace/kalshi-btc-15m-bot/runs/late_lotto_ticket/late-lotto-sweep-20260522T134139Z-w90-180-p0p05-min0p001-cheapest-n10p0"", ""run_id"": ""late-lotto-sweep-20260522T134139Z-w90-180-p0p05-min0p001-cheapest-n10p0"", ""settled_positions"": 0, ""settlements_from_feed_db"": true, ""signals"": 0, ""snapshots"": 28829, ""starting_bankroll"": 10000.0, ""strategy"": ""late_lotto_ticket"", ""venue"": ""kalshi""}
",0,0.0
5.0,0,0,165,0.0,0.0,0.0,,0,0.0,0.0,180,0.05,90,0.001,0.0,0,0,/home/matt/workspace/kalshi-btc-15m-bot/runs/late_lotto_ticket/late-lotto-sweep-20260522T134139Z-w90-180-p0p05-min0p001-no_only-n5p0,late-lotto-sweep-20260522T134139Z-w90-180-p0p05-min0p001-no_only-n5p0,0.0,no_only,0,0.0,28829,ok,,"ts"": 0, ""paired_locked_edge"": 0, ""pnl_split"": {""completed_pair_contracts"": 0, ""completed_pair_cost"": 0, ""completed_pair_payout"": 0, ""completed_pair_pnl"": 0, ""unpaired_leftover_cost"": 0, ""unpaired_leftover_payout"": 0, ""unpaired_leftover_pnl"": 0, ""unpaired_no_pnl"": 0, ""unpaired_time_buckets"": {}, ""unpaired_yes_pnl"": 0}, ""realized_pnl"": 0, ""settled_markets"": 0, ""settlement_sources"": [], ""total_cost"": 0}, ""reference_price_provenance"": {""composite_60s_reference_ticks"": 0, ""requested_source"": ""single_venue"", ""single_venue_ticks"": 28829, ""warnings"": []}, ""reference_price_source"": ""single_venue"", ""run_dir"": ""/home/matt/workspace/kalshi-btc-15m-bot/runs/late_lotto_ticket/late-lotto-sweep-20260522T134139Z-w90-180-p0p05-min0p001-no_only-n5p0"", ""run_id"": ""late-lotto-sweep-20260522T134139Z-w90-180-p0p05-min0p001-no_only-n5p0"", ""settled_positions"": 0, ""settlements_from_feed_db"": true, ""signals"": 0, ""snapshots"": 28829, ""starting_bankroll"": 10000.0, ""strategy"": ""late_lotto_ticket"", ""venue"": ""kalshi""}
",0,0.0
10.0,0,0,166,0.0,0.0,0.0,,0,0.0,0.0,180,0.05,90,0.001,0.0,0,0,/home/matt/workspace/kalshi-btc-15m-bot/runs/late_lotto_ticket/late-lotto-sweep-20260522T134139Z-w90-180-p0p05-min0p001-no_only-n10p0,late-lotto-sweep-20260522T134139Z-w90-180-p0p05-min0p001-no_only-n10p0,0.0,no_only,0,0.0,28829,ok,,""": 0, ""paired_locked_edge"": 0, ""pnl_split"": {""completed_pair_contracts"": 0, ""completed_pair_cost"": 0, ""completed_pair_payout"": 0, ""completed_pair_pnl"": 0, ""unpaired_leftover_cost"": 0, ""unpaired_leftover_payout"": 0, ""unpaired_leftover_pnl"": 0, ""unpaired_no_pnl"": 0, ""unpaired_time_buckets"": {}, ""unpaired_yes_pnl"": 0}, ""realized_pnl"": 0, ""settled_markets"": 0, ""settlement_sources"": [], ""total_cost"": 0}, ""reference_price_provenance"": {""composite_60s_reference_ticks"": 0, ""requested_source"": ""single_venue"", ""single_venue_ticks"": 28829, ""warnings"": []}, ""reference_price_source"": ""single_venue"", ""run_dir"": ""/home/matt/workspace/kalshi-btc-15m-bot/runs/late_lotto_ticket/late-lotto-sweep-20260522T134139Z-w90-180-p0p05-min0p001-no_only-n10p0"", ""run_id"": ""late-lotto-sweep-20260522T134139Z-w90-180-p0p05-min0p001-no_only-n10p0"", ""settled_positions"": 0, ""settlements_from_feed_db"": true, ""signals"": 0, ""snapshots"": 28829, ""starting_bankroll"": 10000.0, ""strategy"": ""late_lotto_ticket"", ""venue"": ""kalshi""}
",0,0.0
5.0,0,0,167,0.0,0.0,0.0,,0,0.0,0.0,180,0.05,90,0.001,0.0,0,0,/home/matt/workspace/kalshi-btc-15m-bot/runs/late_lotto_ticket/late-lotto-sweep-20260522T134139Z-w90-180-p0p05-min0p001-yes_only-n5p0,late-lotto-sweep-20260522T134139Z-w90-180-p0p05-min0p001-yes_only-n5p0,0.0,yes_only,0,0.0,28829,ok,,""": 0, ""paired_locked_edge"": 0, ""pnl_split"": {""completed_pair_contracts"": 0, ""completed_pair_cost"": 0, ""completed_pair_payout"": 0, ""completed_pair_pnl"": 0, ""unpaired_leftover_cost"": 0, ""unpaired_leftover_payout"": 0, ""unpaired_leftover_pnl"": 0, ""unpaired_no_pnl"": 0, ""unpaired_time_buckets"": {}, ""unpaired_yes_pnl"": 0}, ""realized_pnl"": 0, ""settled_markets"": 0, ""settlement_sources"": [], ""total_cost"": 0}, ""reference_price_provenance"": {""composite_60s_reference_ticks"": 0, ""requested_source"": ""single_venue"", ""single_venue_ticks"": 28829, ""warnings"": []}, ""reference_price_source"": ""single_venue"", ""run_dir"": ""/home/matt/workspace/kalshi-btc-15m-bot/runs/late_lotto_ticket/late-lotto-sweep-20260522T134139Z-w90-180-p0p05-min0p001-yes_only-n5p0"", ""run_id"": ""late-lotto-sweep-20260522T134139Z-w90-180-p0p05-min0p001-yes_only-n5p0"", ""settled_positions"": 0, ""settlements_from_feed_db"": true, ""signals"": 0, ""snapshots"": 28829, ""starting_bankroll"": 10000.0, ""strategy"": ""late_lotto_ticket"", ""venue"": ""kalshi""}
",0,0.0
10.0,0,0,168,0.0,0.0,0.0,,0,0.0,0.0,180,0.05,90,0.001,0.0,0,0,/home/matt/workspace/kalshi-btc-15m-bot/runs/late_lotto_ticket/late-lotto-sweep-20260522T134139Z-w90-180-p0p05-min0p001-yes_only-n10p0,late-lotto-sweep-20260522T134139Z-w90-180-p0p05-min0p001-yes_only-n10p0,0.0,yes_only,0,0.0,28829,ok,," 0, ""paired_locked_edge"": 0, ""pnl_split"": {""completed_pair_contracts"": 0, ""completed_pair_cost"": 0, ""completed_pair_payout"": 0, ""completed_pair_pnl"": 0, ""unpaired_leftover_cost"": 0, ""unpaired_leftover_payout"": 0, ""unpaired_leftover_pnl"": 0, ""unpaired_no_pnl"": 0, ""unpaired_time_buckets"": {}, ""unpaired_yes_pnl"": 0}, ""realized_pnl"": 0, ""settled_markets"": 0, ""settlement_sources"": [], ""total_cost"": 0}, ""reference_price_provenance"": {""composite_60s_reference_ticks"": 0, ""requested_source"": ""single_venue"", ""single_venue_ticks"": 28829, ""warnings"": []}, ""reference_price_source"": ""single_venue"", ""run_dir"": ""/home/matt/workspace/kalshi-btc-15m-bot/runs/late_lotto_ticket/late-lotto-sweep-20260522T134139Z-w90-180-p0p05-min0p001-yes_only-n10p0"", ""run_id"": ""late-lotto-sweep-20260522T134139Z-w90-180-p0p05-min0p001-yes_only-n10p0"", ""settled_positions"": 0, ""settlements_from_feed_db"": true, ""signals"": 0, ""snapshots"": 28829, ""starting_bankroll"": 10000.0, ""strategy"": ""late_lotto_ticket"", ""venue"": ""kalshi""}
",0,0.0
5.0,0,0,169,0.0,0.0,0.0,,0,0.0,0.0,240,0.003,120,0.001,0.0,0,0,/home/matt/workspace/kalshi-btc-15m-bot/runs/late_lotto_ticket/late-lotto-sweep-20260522T134139Z-w120-240-p0p003-min0p001-cheapest-n5p0,late-lotto-sweep-20260522T134139Z-w120-240-p0p003-min0p001-cheapest-n5p0,0.0,cheapest,0,0.0,28829,ok,,", ""paired_locked_edge"": 0, ""pnl_split"": {""completed_pair_contracts"": 0, ""completed_pair_cost"": 0, ""completed_pair_payout"": 0, ""completed_pair_pnl"": 0, ""unpaired_leftover_cost"": 0, ""unpaired_leftover_payout"": 0, ""unpaired_leftover_pnl"": 0, ""unpaired_no_pnl"": 0, ""unpaired_time_buckets"": {}, ""unpaired_yes_pnl"": 0}, ""realized_pnl"": 0, ""settled_markets"": 0, ""settlement_sources"": [], ""total_cost"": 0}, ""reference_price_provenance"": {""composite_60s_reference_ticks"": 0, ""requested_source"": ""single_venue"", ""single_venue_ticks"": 28829, ""warnings"": []}, ""reference_price_source"": ""single_venue"", ""run_dir"": ""/home/matt/workspace/kalshi-btc-15m-bot/runs/late_lotto_ticket/late-lotto-sweep-20260522T134139Z-w120-240-p0p003-min0p001-cheapest-n5p0"", ""run_id"": ""late-lotto-sweep-20260522T134139Z-w120-240-p0p003-min0p001-cheapest-n5p0"", ""settled_positions"": 0, ""settlements_from_feed_db"": true, ""signals"": 0, ""snapshots"": 28829, ""starting_bankroll"": 10000.0, ""strategy"": ""late_lotto_ticket"", ""venue"": ""kalshi""}
",0,0.0
10.0,0,0,170,0.0,0.0,0.0,,0,0.0,0.0,240,0.003,120,0.001,0.0,0,0,/home/matt/workspace/kalshi-btc-15m-bot/runs/late_lotto_ticket/late-lotto-sweep-20260522T134139Z-w120-240-p0p003-min0p001-cheapest-n10p0,late-lotto-sweep-20260522T134139Z-w120-240-p0p003-min0p001-cheapest-n10p0,0.0,cheapest,0,0.0,28829,ok,,"""paired_locked_edge"": 0, ""pnl_split"": {""completed_pair_contracts"": 0, ""completed_pair_cost"": 0, ""completed_pair_payout"": 0, ""completed_pair_pnl"": 0, ""unpaired_leftover_cost"": 0, ""unpaired_leftover_payout"": 0, ""unpaired_leftover_pnl"": 0, ""unpaired_no_pnl"": 0, ""unpaired_time_buckets"": {}, ""unpaired_yes_pnl"": 0}, ""realized_pnl"": 0, ""settled_markets"": 0, ""settlement_sources"": [], ""total_cost"": 0}, ""reference_price_provenance"": {""composite_60s_reference_ticks"": 0, ""requested_source"": ""single_venue"", ""single_venue_ticks"": 28829, ""warnings"": []}, ""reference_price_source"": ""single_venue"", ""run_dir"": ""/home/matt/workspace/kalshi-btc-15m-bot/runs/late_lotto_ticket/late-lotto-sweep-20260522T134139Z-w120-240-p0p003-min0p001-cheapest-n10p0"", ""run_id"": ""late-lotto-sweep-20260522T134139Z-w120-240-p0p003-min0p001-cheapest-n10p0"", ""settled_positions"": 0, ""settlements_from_feed_db"": true, ""signals"": 0, ""snapshots"": 28829, ""starting_bankroll"": 10000.0, ""strategy"": ""late_lotto_ticket"", ""venue"": ""kalshi""}
",0,0.0
5.0,0,0,171,0.0,0.0,0.0,,0,0.0,0.0,240,0.003,120,0.001,0.0,0,0,/home/matt/workspace/kalshi-btc-15m-bot/runs/late_lotto_ticket/late-lotto-sweep-20260522T134139Z-w120-240-p0p003-min0p001-no_only-n5p0,late-lotto-sweep-20260522T134139Z-w120-240-p0p003-min0p001-no_only-n5p0,0.0,no_only,0,0.0,28829,ok,," 0, ""paired_locked_edge"": 0, ""pnl_split"": {""completed_pair_contracts"": 0, ""completed_pair_cost"": 0, ""completed_pair_payout"": 0, ""completed_pair_pnl"": 0, ""unpaired_leftover_cost"": 0, ""unpaired_leftover_payout"": 0, ""unpaired_leftover_pnl"": 0, ""unpaired_no_pnl"": 0, ""unpaired_time_buckets"": {}, ""unpaired_yes_pnl"": 0}, ""realized_pnl"": 0, ""settled_markets"": 0, ""settlement_sources"": [], ""total_cost"": 0}, ""reference_price_provenance"": {""composite_60s_reference_ticks"": 0, ""requested_source"": ""single_venue"", ""single_venue_ticks"": 28829, ""warnings"": []}, ""reference_price_source"": ""single_venue"", ""run_dir"": ""/home/matt/workspace/kalshi-btc-15m-bot/runs/late_lotto_ticket/late-lotto-sweep-20260522T134139Z-w120-240-p0p003-min0p001-no_only-n5p0"", ""run_id"": ""late-lotto-sweep-20260522T134139Z-w120-240-p0p003-min0p001-no_only-n5p0"", ""settled_positions"": 0, ""settlements_from_feed_db"": true, ""signals"": 0, ""snapshots"": 28829, ""starting_bankroll"": 10000.0, ""strategy"": ""late_lotto_ticket"", ""venue"": ""kalshi""}
",0,0.0
10.0,0,0,172,0.0,0.0,0.0,,0,0.0,0.0,240,0.003,120,0.001,0.0,0,0,/home/matt/workspace/kalshi-btc-15m-bot/runs/late_lotto_ticket/late-lotto-sweep-20260522T134139Z-w120-240-p0p003-min0p001-no_only-n10p0,late-lotto-sweep-20260522T134139Z-w120-240-p0p003-min0p001-no_only-n10p0,0.0,no_only,0,0.0,28829,ok,,", ""paired_locked_edge"": 0, ""pnl_split"": {""completed_pair_contracts"": 0, ""completed_pair_cost"": 0, ""completed_pair_payout"": 0, ""completed_pair_pnl"": 0, ""unpaired_leftover_cost"": 0, ""unpaired_leftover_payout"": 0, ""unpaired_leftover_pnl"": 0, ""unpaired_no_pnl"": 0, ""unpaired_time_buckets"": {}, ""unpaired_yes_pnl"": 0}, ""realized_pnl"": 0, ""settled_markets"": 0, ""settlement_sources"": [], ""total_cost"": 0}, ""reference_price_provenance"": {""composite_60s_reference_ticks"": 0, ""requested_source"": ""single_venue"", ""single_venue_ticks"": 28829, ""warnings"": []}, ""reference_price_source"": ""single_venue"", ""run_dir"": ""/home/matt/workspace/kalshi-btc-15m-bot/runs/late_lotto_ticket/late-lotto-sweep-20260522T134139Z-w120-240-p0p003-min0p001-no_only-n10p0"", ""run_id"": ""late-lotto-sweep-20260522T134139Z-w120-240-p0p003-min0p001-no_only-n10p0"", ""settled_positions"": 0, ""settlements_from_feed_db"": true, ""signals"": 0, ""snapshots"": 28829, ""starting_bankroll"": 10000.0, ""strategy"": ""late_lotto_ticket"", ""venue"": ""kalshi""}
",0,0.0
5.0,0,0,173,0.0,0.0,0.0,,0,0.0,0.0,240,0.003,120,0.001,0.0,0,0,/home/matt/workspace/kalshi-btc-15m-bot/runs/late_lotto_ticket/late-lotto-sweep-20260522T134139Z-w120-240-p0p003-min0p001-yes_only-n5p0,late-lotto-sweep-20260522T134139Z-w120-240-p0p003-min0p001-yes_only-n5p0,0.0,yes_only,0,0.0,28829,ok,,", ""paired_locked_edge"": 0, ""pnl_split"": {""completed_pair_contracts"": 0, ""completed_pair_cost"": 0, ""completed_pair_payout"": 0, ""completed_pair_pnl"": 0, ""unpaired_leftover_cost"": 0, ""unpaired_leftover_payout"": 0, ""unpaired_leftover_pnl"": 0, ""unpaired_no_pnl"": 0, ""unpaired_time_buckets"": {}, ""unpaired_yes_pnl"": 0}, ""realized_pnl"": 0, ""settled_markets"": 0, ""settlement_sources"": [], ""total_cost"": 0}, ""reference_price_provenance"": {""composite_60s_reference_ticks"": 0, ""requested_source"": ""single_venue"", ""single_venue_ticks"": 28829, ""warnings"": []}, ""reference_price_source"": ""single_venue"", ""run_dir"": ""/home/matt/workspace/kalshi-btc-15m-bot/runs/late_lotto_ticket/late-lotto-sweep-20260522T134139Z-w120-240-p0p003-min0p001-yes_only-n5p0"", ""run_id"": ""late-lotto-sweep-20260522T134139Z-w120-240-p0p003-min0p001-yes_only-n5p0"", ""settled_positions"": 0, ""settlements_from_feed_db"": true, ""signals"": 0, ""snapshots"": 28829, ""starting_bankroll"": 10000.0, ""strategy"": ""late_lotto_ticket"", ""venue"": ""kalshi""}
",0,0.0
10.0,0,0,174,0.0,0.0,0.0,,0,0.0,0.0,240,0.003,120,0.001,0.0,0,0,/home/matt/workspace/kalshi-btc-15m-bot/runs/late_lotto_ticket/late-lotto-sweep-20260522T134139Z-w120-240-p0p003-min0p001-yes_only-n10p0,late-lotto-sweep-20260522T134139Z-w120-240-p0p003-min0p001-yes_only-n10p0,0.0,yes_only,0,0.0,28829,ok,,"""paired_locked_edge"": 0, ""pnl_split"": {""completed_pair_contracts"": 0, ""completed_pair_cost"": 0, ""completed_pair_payout"": 0, ""completed_pair_pnl"": 0, ""unpaired_leftover_cost"": 0, ""unpaired_leftover_payout"": 0, ""unpaired_leftover_pnl"": 0, ""unpaired_no_pnl"": 0, ""unpaired_time_buckets"": {}, ""unpaired_yes_pnl"": 0}, ""realized_pnl"": 0, ""settled_markets"": 0, ""settlement_sources"": [], ""total_cost"": 0}, ""reference_price_provenance"": {""composite_60s_reference_ticks"": 0, ""requested_source"": ""single_venue"", ""single_venue_ticks"": 28829, ""warnings"": []}, ""reference_price_source"": ""single_venue"", ""run_dir"": ""/home/matt/workspace/kalshi-btc-15m-bot/runs/late_lotto_ticket/late-lotto-sweep-20260522T134139Z-w120-240-p0p003-min0p001-yes_only-n10p0"", ""run_id"": ""late-lotto-sweep-20260522T134139Z-w120-240-p0p003-min0p001-yes_only-n10p0"", ""settled_positions"": 0, ""settlements_from_feed_db"": true, ""signals"": 0, ""snapshots"": 28829, ""starting_bankroll"": 10000.0, ""strategy"": ""late_lotto_ticket"", ""venue"": ""kalshi""}
",0,0.0
5.0,0,0,175,0.0,0.0,0.0,,0,0.0,0.0,240,0.005,120,0.001,0.0,0,0,/home/matt/workspace/kalshi-btc-15m-bot/runs/late_lotto_ticket/late-lotto-sweep-20260522T134139Z-w120-240-p0p005-min0p001-cheapest-n5p0,late-lotto-sweep-20260522T134139Z-w120-240-p0p005-min0p001-cheapest-n5p0,0.0,cheapest,0,0.0,28829,ok,,", ""paired_locked_edge"": 0, ""pnl_split"": {""completed_pair_contracts"": 0, ""completed_pair_cost"": 0, ""completed_pair_payout"": 0, ""completed_pair_pnl"": 0, ""unpaired_leftover_cost"": 0, ""unpaired_leftover_payout"": 0, ""unpaired_leftover_pnl"": 0, ""unpaired_no_pnl"": 0, ""unpaired_time_buckets"": {}, ""unpaired_yes_pnl"": 0}, ""realized_pnl"": 0, ""settled_markets"": 0, ""settlement_sources"": [], ""total_cost"": 0}, ""reference_price_provenance"": {""composite_60s_reference_ticks"": 0, ""requested_source"": ""single_venue"", ""single_venue_ticks"": 28829, ""warnings"": []}, ""reference_price_source"": ""single_venue"", ""run_dir"": ""/home/matt/workspace/kalshi-btc-15m-bot/runs/late_lotto_ticket/late-lotto-sweep-20260522T134139Z-w120-240-p0p005-min0p001-cheapest-n5p0"", ""run_id"": ""late-lotto-sweep-20260522T134139Z-w120-240-p0p005-min0p001-cheapest-n5p0"", ""settled_positions"": 0, ""settlements_from_feed_db"": true, ""signals"": 0, ""snapshots"": 28829, ""starting_bankroll"": 10000.0, ""strategy"": ""late_lotto_ticket"", ""venue"": ""kalshi""}
",0,0.0
10.0,0,0,176,0.0,0.0,0.0,,0,0.0,0.0,240,0.005,120,0.001,0.0,0,0,/home/matt/workspace/kalshi-btc-15m-bot/runs/late_lotto_ticket/late-lotto-sweep-20260522T134139Z-w120-240-p0p005-min0p001-cheapest-n10p0,late-lotto-sweep-20260522T134139Z-w120-240-p0p005-min0p001-cheapest-n10p0,0.0,cheapest,0,0.0,28829,ok,,"""paired_locked_edge"": 0, ""pnl_split"": {""completed_pair_contracts"": 0, ""completed_pair_cost"": 0, ""completed_pair_payout"": 0, ""completed_pair_pnl"": 0, ""unpaired_leftover_cost"": 0, ""unpaired_leftover_payout"": 0, ""unpaired_leftover_pnl"": 0, ""unpaired_no_pnl"": 0, ""unpaired_time_buckets"": {}, ""unpaired_yes_pnl"": 0}, ""realized_pnl"": 0, ""settled_markets"": 0, ""settlement_sources"": [], ""total_cost"": 0}, ""reference_price_provenance"": {""composite_60s_reference_ticks"": 0, ""requested_source"": ""single_venue"", ""single_venue_ticks"": 28829, ""warnings"": []}, ""reference_price_source"": ""single_venue"", ""run_dir"": ""/home/matt/workspace/kalshi-btc-15m-bot/runs/late_lotto_ticket/late-lotto-sweep-20260522T134139Z-w120-240-p0p005-min0p001-cheapest-n10p0"", ""run_id"": ""late-lotto-sweep-20260522T134139Z-w120-240-p0p005-min0p001-cheapest-n10p0"", ""settled_positions"": 0, ""settlements_from_feed_db"": true, ""signals"": 0, ""snapshots"": 28829, ""starting_bankroll"": 10000.0, ""strategy"": ""late_lotto_ticket"", ""venue"": ""kalshi""}
",0,0.0
5.0,0,0,177,0.0,0.0,0.0,,0,0.0,0.0,240,0.005,120,0.001,0.0,0,0,/home/matt/workspace/kalshi-btc-15m-bot/runs/late_lotto_ticket/late-lotto-sweep-20260522T134139Z-w120-240-p0p005-min0p001-no_only-n5p0,late-lotto-sweep-20260522T134139Z-w120-240-p0p005-min0p001-no_only-n5p0,0.0,no_only,0,0.0,28829,ok,," 0, ""paired_locked_edge"": 0, ""pnl_split"": {""completed_pair_contracts"": 0, ""completed_pair_cost"": 0, ""completed_pair_payout"": 0, ""completed_pair_pnl"": 0, ""unpaired_leftover_cost"": 0, ""unpaired_leftover_payout"": 0, ""unpaired_leftover_pnl"": 0, ""unpaired_no_pnl"": 0, ""unpaired_time_buckets"": {}, ""unpaired_yes_pnl"": 0}, ""realized_pnl"": 0, ""settled_markets"": 0, ""settlement_sources"": [], ""total_cost"": 0}, ""reference_price_provenance"": {""composite_60s_reference_ticks"": 0, ""requested_source"": ""single_venue"", ""single_venue_ticks"": 28829, ""warnings"": []}, ""reference_price_source"": ""single_venue"", ""run_dir"": ""/home/matt/workspace/kalshi-btc-15m-bot/runs/late_lotto_ticket/late-lotto-sweep-20260522T134139Z-w120-240-p0p005-min0p001-no_only-n5p0"", ""run_id"": ""late-lotto-sweep-20260522T134139Z-w120-240-p0p005-min0p001-no_only-n5p0"", ""settled_positions"": 0, ""settlements_from_feed_db"": true, ""signals"": 0, ""snapshots"": 28829, ""starting_bankroll"": 10000.0, ""strategy"": ""late_lotto_ticket"", ""venue"": ""kalshi""}
",0,0.0
10.0,0,0,178,0.0,0.0,0.0,,0,0.0,0.0,240,0.005,120,0.001,0.0,0,0,/home/matt/workspace/kalshi-btc-15m-bot/runs/late_lotto_ticket/late-lotto-sweep-20260522T134139Z-w120-240-p0p005-min0p001-no_only-n10p0,late-lotto-sweep-20260522T134139Z-w120-240-p0p005-min0p001-no_only-n10p0,0.0,no_only,0,0.0,28829,ok,,", ""paired_locked_edge"": 0, ""pnl_split"": {""completed_pair_contracts"": 0, ""completed_pair_cost"": 0, ""completed_pair_payout"": 0, ""completed_pair_pnl"": 0, ""unpaired_leftover_cost"": 0, ""unpaired_leftover_payout"": 0, ""unpaired_leftover_pnl"": 0, ""unpaired_no_pnl"": 0, ""unpaired_time_buckets"": {}, ""unpaired_yes_pnl"": 0}, ""realized_pnl"": 0, ""settled_markets"": 0, ""settlement_sources"": [], ""total_cost"": 0}, ""reference_price_provenance"": {""composite_60s_reference_ticks"": 0, ""requested_source"": ""single_venue"", ""single_venue_ticks"": 28829, ""warnings"": []}, ""reference_price_source"": ""single_venue"", ""run_dir"": ""/home/matt/workspace/kalshi-btc-15m-bot/runs/late_lotto_ticket/late-lotto-sweep-20260522T134139Z-w120-240-p0p005-min0p001-no_only-n10p0"", ""run_id"": ""late-lotto-sweep-20260522T134139Z-w120-240-p0p005-min0p001-no_only-n10p0"", ""settled_positions"": 0, ""settlements_from_feed_db"": true, ""signals"": 0, ""snapshots"": 28829, ""starting_bankroll"": 10000.0, ""strategy"": ""late_lotto_ticket"", ""venue"": ""kalshi""}
",0,0.0
5.0,0,0,179,0.0,0.0,0.0,,0,0.0,0.0,240,0.005,120,0.001,0.0,0,0,/home/matt/workspace/kalshi-btc-15m-bot/runs/late_lotto_ticket/late-lotto-sweep-20260522T134139Z-w120-240-p0p005-min0p001-yes_only-n5p0,late-lotto-sweep-20260522T134139Z-w120-240-p0p005-min0p001-yes_only-n5p0,0.0,yes_only,0,0.0,28829,ok,,", ""paired_locked_edge"": 0, ""pnl_split"": {""completed_pair_contracts"": 0, ""completed_pair_cost"": 0, ""completed_pair_payout"": 0, ""completed_pair_pnl"": 0, ""unpaired_leftover_cost"": 0, ""unpaired_leftover_payout"": 0, ""unpaired_leftover_pnl"": 0, ""unpaired_no_pnl"": 0, ""unpaired_time_buckets"": {}, ""unpaired_yes_pnl"": 0}, ""realized_pnl"": 0, ""settled_markets"": 0, ""settlement_sources"": [], ""total_cost"": 0}, ""reference_price_provenance"": {""composite_60s_reference_ticks"": 0, ""requested_source"": ""single_venue"", ""single_venue_ticks"": 28829, ""warnings"": []}, ""reference_price_source"": ""single_venue"", ""run_dir"": ""/home/matt/workspace/kalshi-btc-15m-bot/runs/late_lotto_ticket/late-lotto-sweep-20260522T134139Z-w120-240-p0p005-min0p001-yes_only-n5p0"", ""run_id"": ""late-lotto-sweep-20260522T134139Z-w120-240-p0p005-min0p001-yes_only-n5p0"", ""settled_positions"": 0, ""settlements_from_feed_db"": true, ""signals"": 0, ""snapshots"": 28829, ""starting_bankroll"": 10000.0, ""strategy"": ""late_lotto_ticket"", ""venue"": ""kalshi""}
",0,0.0
10.0,0,0,180,0.0,0.0,0.0,,0,0.0,0.0,240,0.005,120,0.001,0.0,0,0,/home/matt/workspace/kalshi-btc-15m-bot/runs/late_lotto_ticket/late-lotto-sweep-20260522T134139Z-w120-240-p0p005-min0p001-yes_only-n10p0,late-lotto-sweep-20260522T134139Z-w120-240-p0p005-min0p001-yes_only-n10p0,0.0,yes_only,0,0.0,28829,ok,,"""paired_locked_edge"": 0, ""pnl_split"": {""completed_pair_contracts"": 0, ""completed_pair_cost"": 0, ""completed_pair_payout"": 0, ""completed_pair_pnl"": 0, ""unpaired_leftover_cost"": 0, ""unpaired_leftover_payout"": 0, ""unpaired_leftover_pnl"": 0, ""unpaired_no_pnl"": 0, ""unpaired_time_buckets"": {}, ""unpaired_yes_pnl"": 0}, ""realized_pnl"": 0, ""settled_markets"": 0, ""settlement_sources"": [], ""total_cost"": 0}, ""reference_price_provenance"": {""composite_60s_reference_ticks"": 0, ""requested_source"": ""single_venue"", ""single_venue_ticks"": 28829, ""warnings"": []}, ""reference_price_source"": ""single_venue"", ""run_dir"": ""/home/matt/workspace/kalshi-btc-15m-bot/runs/late_lotto_ticket/late-lotto-sweep-20260522T134139Z-w120-240-p0p005-min0p001-yes_only-n10p0"", ""run_id"": ""late-lotto-sweep-20260522T134139Z-w120-240-p0p005-min0p001-yes_only-n10p0"", ""settled_positions"": 0, ""settlements_from_feed_db"": true, ""signals"": 0, ""snapshots"": 28829, ""starting_bankroll"": 10000.0, ""strategy"": ""late_lotto_ticket"", ""venue"": ""kalshi""}
",0,0.0
5.0,0,0,181,0.0,0.0,0.0,,0,0.0,0.0,240,0.01,120,0.001,0.0,0,0,/home/matt/workspace/kalshi-btc-15m-bot/runs/late_lotto_ticket/late-lotto-sweep-20260522T134139Z-w120-240-p0p01-min0p001-cheapest-n5p0,late-lotto-sweep-20260522T134139Z-w120-240-p0p01-min0p001-cheapest-n5p0,0.0,cheapest,0,0.0,28829,ok,," 0, ""paired_locked_edge"": 0, ""pnl_split"": {""completed_pair_contracts"": 0, ""completed_pair_cost"": 0, ""completed_pair_payout"": 0, ""completed_pair_pnl"": 0, ""unpaired_leftover_cost"": 0, ""unpaired_leftover_payout"": 0, ""unpaired_leftover_pnl"": 0, ""unpaired_no_pnl"": 0, ""unpaired_time_buckets"": {}, ""unpaired_yes_pnl"": 0}, ""realized_pnl"": 0, ""settled_markets"": 0, ""settlement_sources"": [], ""total_cost"": 0}, ""reference_price_provenance"": {""composite_60s_reference_ticks"": 0, ""requested_source"": ""single_venue"", ""single_venue_ticks"": 28829, ""warnings"": []}, ""reference_price_source"": ""single_venue"", ""run_dir"": ""/home/matt/workspace/kalshi-btc-15m-bot/runs/late_lotto_ticket/late-lotto-sweep-20260522T134139Z-w120-240-p0p01-min0p001-cheapest-n5p0"", ""run_id"": ""late-lotto-sweep-20260522T134139Z-w120-240-p0p01-min0p001-cheapest-n5p0"", ""settled_positions"": 0, ""settlements_from_feed_db"": true, ""signals"": 0, ""snapshots"": 28829, ""starting_bankroll"": 10000.0, ""strategy"": ""late_lotto_ticket"", ""venue"": ""kalshi""}
",0,0.0
10.0,0,0,182,0.0,0.0,0.0,,0,0.0,0.0,240,0.01,120,0.001,0.0,0,0,/home/matt/workspace/kalshi-btc-15m-bot/runs/late_lotto_ticket/late-lotto-sweep-20260522T134139Z-w120-240-p0p01-min0p001-cheapest-n10p0,late-lotto-sweep-20260522T134139Z-w120-240-p0p01-min0p001-cheapest-n10p0,0.0,cheapest,0,0.0,28829,ok,,", ""paired_locked_edge"": 0, ""pnl_split"": {""completed_pair_contracts"": 0, ""completed_pair_cost"": 0, ""completed_pair_payout"": 0, ""completed_pair_pnl"": 0, ""unpaired_leftover_cost"": 0, ""unpaired_leftover_payout"": 0, ""unpaired_leftover_pnl"": 0, ""unpaired_no_pnl"": 0, ""unpaired_time_buckets"": {}, ""unpaired_yes_pnl"": 0}, ""realized_pnl"": 0, ""settled_markets"": 0, ""settlement_sources"": [], ""total_cost"": 0}, ""reference_price_provenance"": {""composite_60s_reference_ticks"": 0, ""requested_source"": ""single_venue"", ""single_venue_ticks"": 28829, ""warnings"": []}, ""reference_price_source"": ""single_venue"", ""run_dir"": ""/home/matt/workspace/kalshi-btc-15m-bot/runs/late_lotto_ticket/late-lotto-sweep-20260522T134139Z-w120-240-p0p01-min0p001-cheapest-n10p0"", ""run_id"": ""late-lotto-sweep-20260522T134139Z-w120-240-p0p01-min0p001-cheapest-n10p0"", ""settled_positions"": 0, ""settlements_from_feed_db"": true, ""signals"": 0, ""snapshots"": 28829, ""starting_bankroll"": 10000.0, ""strategy"": ""late_lotto_ticket"", ""venue"": ""kalshi""}
",0,0.0
5.0,0,0,183,0.0,0.0,0.0,,0,0.0,0.0,240,0.01,120,0.001,0.0,0,0,/home/matt/workspace/kalshi-btc-15m-bot/runs/late_lotto_ticket/late-lotto-sweep-20260522T134139Z-w120-240-p0p01-min0p001-no_only-n5p0,late-lotto-sweep-20260522T134139Z-w120-240-p0p01-min0p001-no_only-n5p0,0.0,no_only,0,0.0,28829,ok,,""": 0, ""paired_locked_edge"": 0, ""pnl_split"": {""completed_pair_contracts"": 0, ""completed_pair_cost"": 0, ""completed_pair_payout"": 0, ""completed_pair_pnl"": 0, ""unpaired_leftover_cost"": 0, ""unpaired_leftover_payout"": 0, ""unpaired_leftover_pnl"": 0, ""unpaired_no_pnl"": 0, ""unpaired_time_buckets"": {}, ""unpaired_yes_pnl"": 0}, ""realized_pnl"": 0, ""settled_markets"": 0, ""settlement_sources"": [], ""total_cost"": 0}, ""reference_price_provenance"": {""composite_60s_reference_ticks"": 0, ""requested_source"": ""single_venue"", ""single_venue_ticks"": 28829, ""warnings"": []}, ""reference_price_source"": ""single_venue"", ""run_dir"": ""/home/matt/workspace/kalshi-btc-15m-bot/runs/late_lotto_ticket/late-lotto-sweep-20260522T134139Z-w120-240-p0p01-min0p001-no_only-n5p0"", ""run_id"": ""late-lotto-sweep-20260522T134139Z-w120-240-p0p01-min0p001-no_only-n5p0"", ""settled_positions"": 0, ""settlements_from_feed_db"": true, ""signals"": 0, ""snapshots"": 28829, ""starting_bankroll"": 10000.0, ""strategy"": ""late_lotto_ticket"", ""venue"": ""kalshi""}
",0,0.0
10.0,0,0,184,0.0,0.0,0.0,,0,0.0,0.0,240,0.01,120,0.001,0.0,0,0,/home/matt/workspace/kalshi-btc-15m-bot/runs/late_lotto_ticket/late-lotto-sweep-20260522T134139Z-w120-240-p0p01-min0p001-no_only-n10p0,late-lotto-sweep-20260522T134139Z-w120-240-p0p01-min0p001-no_only-n10p0,0.0,no_only,0,0.0,28829,ok,," 0, ""paired_locked_edge"": 0, ""pnl_split"": {""completed_pair_contracts"": 0, ""completed_pair_cost"": 0, ""completed_pair_payout"": 0, ""completed_pair_pnl"": 0, ""unpaired_leftover_cost"": 0, ""unpaired_leftover_payout"": 0, ""unpaired_leftover_pnl"": 0, ""unpaired_no_pnl"": 0, ""unpaired_time_buckets"": {}, ""unpaired_yes_pnl"": 0}, ""realized_pnl"": 0, ""settled_markets"": 0, ""settlement_sources"": [], ""total_cost"": 0}, ""reference_price_provenance"": {""composite_60s_reference_ticks"": 0, ""requested_source"": ""single_venue"", ""single_venue_ticks"": 28829, ""warnings"": []}, ""reference_price_source"": ""single_venue"", ""run_dir"": ""/home/matt/workspace/kalshi-btc-15m-bot/runs/late_lotto_ticket/late-lotto-sweep-20260522T134139Z-w120-240-p0p01-min0p001-no_only-n10p0"", ""run_id"": ""late-lotto-sweep-20260522T134139Z-w120-240-p0p01-min0p001-no_only-n10p0"", ""settled_positions"": 0, ""settlements_from_feed_db"": true, ""signals"": 0, ""snapshots"": 28829, ""starting_bankroll"": 10000.0, ""strategy"": ""late_lotto_ticket"", ""venue"": ""kalshi""}
",0,0.0
5.0,0,0,185,0.0,0.0,0.0,,0,0.0,0.0,240,0.01,120,0.001,0.0,0,0,/home/matt/workspace/kalshi-btc-15m-bot/runs/late_lotto_ticket/late-lotto-sweep-20260522T134139Z-w120-240-p0p01-min0p001-yes_only-n5p0,late-lotto-sweep-20260522T134139Z-w120-240-p0p01-min0p001-yes_only-n5p0,0.0,yes_only,0,0.0,28829,ok,," 0, ""paired_locked_edge"": 0, ""pnl_split"": {""completed_pair_contracts"": 0, ""completed_pair_cost"": 0, ""completed_pair_payout"": 0, ""completed_pair_pnl"": 0, ""unpaired_leftover_cost"": 0, ""unpaired_leftover_payout"": 0, ""unpaired_leftover_pnl"": 0, ""unpaired_no_pnl"": 0, ""unpaired_time_buckets"": {}, ""unpaired_yes_pnl"": 0}, ""realized_pnl"": 0, ""settled_markets"": 0, ""settlement_sources"": [], ""total_cost"": 0}, ""reference_price_provenance"": {""composite_60s_reference_ticks"": 0, ""requested_source"": ""single_venue"", ""single_venue_ticks"": 28829, ""warnings"": []}, ""reference_price_source"": ""single_venue"", ""run_dir"": ""/home/matt/workspace/kalshi-btc-15m-bot/runs/late_lotto_ticket/late-lotto-sweep-20260522T134139Z-w120-240-p0p01-min0p001-yes_only-n5p0"", ""run_id"": ""late-lotto-sweep-20260522T134139Z-w120-240-p0p01-min0p001-yes_only-n5p0"", ""settled_positions"": 0, ""settlements_from_feed_db"": true, ""signals"": 0, ""snapshots"": 28829, ""starting_bankroll"": 10000.0, ""strategy"": ""late_lotto_ticket"", ""venue"": ""kalshi""}
",0,0.0
10.0,0,0,186,0.0,0.0,0.0,,0,0.0,0.0,240,0.01,120,0.001,0.0,0,0,/home/matt/workspace/kalshi-btc-15m-bot/runs/late_lotto_ticket/late-lotto-sweep-20260522T134139Z-w120-240-p0p01-min0p001-yes_only-n10p0,late-lotto-sweep-20260522T134139Z-w120-240-p0p01-min0p001-yes_only-n10p0,0.0,yes_only,0,0.0,28829,ok,,", ""paired_locked_edge"": 0, ""pnl_split"": {""completed_pair_contracts"": 0, ""completed_pair_cost"": 0, ""completed_pair_payout"": 0, ""completed_pair_pnl"": 0, ""unpaired_leftover_cost"": 0, ""unpaired_leftover_payout"": 0, ""unpaired_leftover_pnl"": 0, ""unpaired_no_pnl"": 0, ""unpaired_time_buckets"": {}, ""unpaired_yes_pnl"": 0}, ""realized_pnl"": 0, ""settled_markets"": 0, ""settlement_sources"": [], ""total_cost"": 0}, ""reference_price_provenance"": {""composite_60s_reference_ticks"": 0, ""requested_source"": ""single_venue"", ""single_venue_ticks"": 28829, ""warnings"": []}, ""reference_price_source"": ""single_venue"", ""run_dir"": ""/home/matt/workspace/kalshi-btc-15m-bot/runs/late_lotto_ticket/late-lotto-sweep-20260522T134139Z-w120-240-p0p01-min0p001-yes_only-n10p0"", ""run_id"": ""late-lotto-sweep-20260522T134139Z-w120-240-p0p01-min0p001-yes_only-n10p0"", ""settled_positions"": 0, ""settlements_from_feed_db"": true, ""signals"": 0, ""snapshots"": 28829, ""starting_bankroll"": 10000.0, ""strategy"": ""late_lotto_ticket"", ""venue"": ""kalshi""}
",0,0.0
5.0,0,0,187,0.0,0.0,0.0,,0,0.0,0.0,240,0.015,120,0.001,0.0,0,0,/home/matt/workspace/kalshi-btc-15m-bot/runs/late_lotto_ticket/late-lotto-sweep-20260522T134139Z-w120-240-p0p015-min0p001-cheapest-n5p0,late-lotto-sweep-20260522T134139Z-w120-240-p0p015-min0p001-cheapest-n5p0,0.0,cheapest,0,0.0,28829,ok,,", ""paired_locked_edge"": 0, ""pnl_split"": {""completed_pair_contracts"": 0, ""completed_pair_cost"": 0, ""completed_pair_payout"": 0, ""completed_pair_pnl"": 0, ""unpaired_leftover_cost"": 0, ""unpaired_leftover_payout"": 0, ""unpaired_leftover_pnl"": 0, ""unpaired_no_pnl"": 0, ""unpaired_time_buckets"": {}, ""unpaired_yes_pnl"": 0}, ""realized_pnl"": 0, ""settled_markets"": 0, ""settlement_sources"": [], ""total_cost"": 0}, ""reference_price_provenance"": {""composite_60s_reference_ticks"": 0, ""requested_source"": ""single_venue"", ""single_venue_ticks"": 28829, ""warnings"": []}, ""reference_price_source"": ""single_venue"", ""run_dir"": ""/home/matt/workspace/kalshi-btc-15m-bot/runs/late_lotto_ticket/late-lotto-sweep-20260522T134139Z-w120-240-p0p015-min0p001-cheapest-n5p0"", ""run_id"": ""late-lotto-sweep-20260522T134139Z-w120-240-p0p015-min0p001-cheapest-n5p0"", ""settled_positions"": 0, ""settlements_from_feed_db"": true, ""signals"": 0, ""snapshots"": 28829, ""starting_bankroll"": 10000.0, ""strategy"": ""late_lotto_ticket"", ""venue"": ""kalshi""}
",0,0.0
10.0,0,0,188,0.0,0.0,0.0,,0,0.0,0.0,240,0.015,120,0.001,0.0,0,0,/home/matt/workspace/kalshi-btc-15m-bot/runs/late_lotto_ticket/late-lotto-sweep-20260522T134139Z-w120-240-p0p015-min0p001-cheapest-n10p0,late-lotto-sweep-20260522T134139Z-w120-240-p0p015-min0p001-cheapest-n10p0,0.0,cheapest,0,0.0,28829,ok,,"""paired_locked_edge"": 0, ""pnl_split"": {""completed_pair_contracts"": 0, ""completed_pair_cost"": 0, ""completed_pair_payout"": 0, ""completed_pair_pnl"": 0, ""unpaired_leftover_cost"": 0, ""unpaired_leftover_payout"": 0, ""unpaired_leftover_pnl"": 0, ""unpaired_no_pnl"": 0, ""unpaired_time_buckets"": {}, ""unpaired_yes_pnl"": 0}, ""realized_pnl"": 0, ""settled_markets"": 0, ""settlement_sources"": [], ""total_cost"": 0}, ""reference_price_provenance"": {""composite_60s_reference_ticks"": 0, ""requested_source"": ""single_venue"", ""single_venue_ticks"": 28829, ""warnings"": []}, ""reference_price_source"": ""single_venue"", ""run_dir"": ""/home/matt/workspace/kalshi-btc-15m-bot/runs/late_lotto_ticket/late-lotto-sweep-20260522T134139Z-w120-240-p0p015-min0p001-cheapest-n10p0"", ""run_id"": ""late-lotto-sweep-20260522T134139Z-w120-240-p0p015-min0p001-cheapest-n10p0"", ""settled_positions"": 0, ""settlements_from_feed_db"": true, ""signals"": 0, ""snapshots"": 28829, ""starting_bankroll"": 10000.0, ""strategy"": ""late_lotto_ticket"", ""venue"": ""kalshi""}
",0,0.0
5.0,0,0,189,0.0,0.0,0.0,,0,0.0,0.0,240,0.015,120,0.001,0.0,0,0,/home/matt/workspace/kalshi-btc-15m-bot/runs/late_lotto_ticket/late-lotto-sweep-20260522T134139Z-w120-240-p0p015-min0p001-no_only-n5p0,late-lotto-sweep-20260522T134139Z-w120-240-p0p015-min0p001-no_only-n5p0,0.0,no_only,0,0.0,28829,ok,," 0, ""paired_locked_edge"": 0, ""pnl_split"": {""completed_pair_contracts"": 0, ""completed_pair_cost"": 0, ""completed_pair_payout"": 0, ""completed_pair_pnl"": 0, ""unpaired_leftover_cost"": 0, ""unpaired_leftover_payout"": 0, ""unpaired_leftover_pnl"": 0, ""unpaired_no_pnl"": 0, ""unpaired_time_buckets"": {}, ""unpaired_yes_pnl"": 0}, ""realized_pnl"": 0, ""settled_markets"": 0, ""settlement_sources"": [], ""total_cost"": 0}, ""reference_price_provenance"": {""composite_60s_reference_ticks"": 0, ""requested_source"": ""single_venue"", ""single_venue_ticks"": 28829, ""warnings"": []}, ""reference_price_source"": ""single_venue"", ""run_dir"": ""/home/matt/workspace/kalshi-btc-15m-bot/runs/late_lotto_ticket/late-lotto-sweep-20260522T134139Z-w120-240-p0p015-min0p001-no_only-n5p0"", ""run_id"": ""late-lotto-sweep-20260522T134139Z-w120-240-p0p015-min0p001-no_only-n5p0"", ""settled_positions"": 0, ""settlements_from_feed_db"": true, ""signals"": 0, ""snapshots"": 28829, ""starting_bankroll"": 10000.0, ""strategy"": ""late_lotto_ticket"", ""venue"": ""kalshi""}
",0,0.0
10.0,0,0,190,0.0,0.0,0.0,,0,0.0,0.0,240,0.015,120,0.001,0.0,0,0,/home/matt/workspace/kalshi-btc-15m-bot/runs/late_lotto_ticket/late-lotto-sweep-20260522T134139Z-w120-240-p0p015-min0p001-no_only-n10p0,late-lotto-sweep-20260522T134139Z-w120-240-p0p015-min0p001-no_only-n10p0,0.0,no_only,0,0.0,28829,ok,,", ""paired_locked_edge"": 0, ""pnl_split"": {""completed_pair_contracts"": 0, ""completed_pair_cost"": 0, ""completed_pair_payout"": 0, ""completed_pair_pnl"": 0, ""unpaired_leftover_cost"": 0, ""unpaired_leftover_payout"": 0, ""unpaired_leftover_pnl"": 0, ""unpaired_no_pnl"": 0, ""unpaired_time_buckets"": {}, ""unpaired_yes_pnl"": 0}, ""realized_pnl"": 0, ""settled_markets"": 0, ""settlement_sources"": [], ""total_cost"": 0}, ""reference_price_provenance"": {""composite_60s_reference_ticks"": 0, ""requested_source"": ""single_venue"", ""single_venue_ticks"": 28829, ""warnings"": []}, ""reference_price_source"": ""single_venue"", ""run_dir"": ""/home/matt/workspace/kalshi-btc-15m-bot/runs/late_lotto_ticket/late-lotto-sweep-20260522T134139Z-w120-240-p0p015-min0p001-no_only-n10p0"", ""run_id"": ""late-lotto-sweep-20260522T134139Z-w120-240-p0p015-min0p001-no_only-n10p0"", ""settled_positions"": 0, ""settlements_from_feed_db"": true, ""signals"": 0, ""snapshots"": 28829, ""starting_bankroll"": 10000.0, ""strategy"": ""late_lotto_ticket"", ""venue"": ""kalshi""}
",0,0.0
5.0,0,0,191,0.0,0.0,0.0,,0,0.0,0.0,240,0.015,120,0.001,0.0,0,0,/home/matt/workspace/kalshi-btc-15m-bot/runs/late_lotto_ticket/late-lotto-sweep-20260522T134139Z-w120-240-p0p015-min0p001-yes_only-n5p0,late-lotto-sweep-20260522T134139Z-w120-240-p0p015-min0p001-yes_only-n5p0,0.0,yes_only,0,0.0,28829,ok,,", ""paired_locked_edge"": 0, ""pnl_split"": {""completed_pair_contracts"": 0, ""completed_pair_cost"": 0, ""completed_pair_payout"": 0, ""completed_pair_pnl"": 0, ""unpaired_leftover_cost"": 0, ""unpaired_leftover_payout"": 0, ""unpaired_leftover_pnl"": 0, ""unpaired_no_pnl"": 0, ""unpaired_time_buckets"": {}, ""unpaired_yes_pnl"": 0}, ""realized_pnl"": 0, ""settled_markets"": 0, ""settlement_sources"": [], ""total_cost"": 0}, ""reference_price_provenance"": {""composite_60s_reference_ticks"": 0, ""requested_source"": ""single_venue"", ""single_venue_ticks"": 28829, ""warnings"": []}, ""reference_price_source"": ""single_venue"", ""run_dir"": ""/home/matt/workspace/kalshi-btc-15m-bot/runs/late_lotto_ticket/late-lotto-sweep-20260522T134139Z-w120-240-p0p015-min0p001-yes_only-n5p0"", ""run_id"": ""late-lotto-sweep-20260522T134139Z-w120-240-p0p015-min0p001-yes_only-n5p0"", ""settled_positions"": 0, ""settlements_from_feed_db"": true, ""signals"": 0, ""snapshots"": 28829, ""starting_bankroll"": 10000.0, ""strategy"": ""late_lotto_ticket"", ""venue"": ""kalshi""}
",0,0.0
10.0,0,0,192,0.0,0.0,0.0,,0,0.0,0.0,240,0.015,120,0.001,0.0,0,0,/home/matt/workspace/kalshi-btc-15m-bot/runs/late_lotto_ticket/late-lotto-sweep-20260522T134139Z-w120-240-p0p015-min0p001-yes_only-n10p0,late-lotto-sweep-20260522T134139Z-w120-240-p0p015-min0p001-yes_only-n10p0,0.0,yes_only,0,0.0,28829,ok,,"""paired_locked_edge"": 0, ""pnl_split"": {""completed_pair_contracts"": 0, ""completed_pair_cost"": 0, ""completed_pair_payout"": 0, ""completed_pair_pnl"": 0, ""unpaired_leftover_cost"": 0, ""unpaired_leftover_payout"": 0, ""unpaired_leftover_pnl"": 0, ""unpaired_no_pnl"": 0, ""unpaired_time_buckets"": {}, ""unpaired_yes_pnl"": 0}, ""realized_pnl"": 0, ""settled_markets"": 0, ""settlement_sources"": [], ""total_cost"": 0}, ""reference_price_provenance"": {""composite_60s_reference_ticks"": 0, ""requested_source"": ""single_venue"", ""single_venue_ticks"": 28829, ""warnings"": []}, ""reference_price_source"": ""single_venue"", ""run_dir"": ""/home/matt/workspace/kalshi-btc-15m-bot/runs/late_lotto_ticket/late-lotto-sweep-20260522T134139Z-w120-240-p0p015-min0p001-yes_only-n10p0"", ""run_id"": ""late-lotto-sweep-20260522T134139Z-w120-240-p0p015-min0p001-yes_only-n10p0"", ""settled_positions"": 0, ""settlements_from_feed_db"": true, ""signals"": 0, ""snapshots"": 28829, ""starting_bankroll"": 10000.0, ""strategy"": ""late_lotto_ticket"", ""venue"": ""kalshi""}
",0,0.0
5.0,0,0,193,0.0,0.0,0.0,,0,0.0,0.0,240,0.02,120,0.001,0.0,0,0,/home/matt/workspace/kalshi-btc-15m-bot/runs/late_lotto_ticket/late-lotto-sweep-20260522T134139Z-w120-240-p0p02-min0p001-cheapest-n5p0,late-lotto-sweep-20260522T134139Z-w120-240-p0p02-min0p001-cheapest-n5p0,0.0,cheapest,0,0.0,28829,ok,," 0, ""paired_locked_edge"": 0, ""pnl_split"": {""completed_pair_contracts"": 0, ""completed_pair_cost"": 0, ""completed_pair_payout"": 0, ""completed_pair_pnl"": 0, ""unpaired_leftover_cost"": 0, ""unpaired_leftover_payout"": 0, ""unpaired_leftover_pnl"": 0, ""unpaired_no_pnl"": 0, ""unpaired_time_buckets"": {}, ""unpaired_yes_pnl"": 0}, ""realized_pnl"": 0, ""settled_markets"": 0, ""settlement_sources"": [], ""total_cost"": 0}, ""reference_price_provenance"": {""composite_60s_reference_ticks"": 0, ""requested_source"": ""single_venue"", ""single_venue_ticks"": 28829, ""warnings"": []}, ""reference_price_source"": ""single_venue"", ""run_dir"": ""/home/matt/workspace/kalshi-btc-15m-bot/runs/late_lotto_ticket/late-lotto-sweep-20260522T134139Z-w120-240-p0p02-min0p001-cheapest-n5p0"", ""run_id"": ""late-lotto-sweep-20260522T134139Z-w120-240-p0p02-min0p001-cheapest-n5p0"", ""settled_positions"": 0, ""settlements_from_feed_db"": true, ""signals"": 0, ""snapshots"": 28829, ""starting_bankroll"": 10000.0, ""strategy"": ""late_lotto_ticket"", ""venue"": ""kalshi""}
",0,0.0
10.0,0,0,194,0.0,0.0,0.0,,0,0.0,0.0,240,0.02,120,0.001,0.0,0,0,/home/matt/workspace/kalshi-btc-15m-bot/runs/late_lotto_ticket/late-lotto-sweep-20260522T134139Z-w120-240-p0p02-min0p001-cheapest-n10p0,late-lotto-sweep-20260522T134139Z-w120-240-p0p02-min0p001-cheapest-n10p0,0.0,cheapest,0,0.0,28829,ok,,", ""paired_locked_edge"": 0, ""pnl_split"": {""completed_pair_contracts"": 0, ""completed_pair_cost"": 0, ""completed_pair_payout"": 0, ""completed_pair_pnl"": 0, ""unpaired_leftover_cost"": 0, ""unpaired_leftover_payout"": 0, ""unpaired_leftover_pnl"": 0, ""unpaired_no_pnl"": 0, ""unpaired_time_buckets"": {}, ""unpaired_yes_pnl"": 0}, ""realized_pnl"": 0, ""settled_markets"": 0, ""settlement_sources"": [], ""total_cost"": 0}, ""reference_price_provenance"": {""composite_60s_reference_ticks"": 0, ""requested_source"": ""single_venue"", ""single_venue_ticks"": 28829, ""warnings"": []}, ""reference_price_source"": ""single_venue"", ""run_dir"": ""/home/matt/workspace/kalshi-btc-15m-bot/runs/late_lotto_ticket/late-lotto-sweep-20260522T134139Z-w120-240-p0p02-min0p001-cheapest-n10p0"", ""run_id"": ""late-lotto-sweep-20260522T134139Z-w120-240-p0p02-min0p001-cheapest-n10p0"", ""settled_positions"": 0, ""settlements_from_feed_db"": true, ""signals"": 0, ""snapshots"": 28829, ""starting_bankroll"": 10000.0, ""strategy"": ""late_lotto_ticket"", ""venue"": ""kalshi""}
",0,0.0
5.0,0,0,195,0.0,0.0,0.0,,0,0.0,0.0,240,0.02,120,0.001,0.0,0,0,/home/matt/workspace/kalshi-btc-15m-bot/runs/late_lotto_ticket/late-lotto-sweep-20260522T134139Z-w120-240-p0p02-min0p001-no_only-n5p0,late-lotto-sweep-20260522T134139Z-w120-240-p0p02-min0p001-no_only-n5p0,0.0,no_only,0,0.0,28829,ok,,""": 0, ""paired_locked_edge"": 0, ""pnl_split"": {""completed_pair_contracts"": 0, ""completed_pair_cost"": 0, ""completed_pair_payout"": 0, ""completed_pair_pnl"": 0, ""unpaired_leftover_cost"": 0, ""unpaired_leftover_payout"": 0, ""unpaired_leftover_pnl"": 0, ""unpaired_no_pnl"": 0, ""unpaired_time_buckets"": {}, ""unpaired_yes_pnl"": 0}, ""realized_pnl"": 0, ""settled_markets"": 0, ""settlement_sources"": [], ""total_cost"": 0}, ""reference_price_provenance"": {""composite_60s_reference_ticks"": 0, ""requested_source"": ""single_venue"", ""single_venue_ticks"": 28829, ""warnings"": []}, ""reference_price_source"": ""single_venue"", ""run_dir"": ""/home/matt/workspace/kalshi-btc-15m-bot/runs/late_lotto_ticket/late-lotto-sweep-20260522T134139Z-w120-240-p0p02-min0p001-no_only-n5p0"", ""run_id"": ""late-lotto-sweep-20260522T134139Z-w120-240-p0p02-min0p001-no_only-n5p0"", ""settled_positions"": 0, ""settlements_from_feed_db"": true, ""signals"": 0, ""snapshots"": 28829, ""starting_bankroll"": 10000.0, ""strategy"": ""late_lotto_ticket"", ""venue"": ""kalshi""}
",0,0.0
10.0,0,0,196,0.0,0.0,0.0,,0,0.0,0.0,240,0.02,120,0.001,0.0,0,0,/home/matt/workspace/kalshi-btc-15m-bot/runs/late_lotto_ticket/late-lotto-sweep-20260522T134139Z-w120-240-p0p02-min0p001-no_only-n10p0,late-lotto-sweep-20260522T134139Z-w120-240-p0p02-min0p001-no_only-n10p0,0.0,no_only,0,0.0,28829,ok,," 0, ""paired_locked_edge"": 0, ""pnl_split"": {""completed_pair_contracts"": 0, ""completed_pair_cost"": 0, ""completed_pair_payout"": 0, ""completed_pair_pnl"": 0, ""unpaired_leftover_cost"": 0, ""unpaired_leftover_payout"": 0, ""unpaired_leftover_pnl"": 0, ""unpaired_no_pnl"": 0, ""unpaired_time_buckets"": {}, ""unpaired_yes_pnl"": 0}, ""realized_pnl"": 0, ""settled_markets"": 0, ""settlement_sources"": [], ""total_cost"": 0}, ""reference_price_provenance"": {""composite_60s_reference_ticks"": 0, ""requested_source"": ""single_venue"", ""single_venue_ticks"": 28829, ""warnings"": []}, ""reference_price_source"": ""single_venue"", ""run_dir"": ""/home/matt/workspace/kalshi-btc-15m-bot/runs/late_lotto_ticket/late-lotto-sweep-20260522T134139Z-w120-240-p0p02-min0p001-no_only-n10p0"", ""run_id"": ""late-lotto-sweep-20260522T134139Z-w120-240-p0p02-min0p001-no_only-n10p0"", ""settled_positions"": 0, ""settlements_from_feed_db"": true, ""signals"": 0, ""snapshots"": 28829, ""starting_bankroll"": 10000.0, ""strategy"": ""late_lotto_ticket"", ""venue"": ""kalshi""}
",0,0.0
5.0,0,0,197,0.0,0.0,0.0,,0,0.0,0.0,240,0.02,120,0.001,0.0,0,0,/home/matt/workspace/kalshi-btc-15m-bot/runs/late_lotto_ticket/late-lotto-sweep-20260522T134139Z-w120-240-p0p02-min0p001-yes_only-n5p0,late-lotto-sweep-20260522T134139Z-w120-240-p0p02-min0p001-yes_only-n5p0,0.0,yes_only,0,0.0,28829,ok,," 0, ""paired_locked_edge"": 0, ""pnl_split"": {""completed_pair_contracts"": 0, ""completed_pair_cost"": 0, ""completed_pair_payout"": 0, ""completed_pair_pnl"": 0, ""unpaired_leftover_cost"": 0, ""unpaired_leftover_payout"": 0, ""unpaired_leftover_pnl"": 0, ""unpaired_no_pnl"": 0, ""unpaired_time_buckets"": {}, ""unpaired_yes_pnl"": 0}, ""realized_pnl"": 0, ""settled_markets"": 0, ""settlement_sources"": [], ""total_cost"": 0}, ""reference_price_provenance"": {""composite_60s_reference_ticks"": 0, ""requested_source"": ""single_venue"", ""single_venue_ticks"": 28829, ""warnings"": []}, ""reference_price_source"": ""single_venue"", ""run_dir"": ""/home/matt/workspace/kalshi-btc-15m-bot/runs/late_lotto_ticket/late-lotto-sweep-20260522T134139Z-w120-240-p0p02-min0p001-yes_only-n5p0"", ""run_id"": ""late-lotto-sweep-20260522T134139Z-w120-240-p0p02-min0p001-yes_only-n5p0"", ""settled_positions"": 0, ""settlements_from_feed_db"": true, ""signals"": 0, ""snapshots"": 28829, ""starting_bankroll"": 10000.0, ""strategy"": ""late_lotto_ticket"", ""venue"": ""kalshi""}
",0,0.0
10.0,0,0,198,0.0,0.0,0.0,,0,0.0,0.0,240,0.02,120,0.001,0.0,0,0,/home/matt/workspace/kalshi-btc-15m-bot/runs/late_lotto_ticket/late-lotto-sweep-20260522T134139Z-w120-240-p0p02-min0p001-yes_only-n10p0,late-lotto-sweep-20260522T134139Z-w120-240-p0p02-min0p001-yes_only-n10p0,0.0,yes_only,0,0.0,28829,ok,,", ""paired_locked_edge"": 0, ""pnl_split"": {""completed_pair_contracts"": 0, ""completed_pair_cost"": 0, ""completed_pair_payout"": 0, ""completed_pair_pnl"": 0, ""unpaired_leftover_cost"": 0, ""unpaired_leftover_payout"": 0, ""unpaired_leftover_pnl"": 0, ""unpaired_no_pnl"": 0, ""unpaired_time_buckets"": {}, ""unpaired_yes_pnl"": 0}, ""realized_pnl"": 0, ""settled_markets"": 0, ""settlement_sources"": [], ""total_cost"": 0}, ""reference_price_provenance"": {""composite_60s_reference_ticks"": 0, ""requested_source"": ""single_venue"", ""single_venue_ticks"": 28829, ""warnings"": []}, ""reference_price_source"": ""single_venue"", ""run_dir"": ""/home/matt/workspace/kalshi-btc-15m-bot/runs/late_lotto_ticket/late-lotto-sweep-20260522T134139Z-w120-240-p0p02-min0p001-yes_only-n10p0"", ""run_id"": ""late-lotto-sweep-20260522T134139Z-w120-240-p0p02-min0p001-yes_only-n10p0"", ""settled_positions"": 0, ""settlements_from_feed_db"": true, ""signals"": 0, ""snapshots"": 28829, ""starting_bankroll"": 10000.0, ""strategy"": ""late_lotto_ticket"", ""venue"": ""kalshi""}
",0,0.0
5.0,0,0,199,0.0,0.0,0.0,,0,0.0,0.0,240,0.03,120,0.001,0.0,0,0,/home/matt/workspace/kalshi-btc-15m-bot/runs/late_lotto_ticket/late-lotto-sweep-20260522T134139Z-w120-240-p0p03-min0p001-cheapest-n5p0,late-lotto-sweep-20260522T134139Z-w120-240-p0p03-min0p001-cheapest-n5p0,0.0,cheapest,0,0.0,28829,ok,," 0, ""paired_locked_edge"": 0, ""pnl_split"": {""completed_pair_contracts"": 0, ""completed_pair_cost"": 0, ""completed_pair_payout"": 0, ""completed_pair_pnl"": 0, ""unpaired_leftover_cost"": 0, ""unpaired_leftover_payout"": 0, ""unpaired_leftover_pnl"": 0, ""unpaired_no_pnl"": 0, ""unpaired_time_buckets"": {}, ""unpaired_yes_pnl"": 0}, ""realized_pnl"": 0, ""settled_markets"": 0, ""settlement_sources"": [], ""total_cost"": 0}, ""reference_price_provenance"": {""composite_60s_reference_ticks"": 0, ""requested_source"": ""single_venue"", ""single_venue_ticks"": 28829, ""warnings"": []}, ""reference_price_source"": ""single_venue"", ""run_dir"": ""/home/matt/workspace/kalshi-btc-15m-bot/runs/late_lotto_ticket/late-lotto-sweep-20260522T134139Z-w120-240-p0p03-min0p001-cheapest-n5p0"", ""run_id"": ""late-lotto-sweep-20260522T134139Z-w120-240-p0p03-min0p001-cheapest-n5p0"", ""settled_positions"": 0, ""settlements_from_feed_db"": true, ""signals"": 0, ""snapshots"": 28829, ""starting_bankroll"": 10000.0, ""strategy"": ""late_lotto_ticket"", ""venue"": ""kalshi""}
",0,0.0
10.0,0,0,200,0.0,0.0,0.0,,0,0.0,0.0,240,0.03,120,0.001,0.0,0,0,/home/matt/workspace/kalshi-btc-15m-bot/runs/late_lotto_ticket/late-lotto-sweep-20260522T134139Z-w120-240-p0p03-min0p001-cheapest-n10p0,late-lotto-sweep-20260522T134139Z-w120-240-p0p03-min0p001-cheapest-n10p0,0.0,cheapest,0,0.0,28829,ok,,", ""paired_locked_edge"": 0, ""pnl_split"": {""completed_pair_contracts"": 0, ""completed_pair_cost"": 0, ""completed_pair_payout"": 0, ""completed_pair_pnl"": 0, ""unpaired_leftover_cost"": 0, ""unpaired_leftover_payout"": 0, ""unpaired_leftover_pnl"": 0, ""unpaired_no_pnl"": 0, ""unpaired_time_buckets"": {}, ""unpaired_yes_pnl"": 0}, ""realized_pnl"": 0, ""settled_markets"": 0, ""settlement_sources"": [], ""total_cost"": 0}, ""reference_price_provenance"": {""composite_60s_reference_ticks"": 0, ""requested_source"": ""single_venue"", ""single_venue_ticks"": 28829, ""warnings"": []}, ""reference_price_source"": ""single_venue"", ""run_dir"": ""/home/matt/workspace/kalshi-btc-15m-bot/runs/late_lotto_ticket/late-lotto-sweep-20260522T134139Z-w120-240-p0p03-min0p001-cheapest-n10p0"", ""run_id"": ""late-lotto-sweep-20260522T134139Z-w120-240-p0p03-min0p001-cheapest-n10p0"", ""settled_positions"": 0, ""settlements_from_feed_db"": true, ""signals"": 0, ""snapshots"": 28829, ""starting_bankroll"": 10000.0, ""strategy"": ""late_lotto_ticket"", ""venue"": ""kalshi""}
",0,0.0
5.0,0,0,201,0.0,0.0,0.0,,0,0.0,0.0,240,0.03,120,0.001,0.0,0,0,/home/matt/workspace/kalshi-btc-15m-bot/runs/late_lotto_ticket/late-lotto-sweep-20260522T134139Z-w120-240-p0p03-min0p001-no_only-n5p0,late-lotto-sweep-20260522T134139Z-w120-240-p0p03-min0p001-no_only-n5p0,0.0,no_only,0,0.0,28829,ok,,""": 0, ""paired_locked_edge"": 0, ""pnl_split"": {""completed_pair_contracts"": 0, ""completed_pair_cost"": 0, ""completed_pair_payout"": 0, ""completed_pair_pnl"": 0, ""unpaired_leftover_cost"": 0, ""unpaired_leftover_payout"": 0, ""unpaired_leftover_pnl"": 0, ""unpaired_no_pnl"": 0, ""unpaired_time_buckets"": {}, ""unpaired_yes_pnl"": 0}, ""realized_pnl"": 0, ""settled_markets"": 0, ""settlement_sources"": [], ""total_cost"": 0}, ""reference_price_provenance"": {""composite_60s_reference_ticks"": 0, ""requested_source"": ""single_venue"", ""single_venue_ticks"": 28829, ""warnings"": []}, ""reference_price_source"": ""single_venue"", ""run_dir"": ""/home/matt/workspace/kalshi-btc-15m-bot/runs/late_lotto_ticket/late-lotto-sweep-20260522T134139Z-w120-240-p0p03-min0p001-no_only-n5p0"", ""run_id"": ""late-lotto-sweep-20260522T134139Z-w120-240-p0p03-min0p001-no_only-n5p0"", ""settled_positions"": 0, ""settlements_from_feed_db"": true, ""signals"": 0, ""snapshots"": 28829, ""starting_bankroll"": 10000.0, ""strategy"": ""late_lotto_ticket"", ""venue"": ""kalshi""}
",0,0.0
10.0,0,0,202,0.0,0.0,0.0,,0,0.0,0.0,240,0.03,120,0.001,0.0,0,0,/home/matt/workspace/kalshi-btc-15m-bot/runs/late_lotto_ticket/late-lotto-sweep-20260522T134139Z-w120-240-p0p03-min0p001-no_only-n10p0,late-lotto-sweep-20260522T134139Z-w120-240-p0p03-min0p001-no_only-n10p0,0.0,no_only,0,0.0,28829,ok,," 0, ""paired_locked_edge"": 0, ""pnl_split"": {""completed_pair_contracts"": 0, ""completed_pair_cost"": 0, ""completed_pair_payout"": 0, ""completed_pair_pnl"": 0, ""unpaired_leftover_cost"": 0, ""unpaired_leftover_payout"": 0, ""unpaired_leftover_pnl"": 0, ""unpaired_no_pnl"": 0, ""unpaired_time_buckets"": {}, ""unpaired_yes_pnl"": 0}, ""realized_pnl"": 0, ""settled_markets"": 0, ""settlement_sources"": [], ""total_cost"": 0}, ""reference_price_provenance"": {""composite_60s_reference_ticks"": 0, ""requested_source"": ""single_venue"", ""single_venue_ticks"": 28829, ""warnings"": []}, ""reference_price_source"": ""single_venue"", ""run_dir"": ""/home/matt/workspace/kalshi-btc-15m-bot/runs/late_lotto_ticket/late-lotto-sweep-20260522T134139Z-w120-240-p0p03-min0p001-no_only-n10p0"", ""run_id"": ""late-lotto-sweep-20260522T134139Z-w120-240-p0p03-min0p001-no_only-n10p0"", ""settled_positions"": 0, ""settlements_from_feed_db"": true, ""signals"": 0, ""snapshots"": 28829, ""starting_bankroll"": 10000.0, ""strategy"": ""late_lotto_ticket"", ""venue"": ""kalshi""}
",0,0.0
5.0,0,0,203,0.0,0.0,0.0,,0,0.0,0.0,240,0.03,120,0.001,0.0,0,0,/home/matt/workspace/kalshi-btc-15m-bot/runs/late_lotto_ticket/late-lotto-sweep-20260522T134139Z-w120-240-p0p03-min0p001-yes_only-n5p0,late-lotto-sweep-20260522T134139Z-w120-240-p0p03-min0p001-yes_only-n5p0,0.0,yes_only,0,0.0,28829,ok,," 0, ""paired_locked_edge"": 0, ""pnl_split"": {""completed_pair_contracts"": 0, ""completed_pair_cost"": 0, ""completed_pair_payout"": 0, ""completed_pair_pnl"": 0, ""unpaired_leftover_cost"": 0, ""unpaired_leftover_payout"": 0, ""unpaired_leftover_pnl"": 0, ""unpaired_no_pnl"": 0, ""unpaired_time_buckets"": {}, ""unpaired_yes_pnl"": 0}, ""realized_pnl"": 0, ""settled_markets"": 0, ""settlement_sources"": [], ""total_cost"": 0}, ""reference_price_provenance"": {""composite_60s_reference_ticks"": 0, ""requested_source"": ""single_venue"", ""single_venue_ticks"": 28829, ""warnings"": []}, ""reference_price_source"": ""single_venue"", ""run_dir"": ""/home/matt/workspace/kalshi-btc-15m-bot/runs/late_lotto_ticket/late-lotto-sweep-20260522T134139Z-w120-240-p0p03-min0p001-yes_only-n5p0"", ""run_id"": ""late-lotto-sweep-20260522T134139Z-w120-240-p0p03-min0p001-yes_only-n5p0"", ""settled_positions"": 0, ""settlements_from_feed_db"": true, ""signals"": 0, ""snapshots"": 28829, ""starting_bankroll"": 10000.0, ""strategy"": ""late_lotto_ticket"", ""venue"": ""kalshi""}
",0,0.0
10.0,0,0,204,0.0,0.0,0.0,,0,0.0,0.0,240,0.03,120,0.001,0.0,0,0,/home/matt/workspace/kalshi-btc-15m-bot/runs/late_lotto_ticket/late-lotto-sweep-20260522T134139Z-w120-240-p0p03-min0p001-yes_only-n10p0,late-lotto-sweep-20260522T134139Z-w120-240-p0p03-min0p001-yes_only-n10p0,0.0,yes_only,0,0.0,28829,ok,,", ""paired_locked_edge"": 0, ""pnl_split"": {""completed_pair_contracts"": 0, ""completed_pair_cost"": 0, ""completed_pair_payout"": 0, ""completed_pair_pnl"": 0, ""unpaired_leftover_cost"": 0, ""unpaired_leftover_payout"": 0, ""unpaired_leftover_pnl"": 0, ""unpaired_no_pnl"": 0, ""unpaired_time_buckets"": {}, ""unpaired_yes_pnl"": 0}, ""realized_pnl"": 0, ""settled_markets"": 0, ""settlement_sources"": [], ""total_cost"": 0}, ""reference_price_provenance"": {""composite_60s_reference_ticks"": 0, ""requested_source"": ""single_venue"", ""single_venue_ticks"": 28829, ""warnings"": []}, ""reference_price_source"": ""single_venue"", ""run_dir"": ""/home/matt/workspace/kalshi-btc-15m-bot/runs/late_lotto_ticket/late-lotto-sweep-20260522T134139Z-w120-240-p0p03-min0p001-yes_only-n10p0"", ""run_id"": ""late-lotto-sweep-20260522T134139Z-w120-240-p0p03-min0p001-yes_only-n10p0"", ""settled_positions"": 0, ""settlements_from_feed_db"": true, ""signals"": 0, ""snapshots"": 28829, ""starting_bankroll"": 10000.0, ""strategy"": ""late_lotto_ticket"", ""venue"": ""kalshi""}
",0,0.0
5.0,0,0,205,0.0,0.0,0.0,,0,0.0,0.0,240,0.05,120,0.001,0.0,0,0,/home/matt/workspace/kalshi-btc-15m-bot/runs/late_lotto_ticket/late-lotto-sweep-20260522T134139Z-w120-240-p0p05-min0p001-cheapest-n5p0,late-lotto-sweep-20260522T134139Z-w120-240-p0p05-min0p001-cheapest-n5p0,0.0,cheapest,0,0.0,28829,ok,," 0, ""paired_locked_edge"": 0, ""pnl_split"": {""completed_pair_contracts"": 0, ""completed_pair_cost"": 0, ""completed_pair_payout"": 0, ""completed_pair_pnl"": 0, ""unpaired_leftover_cost"": 0, ""unpaired_leftover_payout"": 0, ""unpaired_leftover_pnl"": 0, ""unpaired_no_pnl"": 0, ""unpaired_time_buckets"": {}, ""unpaired_yes_pnl"": 0}, ""realized_pnl"": 0, ""settled_markets"": 0, ""settlement_sources"": [], ""total_cost"": 0}, ""reference_price_provenance"": {""composite_60s_reference_ticks"": 0, ""requested_source"": ""single_venue"", ""single_venue_ticks"": 28829, ""warnings"": []}, ""reference_price_source"": ""single_venue"", ""run_dir"": ""/home/matt/workspace/kalshi-btc-15m-bot/runs/late_lotto_ticket/late-lotto-sweep-20260522T134139Z-w120-240-p0p05-min0p001-cheapest-n5p0"", ""run_id"": ""late-lotto-sweep-20260522T134139Z-w120-240-p0p05-min0p001-cheapest-n5p0"", ""settled_positions"": 0, ""settlements_from_feed_db"": true, ""signals"": 0, ""snapshots"": 28829, ""starting_bankroll"": 10000.0, ""strategy"": ""late_lotto_ticket"", ""venue"": ""kalshi""}
",0,0.0
10.0,0,0,206,0.0,0.0,0.0,,0,0.0,0.0,240,0.05,120,0.001,0.0,0,0,/home/matt/workspace/kalshi-btc-15m-bot/runs/late_lotto_ticket/late-lotto-sweep-20260522T134139Z-w120-240-p0p05-min0p001-cheapest-n10p0,late-lotto-sweep-20260522T134139Z-w120-240-p0p05-min0p001-cheapest-n10p0,0.0,cheapest,0,0.0,28829,ok,,", ""paired_locked_edge"": 0, ""pnl_split"": {""completed_pair_contracts"": 0, ""completed_pair_cost"": 0, ""completed_pair_payout"": 0, ""completed_pair_pnl"": 0, ""unpaired_leftover_cost"": 0, ""unpaired_leftover_payout"": 0, ""unpaired_leftover_pnl"": 0, ""unpaired_no_pnl"": 0, ""unpaired_time_buckets"": {}, ""unpaired_yes_pnl"": 0}, ""realized_pnl"": 0, ""settled_markets"": 0, ""settlement_sources"": [], ""total_cost"": 0}, ""reference_price_provenance"": {""composite_60s_reference_ticks"": 0, ""requested_source"": ""single_venue"", ""single_venue_ticks"": 28829, ""warnings"": []}, ""reference_price_source"": ""single_venue"", ""run_dir"": ""/home/matt/workspace/kalshi-btc-15m-bot/runs/late_lotto_ticket/late-lotto-sweep-20260522T134139Z-w120-240-p0p05-min0p001-cheapest-n10p0"", ""run_id"": ""late-lotto-sweep-20260522T134139Z-w120-240-p0p05-min0p001-cheapest-n10p0"", ""settled_positions"": 0, ""settlements_from_feed_db"": true, ""signals"": 0, ""snapshots"": 28829, ""starting_bankroll"": 10000.0, ""strategy"": ""late_lotto_ticket"", ""venue"": ""kalshi""}
",0,0.0
5.0,0,0,207,0.0,0.0,0.0,,0,0.0,0.0,240,0.05,120,0.001,0.0,0,0,/home/matt/workspace/kalshi-btc-15m-bot/runs/late_lotto_ticket/late-lotto-sweep-20260522T134139Z-w120-240-p0p05-min0p001-no_only-n5p0,late-lotto-sweep-20260522T134139Z-w120-240-p0p05-min0p001-no_only-n5p0,0.0,no_only,0,0.0,28829,ok,,""": 0, ""paired_locked_edge"": 0, ""pnl_split"": {""completed_pair_contracts"": 0, ""completed_pair_cost"": 0, ""completed_pair_payout"": 0, ""completed_pair_pnl"": 0, ""unpaired_leftover_cost"": 0, ""unpaired_leftover_payout"": 0, ""unpaired_leftover_pnl"": 0, ""unpaired_no_pnl"": 0, ""unpaired_time_buckets"": {}, ""unpaired_yes_pnl"": 0}, ""realized_pnl"": 0, ""settled_markets"": 0, ""settlement_sources"": [], ""total_cost"": 0}, ""reference_price_provenance"": {""composite_60s_reference_ticks"": 0, ""requested_source"": ""single_venue"", ""single_venue_ticks"": 28829, ""warnings"": []}, ""reference_price_source"": ""single_venue"", ""run_dir"": ""/home/matt/workspace/kalshi-btc-15m-bot/runs/late_lotto_ticket/late-lotto-sweep-20260522T134139Z-w120-240-p0p05-min0p001-no_only-n5p0"", ""run_id"": ""late-lotto-sweep-20260522T134139Z-w120-240-p0p05-min0p001-no_only-n5p0"", ""settled_positions"": 0, ""settlements_from_feed_db"": true, ""signals"": 0, ""snapshots"": 28829, ""starting_bankroll"": 10000.0, ""strategy"": ""late_lotto_ticket"", ""venue"": ""kalshi""}
",0,0.0
10.0,0,0,208,0.0,0.0,0.0,,0,0.0,0.0,240,0.05,120,0.001,0.0,0,0,/home/matt/workspace/kalshi-btc-15m-bot/runs/late_lotto_ticket/late-lotto-sweep-20260522T134139Z-w120-240-p0p05-min0p001-no_only-n10p0,late-lotto-sweep-20260522T134139Z-w120-240-p0p05-min0p001-no_only-n10p0,0.0,no_only,0,0.0,28829,ok,," 0, ""paired_locked_edge"": 0, ""pnl_split"": {""completed_pair_contracts"": 0, ""completed_pair_cost"": 0, ""completed_pair_payout"": 0, ""completed_pair_pnl"": 0, ""unpaired_leftover_cost"": 0, ""unpaired_leftover_payout"": 0, ""unpaired_leftover_pnl"": 0, ""unpaired_no_pnl"": 0, ""unpaired_time_buckets"": {}, ""unpaired_yes_pnl"": 0}, ""realized_pnl"": 0, ""settled_markets"": 0, ""settlement_sources"": [], ""total_cost"": 0}, ""reference_price_provenance"": {""composite_60s_reference_ticks"": 0, ""requested_source"": ""single_venue"", ""single_venue_ticks"": 28829, ""warnings"": []}, ""reference_price_source"": ""single_venue"", ""run_dir"": ""/home/matt/workspace/kalshi-btc-15m-bot/runs/late_lotto_ticket/late-lotto-sweep-20260522T134139Z-w120-240-p0p05-min0p001-no_only-n10p0"", ""run_id"": ""late-lotto-sweep-20260522T134139Z-w120-240-p0p05-min0p001-no_only-n10p0"", ""settled_positions"": 0, ""settlements_from_feed_db"": true, ""signals"": 0, ""snapshots"": 28829, ""starting_bankroll"": 10000.0, ""strategy"": ""late_lotto_ticket"", ""venue"": ""kalshi""}
",0,0.0
5.0,0,0,209,0.0,0.0,0.0,,0,0.0,0.0,240,0.05,120,0.001,0.0,0,0,/home/matt/workspace/kalshi-btc-15m-bot/runs/late_lotto_ticket/late-lotto-sweep-20260522T134139Z-w120-240-p0p05-min0p001-yes_only-n5p0,late-lotto-sweep-20260522T134139Z-w120-240-p0p05-min0p001-yes_only-n5p0,0.0,yes_only,0,0.0,28829,ok,," 0, ""paired_locked_edge"": 0, ""pnl_split"": {""completed_pair_contracts"": 0, ""completed_pair_cost"": 0, ""completed_pair_payout"": 0, ""completed_pair_pnl"": 0, ""unpaired_leftover_cost"": 0, ""unpaired_leftover_payout"": 0, ""unpaired_leftover_pnl"": 0, ""unpaired_no_pnl"": 0, ""unpaired_time_buckets"": {}, ""unpaired_yes_pnl"": 0}, ""realized_pnl"": 0, ""settled_markets"": 0, ""settlement_sources"": [], ""total_cost"": 0}, ""reference_price_provenance"": {""composite_60s_reference_ticks"": 0, ""requested_source"": ""single_venue"", ""single_venue_ticks"": 28829, ""warnings"": []}, ""reference_price_source"": ""single_venue"", ""run_dir"": ""/home/matt/workspace/kalshi-btc-15m-bot/runs/late_lotto_ticket/late-lotto-sweep-20260522T134139Z-w120-240-p0p05-min0p001-yes_only-n5p0"", ""run_id"": ""late-lotto-sweep-20260522T134139Z-w120-240-p0p05-min0p001-yes_only-n5p0"", ""settled_positions"": 0, ""settlements_from_feed_db"": true, ""signals"": 0, ""snapshots"": 28829, ""starting_bankroll"": 10000.0, ""strategy"": ""late_lotto_ticket"", ""venue"": ""kalshi""}
",0,0.0
10.0,0,0,210,0.0,0.0,0.0,,0,0.0,0.0,240,0.05,120,0.001,0.0,0,0,/home/matt/workspace/kalshi-btc-15m-bot/runs/late_lotto_ticket/late-lotto-sweep-20260522T134139Z-w120-240-p0p05-min0p001-yes_only-n10p0,late-lotto-sweep-20260522T134139Z-w120-240-p0p05-min0p001-yes_only-n10p0,0.0,yes_only,0,0.0,28829,ok,,", ""paired_locked_edge"": 0, ""pnl_split"": {""completed_pair_contracts"": 0, ""completed_pair_cost"": 0, ""completed_pair_payout"": 0, ""completed_pair_pnl"": 0, ""unpaired_leftover_cost"": 0, ""unpaired_leftover_payout"": 0, ""unpaired_leftover_pnl"": 0, ""unpaired_no_pnl"": 0, ""unpaired_time_buckets"": {}, ""unpaired_yes_pnl"": 0}, ""realized_pnl"": 0, ""settled_markets"": 0, ""settlement_sources"": [], ""total_cost"": 0}, ""reference_price_provenance"": {""composite_60s_reference_ticks"": 0, ""requested_source"": ""single_venue"", ""single_venue_ticks"": 28829, ""warnings"": []}, ""reference_price_source"": ""single_venue"", ""run_dir"": ""/home/matt/workspace/kalshi-btc-15m-bot/runs/late_lotto_ticket/late-lotto-sweep-20260522T134139Z-w120-240-p0p05-min0p001-yes_only-n10p0"", ""run_id"": ""late-lotto-sweep-20260522T134139Z-w120-240-p0p05-min0p001-yes_only-n10p0"", ""settled_positions"": 0, ""settlements_from_feed_db"": true, ""signals"": 0, ""snapshots"": 28829, ""starting_bankroll"": 10000.0, ""strategy"": ""late_lotto_ticket"", ""venue"": ""kalshi""}
",0,0.0
