strategy,run_id,exchange,datafeed,feed_db,fills,notional,realized_pnl,completed_pair_pnl,unpaired_leftover_pnl,paired_locked_edge,max_abs_raw_net_contracts,profit_factor,sharpe,max_drawdown,settlement_source,fill_timing,settlements_from_feed_db,strategy_params,run_dir
simple_directional,all-strategies-20260517T033359Z-simple_directional,kalshi,kalshi-btc-1s,feed/kalshi-btc-1s.sqlite3,38251,956275.0,297561.371328,0,0,0,0,2.452404,0.976578,23218.032893,replay_final_snapshot,,false,{},runs/simple_directional/all-strategies-20260517T033359Z-simple_directional
late_window_only,all-strategies-20260517T033359Z-late_window_only,kalshi,kalshi-btc-1s,feed/kalshi-btc-1s.sqlite3,239,5975.0,44089.72812,0,0,0,0,16.203355,3.8912,1550.0,replay_final_snapshot,,false,{},runs/late_window_only/all-strategies-20260517T033359Z-late_window_only
simple_directional,audit-simple_directional-next-tick-1778989961,kalshi,kalshi-btc-1s,feed/kalshi-btc-1s.sqlite3,38400,960000.0,16254.446382,0,0,0,0,1.076196,0.424291,19080.000203,mixed,next-tick,true,{},runs/simple_directional/audit-simple_directional-next-tick-1778989961
simple_directional,audit2-simple_directional-next-tick-1778990033,kalshi,kalshi-btc-1s,feed/kalshi-btc-1s.sqlite3,38453,961325.0,16254.446382,0,0,0,0,1.076196,0.432577,19080.000203,mixed,next-tick,true,{},runs/simple_directional/audit2-simple_directional-next-tick-1778990033
simple_directional,all-strategies-nexttick-simple_directional-1778995478,kalshi,kalshi-btc-1s,feed/kalshi-btc-1s.sqlite3,40892,1022300.0,16219.24373,0,0,-60444.972853,619967.903204,1.075968,0.431385,19105.000203,mixed,next-tick,true,{},runs/simple_directional/all-strategies-nexttick-simple_directional-1778995478
simple_directional,audit-simple_directional-same-tick-1778989944,kalshi,kalshi-btc-1s,feed/kalshi-btc-1s.sqlite3,38738,968450.0,15788.890131,0,0,0,0,1.072751,0.406896,19131.724002,mixed,same-tick,true,{},runs/simple_directional/audit-simple_directional-same-tick-1778989944
strategy_probability_mm_v0,kalshi-prob-mm-opt-20260520T021230Z-validation-020,kalshi,kalshi-btc-1s,/home/matt/workspace/kalshi-btc-15m-bot/feed/kalshi-btc-1s.sqlite3,4694,46940.0,4012.591544,9547.891268,-5535.299724,12082.396187,7120.881482,1.160568,1.042801,6520.306609,mixed,next-tick,true,"{""base_notional"": 10.0, ""edge_threshold"": 0.02, ""force_flatten_seconds"": 30.0, ""max_atr_slope"": 0.75, ""max_net_ratio"": 0.5, ""max_wickiness"": 0.9, ""min_seconds_to_close"": 60.0, ""min_volatility"": 1.0}",/home/matt/workspace/kalshi-btc-15m-bot/runs/strategy_probability_mm_v0/kalshi-prob-mm-opt-20260520T021230Z-validation-020
volatility_inventory,all-strategies-nexttick-volatility_inventory-1778995478,kalshi,kalshi-btc-1s,feed/kalshi-btc-1s.sqlite3,15181,368648.828125,2339.385079,0,0,22509.313382,3188126.716425,1.007083,0.015002,265704.669084,mixed,next-tick,true,{},runs/volatility_inventory/all-strategies-nexttick-volatility_inventory-1778995478
simple_directional,improved-20260516T055637Z,kalshi,kalshi-btc-1s,feed/kalshi-btc-1s.sqlite3,100,2500.0,1516.165381,0,0,0,0,7.064662,15.485911,250.0,replay_final_snapshot,,false,{},runs/simple_directional/improved-20260516T055637Z
strategy_probability_mm_v0,kalshi-prob-mm-opt-20260520T014359Z-validation-009,kalshi,kalshi-btc-1s,/home/matt/workspace/kalshi-btc-15m-bot/feed/kalshi-btc-1s.sqlite3,4149,41421.954431,1483.010266,9132.29241,-7649.282145,11080.352874,6269.391365,1.072529,0.462578,6000.883372,mixed,next-tick,true,"{""base_notional"": 10.0, ""edge_threshold"": 0.03, ""force_flatten_seconds"": 60.0, ""max_atr_slope"": 1.5, ""max_net_ratio"": 0.5, ""max_wickiness"": 0.75, ""min_seconds_to_close"": 30.0, ""min_volatility"": 1.0}",/home/matt/workspace/kalshi-btc-15m-bot/runs/strategy_probability_mm_v0/kalshi-prob-mm-opt-20260520T014359Z-validation-009
strategy_probability_mm_v0,kalshi-prob-mm-opt-20260520T021230Z-validation-009,kalshi,kalshi-btc-1s,/home/matt/workspace/kalshi-btc-15m-bot/feed/kalshi-btc-1s.sqlite3,4149,41421.954431,1483.010266,9132.29241,-7649.282145,11080.352874,6269.391365,1.072529,0.462578,6000.883372,mixed,next-tick,true,"{""base_notional"": 10.0, ""edge_threshold"": 0.03, ""force_flatten_seconds"": 60.0, ""max_atr_slope"": 1.5, ""max_net_ratio"": 0.5, ""max_wickiness"": 0.75, ""min_seconds_to_close"": 30.0, ""min_volatility"": 1.0}",/home/matt/workspace/kalshi-btc-15m-bot/runs/strategy_probability_mm_v0/kalshi-prob-mm-opt-20260520T021230Z-validation-009
simple_directional,all-strategies-smallcap-simple_directional-1778995976,kalshi,kalshi-btc-1s,feed/kalshi-btc-1s.sqlite3,1040,5200.0,854.07685,0,0,-14.177385,119.829555,1.532135,3.261571,260.729643,mixed,next-tick,true,{},runs/simple_directional/all-strategies-smallcap-simple_directional-1778995976
late_window_only,venue-strategy-matrix-20260520T003002Z-polymarket-late_window_only,polymarket,polymarket-btc-1s,/home/matt/workspace/kalshi-btc-15m-bot/feed/polymarket-btc-1s.sqlite3,118,2950.0,768.63228,0,768.63228,0,989.358405,inf,25.815495,0,replay_final_snapshot,next-tick,true,{},/home/matt/workspace/kalshi-btc-15m-bot/runs/late_window_only/venue-strategy-matrix-20260520T003002Z-polymarket-late_window_only
seed_cheap_accumulate_repair_v1,seed200_90_30_r360_net0.45-20260518T063124Z,kalshi,kalshi-btc-1s,feed/kalshi-btc-1s.sqlite3,1921,33417.134538,672.516027,2124.734743,-1452.218716,2981.236623,389.1319,1.044489,0.175186,588.528578,mixed,next-tick,true,"{""cheap_price"": 0.15, ""max_net_ratio"": 0.45, ""max_total_cost"": 200, ""min_order_contracts"": 5, ""min_seconds_between_orders"": 5, ""normal_spend"": 1, ""repair_start_seconds"": 360, ""seed_hedge_spend"": 30, ""seed_primary_spend"": 90, ""very_cheap_price"": 0.08, ""very_cheap_spend"": 2}",runs/seed_cheap_accumulate_repair_v1/seed200_90_30_r360_net0.45-20260518T063124Z
seed_cheap_accumulate_repair_v1,kalshi-20260516-17-seed-repair-v1-90-30,kalshi,kalshi-btc-1s,feed/kalshi-btc-1s.sqlite3,837,19367.556755,612.491241,1406.631888,-794.140646,1793.715099,315.262477,1.069196,0.305642,473.379898,kalshi_api,next-tick,true,"{""max_net_ratio"": 0.35, ""max_total_cost"": 200, ""min_order_contracts"": 5, ""repair_start_seconds"": 360, ""seed_hedge_spend"": 30, ""seed_primary_spend"": 90}",runs/seed_cheap_accumulate_repair_v1/kalshi-20260516-17-seed-repair-v1-90-30
seed_cheap_accumulate_repair_v1,seed200_90_30_r360_net0.35-20260518T063048Z,kalshi,kalshi-btc-1s,feed/kalshi-btc-1s.sqlite3,1715,33152.0041,610.064181,2145.001587,-1534.937406,2776.501744,248.64897,1.041006,0.168554,521.159412,mixed,next-tick,true,"{""cheap_price"": 0.15, ""max_net_ratio"": 0.35, ""max_total_cost"": 200, ""min_order_contracts"": 5, ""min_seconds_between_orders"": 5, ""normal_spend"": 1, ""repair_start_seconds"": 360, ""seed_hedge_spend"": 30, ""seed_primary_spend"": 90, ""very_cheap_price"": 0.08, ""very_cheap_spend"": 2}",runs/seed_cheap_accumulate_repair_v1/seed200_90_30_r360_net0.35-20260518T063048Z
seed_cheap_accumulate_repair_v1,tune_90_30_r360_net0.45-20260518T065339Z,kalshi,kalshi-btc-1s,feed/kalshi-btc-1s.sqlite3,1400,32838.038392,595.716215,2127.08667,-1531.370455,2854.423209,352.162444,1.040625,0.18258,499.830137,mixed,next-tick,true,"{""cheap_price"": 0.15, ""max_net_ratio"": 0.45, ""max_total_cost"": 200, ""min_order_contracts"": 5, ""min_seconds_between_orders"": 5, ""normal_spend"": 1, ""one_fill_per_price_level"": true, ""repair_start_seconds"": 360, ""seed_hedge_spend"": 30, ""seed_primary_spend"": 90, ""very_cheap_price"": 0.08, ""very_cheap_spend"": 2}",runs/seed_cheap_accumulate_repair_v1/tune_90_30_r360_net0.45-20260518T065339Z
seed_cheap_accumulate_repair_v1,tune_100_33p333333_r360_net0.45-20260518T065902Z,kalshi,kalshi-btc-1s,feed/kalshi-btc-1s.sqlite3,1425,35177.253972,574.649675,2554.293639,-1979.643964,3391.250635,397.854777,1.036003,0.159499,613.903519,mixed,next-tick,true,"{""cheap_price"": 0.15, ""max_net_ratio"": 0.45, ""max_total_cost"": 200, ""min_order_contracts"": 5, ""min_seconds_between_orders"": 5, ""normal_spend"": 1, ""one_fill_per_price_level"": true, ""repair_start_seconds"": 360, ""seed_hedge_spend"": 33.333333, ""seed_primary_spend"": 100, ""very_cheap_price"": 0.08, ""very_cheap_spend"": 2}",runs/seed_cheap_accumulate_repair_v1/tune_100_33p333333_r360_net0.45-20260518T065902Z
seed_cheap_accumulate_repair_v1,tune_90_30_r360_net0.40-20260518T065302Z,kalshi,kalshi-btc-1s,feed/kalshi-btc-1s.sqlite3,1336,32753.482921,561.657648,2128.286683,-1566.629035,2770.677638,352.162444,1.038481,0.176072,485.963603,mixed,next-tick,true,"{""cheap_price"": 0.15, ""max_net_ratio"": 0.4, ""max_total_cost"": 200, ""min_order_contracts"": 5, ""min_seconds_between_orders"": 5, ""normal_spend"": 1, ""one_fill_per_price_level"": true, ""repair_start_seconds"": 360, ""seed_hedge_spend"": 30, ""seed_primary_spend"": 90, ""very_cheap_price"": 0.08, ""very_cheap_spend"": 2}",runs/seed_cheap_accumulate_repair_v1/tune_90_30_r360_net0.40-20260518T065302Z
seed_cheap_accumulate_repair_v1,tune_90_30_r360_net0.35-20260518T065226Z,kalshi,kalshi-btc-1s,feed/kalshi-btc-1s.sqlite3,1272,32646.292274,548.116736,2133.577556,-1585.460819,2690.36226,285.495778,1.037769,0.176193,483.958411,mixed,next-tick,true,"{""cheap_price"": 0.15, ""max_net_ratio"": 0.35, ""max_total_cost"": 200, ""min_order_contracts"": 5, ""min_seconds_between_orders"": 5, ""normal_spend"": 1, ""one_fill_per_price_level"": true, ""repair_start_seconds"": 360, ""seed_hedge_spend"": 30, ""seed_primary_spend"": 90, ""very_cheap_price"": 0.08, ""very_cheap_spend"": 2}",runs/seed_cheap_accumulate_repair_v1/tune_90_30_r360_net0.35-20260518T065226Z
seed_cheap_accumulate_repair_v1,tune_100_33p333333_r360_net0.40-20260518T065827Z,kalshi,kalshi-btc-1s,feed/kalshi-btc-1s.sqlite3,1361,35104.253972,530.230139,2550.279288,-2020.049149,3280.50627,334.002638,1.03337,0.150718,591.361692,mixed,next-tick,true,"{""cheap_price"": 0.15, ""max_net_ratio"": 0.4, ""max_total_cost"": 200, ""min_order_contracts"": 5, ""min_seconds_between_orders"": 5, ""normal_spend"": 1, ""one_fill_per_price_level"": true, ""repair_start_seconds"": 360, ""seed_hedge_spend"": 33.333333, ""seed_primary_spend"": 100, ""very_cheap_price"": 0.08, ""very_cheap_spend"": 2}",runs/seed_cheap_accumulate_repair_v1/tune_100_33p333333_r360_net0.40-20260518T065827Z
seed_cheap_accumulate_repair_v1,tune_80_26p666667_r360_net0.45-20260518T064835Z,kalshi,kalshi-btc-1s,feed/kalshi-btc-1s.sqlite3,1365,29977.74221,516.66245,1863.699649,-1347.037199,2489.998033,370.322251,1.038861,0.177016,424.574451,mixed,next-tick,true,"{""cheap_price"": 0.15, ""max_net_ratio"": 0.45, ""max_total_cost"": 200, ""min_order_contracts"": 5, ""min_seconds_between_orders"": 5, ""normal_spend"": 1, ""one_fill_per_price_level"": true, ""repair_start_seconds"": 360, ""seed_hedge_spend"": 26.666667, ""seed_primary_spend"": 80, ""very_cheap_price"": 0.08, ""very_cheap_spend"": 2}",runs/seed_cheap_accumulate_repair_v1/tune_80_26p666667_r360_net0.45-20260518T064835Z
strategy_probability_mm_v0,kalshi-prob-mm-opt-20260520T061323Z-validation-024,kalshi,kalshi-btc-1s,/home/matt/workspace/kalshi-btc-15m-bot/feed/kalshi-btc-1s.sqlite3,55,825.0,516.259856,75.0,441.259856,75.0,238.095238,1.956037,2.964843,176.184211,mixed,next-tick,true,"{""base_notional"": 15.0, ""edge_threshold"": 0.08, ""force_flatten_seconds"": 60.0, ""max_atr_slope"": 1.5, ""max_net_ratio"": 0.1, ""max_wickiness"": 0.6, ""min_seconds_to_close"": 120.0, ""min_volatility"": 2.0, ""probability_model"": ""bayesian_markov""}",/home/matt/workspace/kalshi-btc-15m-bot/runs/strategy_probability_mm_v0/kalshi-prob-mm-opt-20260520T061323Z-validation-024
seed_cheap_accumulate_repair_v1,tune_80_26p666667_r360_net0.40-20260518T064759Z,kalshi,kalshi-btc-1s,feed/kalshi-btc-1s.sqlite3,1292,29809.796803,514.287151,1855.983554,-1341.696403,2406.022617,303.655585,1.039044,0.181622,418.418425,mixed,next-tick,true,"{""cheap_price"": 0.15, ""max_net_ratio"": 0.4, ""max_total_cost"": 200, ""min_order_contracts"": 5, ""min_seconds_between_orders"": 5, ""normal_spend"": 1, ""one_fill_per_price_level"": true, ""repair_start_seconds"": 360, ""seed_hedge_spend"": 26.666667, ""seed_primary_spend"": 80, ""very_cheap_price"": 0.08, ""very_cheap_spend"": 2}",runs/seed_cheap_accumulate_repair_v1/tune_80_26p666667_r360_net0.40-20260518T064759Z
seed_cheap_accumulate_repair_v1,seed200_90_30_r360_net0.25-20260518T063013Z,kalshi,kalshi-btc-1s,feed/kalshi-btc-1s.sqlite3,1558,32765.329673,506.255722,2110.334398,-1604.078675,2578.751529,215.934126,1.034502,0.14736,480.247257,mixed,next-tick,true,"{""cheap_price"": 0.15, ""max_net_ratio"": 0.25, ""max_total_cost"": 200, ""min_order_contracts"": 5, ""min_seconds_between_orders"": 5, ""normal_spend"": 1, ""repair_start_seconds"": 360, ""seed_hedge_spend"": 30, ""seed_primary_spend"": 90, ""very_cheap_price"": 0.08, ""very_cheap_spend"": 2}",runs/seed_cheap_accumulate_repair_v1/seed200_90_30_r360_net0.25-20260518T063013Z
seed_cheap_accumulate_repair_v1,tune_100_33p333333_r360_net0.35-20260518T065751Z,kalshi,kalshi-btc-1s,feed/kalshi-btc-1s.sqlite3,1304,35043.253972,503.024819,2553.149288,-2050.124469,3184.076616,268.225148,1.031782,0.146173,572.952053,mixed,next-tick,true,"{""cheap_price"": 0.15, ""max_net_ratio"": 0.35, ""max_total_cost"": 200, ""min_order_contracts"": 5, ""min_seconds_between_orders"": 5, ""normal_spend"": 1, ""one_fill_per_price_level"": true, ""repair_start_seconds"": 360, ""seed_hedge_spend"": 33.333333, ""seed_primary_spend"": 100, ""very_cheap_price"": 0.08, ""very_cheap_spend"": 2}",runs/seed_cheap_accumulate_repair_v1/tune_100_33p333333_r360_net0.35-20260518T065751Z
seed_cheap_accumulate_repair_v1,tune_80_26p666667_r360_net0.35-20260518T064723Z,kalshi,kalshi-btc-1s,feed/kalshi-btc-1s.sqlite3,1235,29689.467133,463.745094,1829.617697,-1365.872603,2323.965885,236.988918,1.035427,0.168265,419.940403,mixed,next-tick,true,"{""cheap_price"": 0.15, ""max_net_ratio"": 0.35, ""max_total_cost"": 200, ""min_order_contracts"": 5, ""min_seconds_between_orders"": 5, ""normal_spend"": 1, ""one_fill_per_price_level"": true, ""repair_start_seconds"": 360, ""seed_hedge_spend"": 26.666667, ""seed_primary_spend"": 80, ""very_cheap_price"": 0.08, ""very_cheap_spend"": 2}",runs/seed_cheap_accumulate_repair_v1/tune_80_26p666667_r360_net0.35-20260518T064723Z
seed_cheap_accumulate_repair_v1,tune_70_23p333333_r360_net0.45-20260518T064313Z,kalshi,kalshi-btc-1s,feed/kalshi-btc-1s.sqlite3,1321,26617.885628,458.957514,1668.884009,-1209.926495,2214.522871,321.81539,1.038888,0.179993,391.983407,mixed,next-tick,true,"{""cheap_price"": 0.15, ""max_net_ratio"": 0.45, ""max_total_cost"": 200, ""min_order_contracts"": 5, ""min_seconds_between_orders"": 5, ""normal_spend"": 1, ""one_fill_per_price_level"": true, ""repair_start_seconds"": 360, ""seed_hedge_spend"": 23.333333, ""seed_primary_spend"": 70, ""very_cheap_price"": 0.08, ""very_cheap_spend"": 2}",runs/seed_cheap_accumulate_repair_v1/tune_70_23p333333_r360_net0.45-20260518T064313Z
seed_cheap_accumulate_repair_v1,tune_70_23p333333_r360_net0.35-20260518T064202Z,kalshi,kalshi-btc-1s,feed/kalshi-btc-1s.sqlite3,1204,26281.113432,398.518681,1602.553855,-1204.035173,2045.11142,198.005866,1.034421,0.166025,369.803041,mixed,next-tick,true,"{""cheap_price"": 0.15, ""max_net_ratio"": 0.35, ""max_total_cost"": 200, ""min_order_contracts"": 5, ""min_seconds_between_orders"": 5, ""normal_spend"": 1, ""one_fill_per_price_level"": true, ""repair_start_seconds"": 360, ""seed_hedge_spend"": 23.333333, ""seed_primary_spend"": 70, ""very_cheap_price"": 0.08, ""very_cheap_spend"": 2}",runs/seed_cheap_accumulate_repair_v1/tune_70_23p333333_r360_net0.35-20260518T064202Z
seed_cheap_accumulate_repair_v1,seed200_60_20_r360_net0.45-20260518T062753Z,kalshi,kalshi-btc-1s,feed/kalshi-btc-1s.sqlite3,1722,24216.001234,390.498222,1546.326701,-1155.828479,2071.632019,284.561577,1.036115,0.152736,413.473041,mixed,next-tick,true,"{""cheap_price"": 0.15, ""max_net_ratio"": 0.45, ""max_total_cost"": 200, ""min_order_contracts"": 5, ""min_seconds_between_orders"": 5, ""normal_spend"": 1, ""repair_start_seconds"": 360, ""seed_hedge_spend"": 20, ""seed_primary_spend"": 60, ""very_cheap_price"": 0.08, ""very_cheap_spend"": 2}",runs/seed_cheap_accumulate_repair_v1/seed200_60_20_r360_net0.45-20260518T062753Z
seed_cheap_accumulate_repair_v1,tune_70_23p333333_r360_net0.40-20260518T064238Z,kalshi,kalshi-btc-1s,feed/kalshi-btc-1s.sqlite3,1253,26425.341126,388.29074,1634.873603,-1246.582863,2125.0285,255.148723,1.03323,0.157563,385.320561,mixed,next-tick,true,"{""cheap_price"": 0.15, ""max_net_ratio"": 0.4, ""max_total_cost"": 200, ""min_order_contracts"": 5, ""min_seconds_between_orders"": 5, ""normal_spend"": 1, ""one_fill_per_price_level"": true, ""repair_start_seconds"": 360, ""seed_hedge_spend"": 23.333333, ""seed_primary_spend"": 70, ""very_cheap_price"": 0.08, ""very_cheap_spend"": 2}",runs/seed_cheap_accumulate_repair_v1/tune_70_23p333333_r360_net0.40-20260518T064238Z
spread_aware_momentum,venue-strategy-matrix-20260520T003002Z-polymarket-spread_aware_momentum,polymarket,polymarket-btc-1s,/home/matt/workspace/kalshi-btc-15m-bot/feed/polymarket-btc-1s.sqlite3,735,18375.0,365.992023,-780.652099,1146.644122,-766.827781,2136.398109,1.046182,0.352746,2552.024769,replay_final_snapshot,next-tick,true,{},/home/matt/workspace/kalshi-btc-15m-bot/runs/spread_aware_momentum/venue-strategy-matrix-20260520T003002Z-polymarket-spread_aware_momentum
seed_cheap_accumulate_repair_v1,tune_100_33p333333_r390_net0.35-20260518T065938Z,kalshi,kalshi-btc-1s,feed/kalshi-btc-1s.sqlite3,1212,34926.81644,342.40809,2367.96763,-2025.559541,2873.024563,268.225148,1.021704,0.102911,642.086683,mixed,next-tick,true,"{""cheap_price"": 0.15, ""max_net_ratio"": 0.35, ""max_total_cost"": 200, ""min_order_contracts"": 5, ""min_seconds_between_orders"": 5, ""normal_spend"": 1, ""one_fill_per_price_level"": true, ""repair_start_seconds"": 390, ""seed_hedge_spend"": 33.333333, ""seed_primary_spend"": 100, ""very_cheap_price"": 0.08, ""very_cheap_spend"": 2}",runs/seed_cheap_accumulate_repair_v1/tune_100_33p333333_r390_net0.35-20260518T065938Z
seed_cheap_accumulate_repair_v1,tune_90_30_r390_net0.45-20260518T065528Z,kalshi,kalshi-btc-1s,feed/kalshi-btc-1s.sqlite3,1303,32688.979158,338.861193,1937.931077,-1599.069884,2525.21761,352.162444,1.023174,0.107641,552.772763,mixed,next-tick,true,"{""cheap_price"": 0.15, ""max_net_ratio"": 0.45, ""max_total_cost"": 200, ""min_order_contracts"": 5, ""min_seconds_between_orders"": 5, ""normal_spend"": 1, ""one_fill_per_price_level"": true, ""repair_start_seconds"": 390, ""seed_hedge_spend"": 30, ""seed_primary_spend"": 90, ""very_cheap_price"": 0.08, ""very_cheap_spend"": 2}",runs/seed_cheap_accumulate_repair_v1/tune_90_30_r390_net0.45-20260518T065528Z
seed_cheap_accumulate_repair_v1,tune_100_33p333333_r330_net0.45-20260518T065716Z,kalshi,kalshi-btc-1s,feed/kalshi-btc-1s.sqlite3,1526,34721.008249,337.58944,2562.426364,-2224.836924,3576.862113,397.854777,1.021131,0.091256,799.00455,mixed,next-tick,true,"{""cheap_price"": 0.15, ""max_net_ratio"": 0.45, ""max_total_cost"": 200, ""min_order_contracts"": 5, ""min_seconds_between_orders"": 5, ""normal_spend"": 1, ""one_fill_per_price_level"": true, ""repair_start_seconds"": 330, ""seed_hedge_spend"": 33.333333, ""seed_primary_spend"": 100, ""very_cheap_price"": 0.08, ""very_cheap_spend"": 2}",runs/seed_cheap_accumulate_repair_v1/tune_100_33p333333_r330_net0.45-20260518T065716Z
seed_cheap_accumulate_repair_v1,seed200_60_20_r360_net0.25-20260518T062642Z,kalshi,kalshi-btc-1s,feed/kalshi-btc-1s.sqlite3,1360,22958.461999,331.320389,1328.326535,-997.006146,1626.738933,135.135135,1.032855,0.152271,294.823467,mixed,next-tick,true,"{""cheap_price"": 0.15, ""max_net_ratio"": 0.25, ""max_total_cost"": 200, ""min_order_contracts"": 5, ""min_seconds_between_orders"": 5, ""normal_spend"": 1, ""repair_start_seconds"": 360, ""seed_hedge_spend"": 20, ""seed_primary_spend"": 60, ""very_cheap_price"": 0.08, ""very_cheap_spend"": 2}",runs/seed_cheap_accumulate_repair_v1/seed200_60_20_r360_net0.25-20260518T062642Z
strategy_probability_mm_v0,kalshi-prob-mm-opt-20260520T061323Z-validation-006,kalshi,kalshi-btc-1s,/home/matt/workspace/kalshi-btc-15m-bot/feed/kalshi-btc-1s.sqlite3,142,1345.529678,328.640151,526.734926,-198.094776,526.065449,416.666667,1.666755,1.608084,126.172153,mixed,next-tick,true,"{""base_notional"": 10.0, ""edge_threshold"": 0.08, ""force_flatten_seconds"": 60.0, ""max_atr_slope"": 1.5, ""max_net_ratio"": 0.25, ""max_wickiness"": 0.75, ""min_seconds_to_close"": 30.0, ""min_volatility"": 1.0, ""probability_model"": ""bayesian_markov""}",/home/matt/workspace/kalshi-btc-15m-bot/runs/strategy_probability_mm_v0/kalshi-prob-mm-opt-20260520T061323Z-validation-006
seed_cheap_accumulate_repair_v1,tune_90_30_r390_net0.40-20260518T065451Z,kalshi,kalshi-btc-1s,feed/kalshi-btc-1s.sqlite3,1247,32619.726717,308.100857,1935.846555,-1627.745699,2446.043653,352.162444,1.021163,0.10013,558.81163,mixed,next-tick,true,"{""cheap_price"": 0.15, ""max_net_ratio"": 0.4, ""max_total_cost"": 200, ""min_order_contracts"": 5, ""min_seconds_between_orders"": 5, ""normal_spend"": 1, ""one_fill_per_price_level"": true, ""repair_start_seconds"": 390, ""seed_hedge_spend"": 30, ""seed_primary_spend"": 90, ""very_cheap_price"": 0.08, ""very_cheap_spend"": 2}",runs/seed_cheap_accumulate_repair_v1/tune_90_30_r390_net0.40-20260518T065451Z
seed_cheap_accumulate_repair_v1,seed200_60_20_r360_net0.35-20260518T062717Z,kalshi,kalshi-btc-1s,feed/kalshi-btc-1s.sqlite3,1527,23644.415028,292.661052,1442.691973,-1150.030921,1840.545101,207.212796,1.027984,0.124341,325.78269,mixed,next-tick,true,"{""cheap_price"": 0.15, ""max_net_ratio"": 0.35, ""max_total_cost"": 200, ""min_order_contracts"": 5, ""min_seconds_between_orders"": 5, ""normal_spend"": 1, ""repair_start_seconds"": 360, ""seed_hedge_spend"": 20, ""seed_primary_spend"": 60, ""very_cheap_price"": 0.08, ""very_cheap_spend"": 2}",runs/seed_cheap_accumulate_repair_v1/seed200_60_20_r360_net0.35-20260518T062717Z
seed_cheap_accumulate_repair_v1,tune_90_30_r390_net0.35-20260518T065415Z,kalshi,kalshi-btc-1s,feed/kalshi-btc-1s.sqlite3,1189,32528.757434,285.742603,1939.57809,-1653.835486,2370.199082,285.495778,1.01973,0.095218,547.184358,mixed,next-tick,true,"{""cheap_price"": 0.15, ""max_net_ratio"": 0.35, ""max_total_cost"": 200, ""min_order_contracts"": 5, ""min_seconds_between_orders"": 5, ""normal_spend"": 1, ""one_fill_per_price_level"": true, ""repair_start_seconds"": 390, ""seed_hedge_spend"": 30, ""seed_primary_spend"": 90, ""very_cheap_price"": 0.08, ""very_cheap_spend"": 2}",runs/seed_cheap_accumulate_repair_v1/tune_90_30_r390_net0.35-20260518T065415Z
seed_cheap_accumulate_repair_v1,tune_90_30_r330_net0.45-20260518T065150Z,kalshi,kalshi-btc-1s,feed/kalshi-btc-1s.sqlite3,1490,32308.438266,277.50562,2144.893464,-1867.387844,3047.294419,385.333978,1.018884,0.083029,682.018539,mixed,next-tick,true,"{""cheap_price"": 0.15, ""max_net_ratio"": 0.45, ""max_total_cost"": 200, ""min_order_contracts"": 5, ""min_seconds_between_orders"": 5, ""normal_spend"": 1, ""one_fill_per_price_level"": true, ""repair_start_seconds"": 330, ""seed_hedge_spend"": 30, ""seed_primary_spend"": 90, ""very_cheap_price"": 0.08, ""very_cheap_spend"": 2}",runs/seed_cheap_accumulate_repair_v1/tune_90_30_r330_net0.45-20260518T065150Z
seed_cheap_accumulate_repair_v1,tune_80_26p666667_r390_net0.35-20260518T064911Z,kalshi,kalshi-btc-1s,feed/kalshi-btc-1s.sqlite3,1158,29574.939484,267.432809,1653.165407,-1385.732598,2026.312953,236.988918,1.020511,0.100468,445.928612,mixed,next-tick,true,"{""cheap_price"": 0.15, ""max_net_ratio"": 0.35, ""max_total_cost"": 200, ""min_order_contracts"": 5, ""min_seconds_between_orders"": 5, ""normal_spend"": 1, ""one_fill_per_price_level"": true, ""repair_start_seconds"": 390, ""seed_hedge_spend"": 26.666667, ""seed_primary_spend"": 80, ""very_cheap_price"": 0.08, ""very_cheap_spend"": 2}",runs/seed_cheap_accumulate_repair_v1/tune_80_26p666667_r390_net0.35-20260518T064911Z
seed_cheap_accumulate_repair_v1,tune_90_30_r330_net0.40-20260518T065114Z,kalshi,kalshi-btc-1s,feed/kalshi-btc-1s.sqlite3,1415,32192.112508,245.908843,2132.460927,-1886.552084,2945.047603,385.333978,1.016853,0.075575,658.085823,mixed,next-tick,true,"{""cheap_price"": 0.15, ""max_net_ratio"": 0.4, ""max_total_cost"": 200, ""min_order_contracts"": 5, ""min_seconds_between_orders"": 5, ""normal_spend"": 1, ""one_fill_per_price_level"": true, ""repair_start_seconds"": 330, ""seed_hedge_spend"": 30, ""seed_primary_spend"": 90, ""very_cheap_price"": 0.08, ""very_cheap_spend"": 2}",runs/seed_cheap_accumulate_repair_v1/tune_90_30_r330_net0.40-20260518T065114Z
seed_cheap_accumulate_repair_v1,seed200_90_30_r480_net0.35-20260518T063234Z,kalshi,kalshi-btc-1s,feed/kalshi-btc-1s.sqlite3,1276,33806.371004,242.218951,1231.257788,-989.038837,1510.542469,248.64897,1.016022,0.076182,545.180271,mixed,next-tick,true,"{""cheap_price"": 0.15, ""max_net_ratio"": 0.35, ""max_total_cost"": 200, ""min_order_contracts"": 5, ""min_seconds_between_orders"": 5, ""normal_spend"": 1, ""repair_start_seconds"": 480, ""seed_hedge_spend"": 30, ""seed_primary_spend"": 90, ""very_cheap_price"": 0.08, ""very_cheap_spend"": 2}",runs/seed_cheap_accumulate_repair_v1/seed200_90_30_r480_net0.35-20260518T063234Z
seed_cheap_accumulate_repair_v1,tune_70_23p333333_r390_net0.35-20260518T064349Z,kalshi,kalshi-btc-1s,feed/kalshi-btc-1s.sqlite3,1127,26158.38073,237.896096,1444.81324,-1206.917144,1769.211575,198.005866,1.020704,0.1029,367.333015,mixed,next-tick,true,"{""cheap_price"": 0.15, ""max_net_ratio"": 0.35, ""max_total_cost"": 200, ""min_order_contracts"": 5, ""min_seconds_between_orders"": 5, ""normal_spend"": 1, ""one_fill_per_price_level"": true, ""repair_start_seconds"": 390, ""seed_hedge_spend"": 23.333333, ""seed_primary_spend"": 70, ""very_cheap_price"": 0.08, ""very_cheap_spend"": 2}",runs/seed_cheap_accumulate_repair_v1/tune_70_23p333333_r390_net0.35-20260518T064349Z
seed_cheap_accumulate_repair_v1,seed200_60_20_r480_net0.25-20260518T062828Z,kalshi,kalshi-btc-1s,feed/kalshi-btc-1s.sqlite3,1096,23556.271047,237.129824,723.982714,-486.852891,860.13512,129.904098,1.023083,0.119032,307.542135,mixed,next-tick,true,"{""cheap_price"": 0.15, ""max_net_ratio"": 0.25, ""max_total_cost"": 200, ""min_order_contracts"": 5, ""min_seconds_between_orders"": 5, ""normal_spend"": 1, ""repair_start_seconds"": 480, ""seed_hedge_spend"": 20, ""seed_primary_spend"": 60, ""very_cheap_price"": 0.08, ""very_cheap_spend"": 2}",runs/seed_cheap_accumulate_repair_v1/seed200_60_20_r480_net0.25-20260518T062828Z
seed_cheap_accumulate_repair_v1,seed200_60_20_r480_net0.35-20260518T062903Z,kalshi,kalshi-btc-1s,feed/kalshi-btc-1s.sqlite3,1179,24017.185394,235.691729,783.983966,-548.292236,957.424864,167.768516,1.022565,0.113126,335.783527,mixed,next-tick,true,"{""cheap_price"": 0.15, ""max_net_ratio"": 0.35, ""max_total_cost"": 200, ""min_order_contracts"": 5, ""min_seconds_between_orders"": 5, ""normal_spend"": 1, ""repair_start_seconds"": 480, ""seed_hedge_spend"": 20, ""seed_primary_spend"": 60, ""very_cheap_price"": 0.08, ""very_cheap_spend"": 2}",runs/seed_cheap_accumulate_repair_v1/seed200_60_20_r480_net0.35-20260518T062903Z
seed_cheap_accumulate_repair_v1,seed_360-20260518T060022Z,kalshi,kalshi-btc-1s,feed/kalshi-btc-1s.sqlite3,1516,9968.512293,232.479718,881.167208,-648.68749,1403.032646,196.210469,1.046295,0.208987,293.577357,mixed,next-tick,true,"{""cheap_price"": 0.15, ""max_total_cost"": 50, ""min_seconds_between_orders"": 5, ""normal_spend"": 1, ""repair_start_seconds"": 360, ""seed_hedge_spend"": 10, ""seed_primary_spend"": 30, ""very_cheap_price"": 0.08, ""very_cheap_spend"": 2}",runs/seed_cheap_accumulate_repair_v1/seed_360-20260518T060022Z
seed_cheap_accumulate_repair_v1,tune_100_33p333333_r330_net0.40-20260518T065639Z,kalshi,kalshi-btc-1s,feed/kalshi-btc-1s.sqlite3,1451,34621.770154,232.301669,2556.944828,-2324.643159,3454.848337,362.45816,1.014625,0.064517,772.806682,mixed,next-tick,true,"{""cheap_price"": 0.15, ""max_net_ratio"": 0.4, ""max_total_cost"": 200, ""min_order_contracts"": 5, ""min_seconds_between_orders"": 5, ""normal_spend"": 1, ""one_fill_per_price_level"": true, ""repair_start_seconds"": 330, ""seed_hedge_spend"": 33.333333, ""seed_primary_spend"": 100, ""very_cheap_price"": 0.08, ""very_cheap_spend"": 2}",runs/seed_cheap_accumulate_repair_v1/tune_100_33p333333_r330_net0.40-20260518T065639Z
seed_cheap_accumulate_repair_v1,seed200_90_30_r480_net0.25-20260518T063159Z,kalshi,kalshi-btc-1s,feed/kalshi-btc-1s.sqlite3,1189,33675.412478,229.048252,1231.787108,-1002.738856,1434.691088,194.856146,1.015263,0.074765,531.08271,mixed,next-tick,true,"{""cheap_price"": 0.15, ""max_net_ratio"": 0.25, ""max_total_cost"": 200, ""min_order_contracts"": 5, ""min_seconds_between_orders"": 5, ""normal_spend"": 1, ""repair_start_seconds"": 480, ""seed_hedge_spend"": 30, ""seed_primary_spend"": 90, ""very_cheap_price"": 0.08, ""very_cheap_spend"": 2}",runs/seed_cheap_accumulate_repair_v1/seed200_90_30_r480_net0.25-20260518T063159Z
seed_cheap_accumulate_repair_v1,tune_70_23p333333_r390_net0.45-20260518T064500Z,kalshi,kalshi-btc-1s,feed/kalshi-btc-1s.sqlite3,1229,26439.076455,218.353361,1466.964982,-1248.611621,1883.949484,321.81539,1.018682,0.089805,391.818126,mixed,next-tick,true,"{""cheap_price"": 0.15, ""max_net_ratio"": 0.45, ""max_total_cost"": 200, ""min_order_contracts"": 5, ""min_seconds_between_orders"": 5, ""normal_spend"": 1, ""one_fill_per_price_level"": true, ""repair_start_seconds"": 390, ""seed_hedge_spend"": 23.333333, ""seed_primary_spend"": 70, ""very_cheap_price"": 0.08, ""very_cheap_spend"": 2}",runs/seed_cheap_accumulate_repair_v1/tune_70_23p333333_r390_net0.45-20260518T064500Z
seed_cheap_accumulate_repair_v1,tune_70_23p333333_r390_net0.40-20260518T064424Z,kalshi,kalshi-btc-1s,feed/kalshi-btc-1s.sqlite3,1171,26283.925208,218.159013,1461.392359,-1243.233346,1828.637402,255.148723,1.018826,0.092171,381.770574,mixed,next-tick,true,"{""cheap_price"": 0.15, ""max_net_ratio"": 0.4, ""max_total_cost"": 200, ""min_order_contracts"": 5, ""min_seconds_between_orders"": 5, ""normal_spend"": 1, ""one_fill_per_price_level"": true, ""repair_start_seconds"": 390, ""seed_hedge_spend"": 23.333333, ""seed_primary_spend"": 70, ""very_cheap_price"": 0.08, ""very_cheap_spend"": 2}",runs/seed_cheap_accumulate_repair_v1/tune_70_23p333333_r390_net0.40-20260518T064424Z
seed_cheap_accumulate_repair_v1,tune_90_30_r330_net0.35-20260518T065038Z,kalshi,kalshi-btc-1s,feed/kalshi-btc-1s.sqlite3,1339,32054.989232,207.136049,2129.955145,-1922.819096,2853.303101,285.495778,1.014297,0.065501,632.137568,mixed,next-tick,true,"{""cheap_price"": 0.15, ""max_net_ratio"": 0.35, ""max_total_cost"": 200, ""min_order_contracts"": 5, ""min_seconds_between_orders"": 5, ""normal_spend"": 1, ""one_fill_per_price_level"": true, ""repair_start_seconds"": 330, ""seed_hedge_spend"": 30, ""seed_primary_spend"": 90, ""very_cheap_price"": 0.08, ""very_cheap_spend"": 2}",runs/seed_cheap_accumulate_repair_v1/tune_90_30_r330_net0.35-20260518T065038Z
seed_cheap_accumulate_repair_v1,D_seed_480-20260518T055911Z,kalshi,kalshi-btc-1s,feed/kalshi-btc-1s.sqlite3,1189,9918.00424,196.516126,614.475862,-417.959736,931.601,196.210469,1.040588,0.199345,271.979496,mixed,next-tick,true,"{""cheap_price"": 0.15, ""max_total_cost"": 50, ""min_seconds_between_orders"": 5, ""normal_spend"": 1, ""repair_start_seconds"": 480, ""seed_hedge_spend"": 10, ""seed_primary_spend"": 30, ""very_cheap_price"": 0.08, ""very_cheap_spend"": 2}",runs/seed_cheap_accumulate_repair_v1/D_seed_480-20260518T055911Z
seed_cheap_accumulate_repair_v1,seed200_60_20_r480_net0.45-20260518T062938Z,kalshi,kalshi-btc-1s,feed/kalshi-btc-1s.sqlite3,1279,24359.179755,195.561583,829.470512,-633.908929,1050.082209,234.162872,1.018363,0.089159,369.772501,mixed,next-tick,true,"{""cheap_price"": 0.15, ""max_net_ratio"": 0.45, ""max_total_cost"": 200, ""min_order_contracts"": 5, ""min_seconds_between_orders"": 5, ""normal_spend"": 1, ""repair_start_seconds"": 480, ""seed_hedge_spend"": 20, ""seed_primary_spend"": 60, ""very_cheap_price"": 0.08, ""very_cheap_spend"": 2}",runs/seed_cheap_accumulate_repair_v1/seed200_60_20_r480_net0.45-20260518T062938Z
seed_cheap_accumulate_repair_v1,tune_100_33p333333_r330_net0.35-20260518T065603Z,kalshi,kalshi-btc-1s,feed/kalshi-btc-1s.sqlite3,1382,34527.370154,185.834517,2554.552399,-2368.717883,3347.535896,309.826581,1.011765,0.052947,750.072789,mixed,next-tick,true,"{""cheap_price"": 0.15, ""max_net_ratio"": 0.35, ""max_total_cost"": 200, ""min_order_contracts"": 5, ""min_seconds_between_orders"": 5, ""normal_spend"": 1, ""one_fill_per_price_level"": true, ""repair_start_seconds"": 330, ""seed_hedge_spend"": 33.333333, ""seed_primary_spend"": 100, ""very_cheap_price"": 0.08, ""very_cheap_spend"": 2}",runs/seed_cheap_accumulate_repair_v1/tune_100_33p333333_r330_net0.35-20260518T065603Z
seed_cheap_accumulate_repair_v1,tune_80_26p666667_r330_net0.45-20260518T064647Z,kalshi,kalshi-btc-1s,feed/kalshi-btc-1s.sqlite3,1453,29455.754554,172.614108,1830.918388,-1658.30428,2632.830061,408.209795,1.012962,0.058082,600.886076,mixed,next-tick,true,"{""cheap_price"": 0.15, ""max_net_ratio"": 0.45, ""max_total_cost"": 200, ""min_order_contracts"": 5, ""min_seconds_between_orders"": 5, ""normal_spend"": 1, ""one_fill_per_price_level"": true, ""repair_start_seconds"": 330, ""seed_hedge_spend"": 26.666667, ""seed_primary_spend"": 80, ""very_cheap_price"": 0.08, ""very_cheap_spend"": 2}",runs/seed_cheap_accumulate_repair_v1/tune_80_26p666667_r330_net0.45-20260518T064647Z
seed_cheap_accumulate_repair_v1,seed200_30_10_r360_net0.25-20260518T062312Z,kalshi,kalshi-btc-1s,feed/kalshi-btc-1s.sqlite3,1068,11723.787282,171.836085,721.684381,-549.848296,886.908714,84.315399,1.032931,0.173812,149.397386,mixed,next-tick,true,"{""cheap_price"": 0.15, ""max_net_ratio"": 0.25, ""max_total_cost"": 200, ""min_order_contracts"": 5, ""min_seconds_between_orders"": 5, ""normal_spend"": 1, ""repair_start_seconds"": 360, ""seed_hedge_spend"": 10, ""seed_primary_spend"": 30, ""very_cheap_price"": 0.08, ""very_cheap_spend"": 2}",runs/seed_cheap_accumulate_repair_v1/seed200_30_10_r360_net0.25-20260518T062312Z
seed_cheap_accumulate_repair_v1,seed200_r360_net0.25-20260518T061552Z,kalshi,kalshi-btc-1s,feed/kalshi-btc-1s.sqlite3,1068,11723.787282,171.836085,721.684381,-549.848296,886.908714,84.315399,1.032931,0.173812,149.397386,mixed,next-tick,true,"{""cheap_price"": 0.15, ""max_net_ratio"": 0.25, ""max_total_cost"": 200, ""min_order_contracts"": 5, ""min_seconds_between_orders"": 5, ""normal_spend"": 1, ""repair_start_seconds"": 360, ""seed_hedge_spend"": 10, ""seed_primary_spend"": 30, ""very_cheap_price"": 0.08, ""very_cheap_spend"": 2}",runs/seed_cheap_accumulate_repair_v1/seed200_r360_net0.25-20260518T061552Z
seed_cheap_accumulate_repair_v1,seed200_30_10_r360_net0.35-20260518T062347Z,kalshi,kalshi-btc-1s,feed/kalshi-btc-1s.sqlite3,1180,12229.634404,161.273222,787.557149,-626.283927,989.175135,118.383044,1.029735,0.151893,162.651664,mixed,next-tick,true,"{""cheap_price"": 0.15, ""max_net_ratio"": 0.35, ""max_total_cost"": 200, ""min_order_contracts"": 5, ""min_seconds_between_orders"": 5, ""normal_spend"": 1, ""repair_start_seconds"": 360, ""seed_hedge_spend"": 10, ""seed_primary_spend"": 30, ""very_cheap_price"": 0.08, ""very_cheap_spend"": 2}",runs/seed_cheap_accumulate_repair_v1/seed200_30_10_r360_net0.35-20260518T062347Z
seed_cheap_accumulate_repair_v1,seed200_r360_net0.35-20260518T061627Z,kalshi,kalshi-btc-1s,feed/kalshi-btc-1s.sqlite3,1180,12229.634404,161.273222,787.557149,-626.283927,989.175135,118.383044,1.029735,0.151893,162.651664,mixed,next-tick,true,"{""cheap_price"": 0.15, ""max_net_ratio"": 0.35, ""max_total_cost"": 200, ""min_order_contracts"": 5, ""min_seconds_between_orders"": 5, ""normal_spend"": 1, ""repair_start_seconds"": 360, ""seed_hedge_spend"": 10, ""seed_primary_spend"": 30, ""very_cheap_price"": 0.08, ""very_cheap_spend"": 2}",runs/seed_cheap_accumulate_repair_v1/seed200_r360_net0.35-20260518T061627Z
strategy_probability_mm_v0,kalshi-prob-mm-opt-20260520T062931Z-validation-003,kalshi,kalshi-btc-1s,/home/matt/workspace/kalshi-btc-15m-bot/feed/kalshi-btc-1s.sqlite3,148,1392.645632,156.189726,314.3485,-158.158774,314.256481,90.909091,1.293912,1.359842,74.427593,mixed,next-tick,true,"{""base_notional"": 10.0, ""edge_threshold"": 0.055, ""force_flatten_seconds"": 60.0, ""max_atr_slope"": 1.5, ""max_net_ratio"": 0.25, ""max_wickiness"": 0.75, ""min_seconds_to_close"": 30.0, ""min_volatility"": 1.0, ""probability_model"": ""bayesian_markov""}",/home/matt/workspace/kalshi-btc-15m-bot/runs/strategy_probability_mm_v0/kalshi-prob-mm-opt-20260520T062931Z-validation-003
strategy_probability_mm_v0,kalshi-prob-mm-opt-20260520T063335Z-validation-003,kalshi,kalshi-btc-1s,/home/matt/workspace/kalshi-btc-15m-bot/feed/kalshi-btc-1s.sqlite3,148,1392.645632,156.189726,314.3485,-158.158774,314.256481,90.909091,1.293912,1.359842,74.427593,mixed,next-tick,true,"{""base_notional"": 10.0, ""edge_threshold"": 0.055, ""force_flatten_seconds"": 60.0, ""max_atr_slope"": 1.5, ""max_net_ratio"": 0.25, ""max_wickiness"": 0.75, ""min_seconds_to_close"": 30.0, ""min_volatility"": 1.0, ""probability_model"": ""bayesian_markov""}",/home/matt/workspace/kalshi-btc-15m-bot/runs/strategy_probability_mm_v0/kalshi-prob-mm-opt-20260520T063335Z-validation-003
strategy_probability_mm_v0,kalshi-prob-mm-opt-20260520T063847Z-validation-003,kalshi,kalshi-btc-1s,/home/matt/workspace/kalshi-btc-15m-bot/feed/kalshi-btc-1s.sqlite3,148,1392.645632,156.189726,314.3485,-158.158774,314.256481,90.909091,1.293912,1.359842,74.427593,mixed,next-tick,true,"{""base_notional"": 10.0, ""edge_threshold"": 0.055, ""force_flatten_seconds"": 60.0, ""max_atr_slope"": 1.5, ""max_net_ratio"": 0.25, ""max_wickiness"": 0.75, ""min_seconds_to_close"": 30.0, ""min_volatility"": 1.0, ""probability_model"": ""bayesian_markov""}",/home/matt/workspace/kalshi-btc-15m-bot/runs/strategy_probability_mm_v0/kalshi-prob-mm-opt-20260520T063847Z-validation-003
strategy_probability_mm_v0,kalshi-prob-mm-opt-20260520T071704Z-validation-003,kalshi,kalshi-btc-1s,/home/matt/workspace/kalshi-btc-15m-bot/feed/kalshi-btc-1s.sqlite3,148,1392.645632,156.189726,314.3485,-158.158774,314.256481,90.909091,1.293912,1.359842,74.427593,mixed,next-tick,true,"{""base_notional"": 10.0, ""edge_threshold"": 0.055, ""force_flatten_seconds"": 60.0, ""max_atr_slope"": 1.5, ""max_net_ratio"": 0.25, ""max_probability_mid_band"": 0.0, ""max_wickiness"": 0.75, ""min_abs_edge"": 0.0, ""min_probability_confidence"": 0.0, ""min_seconds_to_close"": 30.0, ""min_volatility"": 1.0, ""probability_model"": ""bayesian_markov""}",/home/matt/workspace/kalshi-btc-15m-bot/runs/strategy_probability_mm_v0/kalshi-prob-mm-opt-20260520T071704Z-validation-003
strategy_probability_mm_v0,kalshi-prob-mm-opt-20260520T063847Z-validation-014,kalshi,kalshi-btc-1s,/home/matt/workspace/kalshi-btc-15m-bot/feed/kalshi-btc-1s.sqlite3,82,820.0,148.563829,302.298879,-153.73505,307.744561,88.078818,1.309508,1.811544,80.0,mixed,next-tick,true,"{""base_notional"": 10.0, ""edge_threshold"": 0.05, ""force_flatten_seconds"": 60.0, ""max_atr_slope"": 1.5, ""max_net_ratio"": 0.25, ""max_wickiness"": 0.75, ""min_seconds_to_close"": 90.0, ""min_volatility"": 1.0, ""probability_model"": ""bayesian_markov""}",/home/matt/workspace/kalshi-btc-15m-bot/runs/strategy_probability_mm_v0/kalshi-prob-mm-opt-20260520T063847Z-validation-014
strategy_probability_mm_v0,kalshi-prob-mm-opt-20260520T071704Z-validation-014,kalshi,kalshi-btc-1s,/home/matt/workspace/kalshi-btc-15m-bot/feed/kalshi-btc-1s.sqlite3,82,820.0,148.563829,302.298879,-153.73505,307.744561,88.078818,1.309508,1.811544,80.0,mixed,next-tick,true,"{""base_notional"": 10.0, ""edge_threshold"": 0.05, ""force_flatten_seconds"": 60.0, ""max_atr_slope"": 1.5, ""max_net_ratio"": 0.25, ""max_probability_mid_band"": 0.0, ""max_wickiness"": 0.75, ""min_abs_edge"": 0.0, ""min_probability_confidence"": 0.0, ""min_seconds_to_close"": 90.0, ""min_volatility"": 1.0, ""probability_model"": ""bayesian_markov""}",/home/matt/workspace/kalshi-btc-15m-bot/runs/strategy_probability_mm_v0/kalshi-prob-mm-opt-20260520T071704Z-validation-014
seed_cheap_accumulate_repair_v1,seed200_30_10_r480_net0.45-20260518T062607Z,kalshi,kalshi-btc-1s,feed/kalshi-btc-1s.sqlite3,1094,13080.791968,147.291759,486.418525,-339.126765,602.397472,138.250057,1.026349,0.139167,189.223816,mixed,next-tick,true,"{""cheap_price"": 0.15, ""max_net_ratio"": 0.45, ""max_total_cost"": 200, ""min_order_contracts"": 5, ""min_seconds_between_orders"": 5, ""normal_spend"": 1, ""repair_start_seconds"": 480, ""seed_hedge_spend"": 10, ""seed_primary_spend"": 30, ""very_cheap_price"": 0.08, ""very_cheap_spend"": 2}",runs/seed_cheap_accumulate_repair_v1/seed200_30_10_r480_net0.45-20260518T062607Z
seed_cheap_accumulate_repair_v1,seed200_r480_net0.45-20260518T062031Z,kalshi,kalshi-btc-1s,feed/kalshi-btc-1s.sqlite3,1093,13055.189,147.291759,486.418525,-339.126765,602.397472,138.250057,1.026349,0.139167,189.223816,mixed,next-tick,true,"{""cheap_price"": 0.15, ""max_net_ratio"": 0.45, ""max_total_cost"": 200, ""min_order_contracts"": 5, ""min_seconds_between_orders"": 5, ""normal_spend"": 1, ""repair_start_seconds"": 480, ""seed_hedge_spend"": 10, ""seed_primary_spend"": 30, ""very_cheap_price"": 0.08, ""very_cheap_spend"": 2}",runs/seed_cheap_accumulate_repair_v1/seed200_r480_net0.45-20260518T062031Z
seed_cheap_accumulate_repair_v1,tune_80_26p666667_r330_net0.40-20260518T064611Z,kalshi,kalshi-btc-1s,feed/kalshi-btc-1s.sqlite3,1367,29259.331255,144.392858,1820.297895,-1675.905038,2538.962871,303.655585,1.010958,0.05026,575.104595,mixed,next-tick,true,"{""cheap_price"": 0.15, ""max_net_ratio"": 0.4, ""max_total_cost"": 200, ""min_order_contracts"": 5, ""min_seconds_between_orders"": 5, ""normal_spend"": 1, ""one_fill_per_price_level"": true, ""repair_start_seconds"": 330, ""seed_hedge_spend"": 26.666667, ""seed_primary_spend"": 80, ""very_cheap_price"": 0.08, ""very_cheap_spend"": 2}",runs/seed_cheap_accumulate_repair_v1/tune_80_26p666667_r330_net0.40-20260518T064611Z
strategy_probability_mm_v0,kalshi-prob-mm-opt-20260520T063847Z-validation-013,kalshi,kalshi-btc-1s,/home/matt/workspace/kalshi-btc-15m-bot/feed/kalshi-btc-1s.sqlite3,99,974.454985,144.023201,300.851938,-156.828737,306.316581,88.078818,1.288046,1.594845,79.331612,mixed,next-tick,true,"{""base_notional"": 10.0, ""edge_threshold"": 0.05, ""force_flatten_seconds"": 60.0, ""max_atr_slope"": 1.5, ""max_net_ratio"": 0.25, ""max_wickiness"": 0.75, ""min_seconds_to_close"": 60.0, ""min_volatility"": 1.0, ""probability_model"": ""bayesian_markov""}",/home/matt/workspace/kalshi-btc-15m-bot/runs/strategy_probability_mm_v0/kalshi-prob-mm-opt-20260520T063847Z-validation-013
strategy_probability_mm_v0,kalshi-prob-mm-opt-20260520T071704Z-validation-013,kalshi,kalshi-btc-1s,/home/matt/workspace/kalshi-btc-15m-bot/feed/kalshi-btc-1s.sqlite3,99,974.454985,144.023201,300.851938,-156.828737,306.316581,88.078818,1.288046,1.594845,79.331612,mixed,next-tick,true,"{""base_notional"": 10.0, ""edge_threshold"": 0.05, ""force_flatten_seconds"": 60.0, ""max_atr_slope"": 1.5, ""max_net_ratio"": 0.25, ""max_probability_mid_band"": 0.0, ""max_wickiness"": 0.75, ""min_abs_edge"": 0.0, ""min_probability_confidence"": 0.0, ""min_seconds_to_close"": 60.0, ""min_volatility"": 1.0, ""probability_model"": ""bayesian_markov""}",/home/matt/workspace/kalshi-btc-15m-bot/runs/strategy_probability_mm_v0/kalshi-prob-mm-opt-20260520T071704Z-validation-013
strategy_probability_mm_v0,kalshi-prob-mm-opt-20260520T062931Z-validation-008,kalshi,kalshi-btc-1s,/home/matt/workspace/kalshi-btc-15m-bot/feed/kalshi-btc-1s.sqlite3,150,1383.971224,139.711859,299.630244,-159.918385,299.582319,50.0,1.286572,1.298454,63.965744,mixed,next-tick,true,"{""base_notional"": 10.0, ""edge_threshold"": 0.05, ""force_flatten_seconds"": 60.0, ""max_atr_slope"": 1.5, ""max_net_ratio"": 0.15, ""max_wickiness"": 0.75, ""min_seconds_to_close"": 30.0, ""min_volatility"": 1.0, ""probability_model"": ""bayesian_markov""}",/home/matt/workspace/kalshi-btc-15m-bot/runs/strategy_probability_mm_v0/kalshi-prob-mm-opt-20260520T062931Z-validation-008
strategy_probability_mm_v0,kalshi-prob-mm-opt-20260520T063335Z-validation-008,kalshi,kalshi-btc-1s,/home/matt/workspace/kalshi-btc-15m-bot/feed/kalshi-btc-1s.sqlite3,150,1383.971224,139.711859,299.630244,-159.918385,299.582319,50.0,1.286572,1.298454,63.965744,mixed,next-tick,true,"{""base_notional"": 10.0, ""edge_threshold"": 0.05, ""force_flatten_seconds"": 60.0, ""max_atr_slope"": 1.5, ""max_net_ratio"": 0.15, ""max_wickiness"": 0.75, ""min_seconds_to_close"": 30.0, ""min_volatility"": 1.0, ""probability_model"": ""bayesian_markov""}",/home/matt/workspace/kalshi-btc-15m-bot/runs/strategy_probability_mm_v0/kalshi-prob-mm-opt-20260520T063335Z-validation-008
strategy_probability_mm_v0,kalshi-prob-mm-opt-20260520T063847Z-validation-008,kalshi,kalshi-btc-1s,/home/matt/workspace/kalshi-btc-15m-bot/feed/kalshi-btc-1s.sqlite3,150,1383.971224,139.711859,299.630244,-159.918385,299.582319,50.0,1.286572,1.298454,63.965744,mixed,next-tick,true,"{""base_notional"": 10.0, ""edge_threshold"": 0.05, ""force_flatten_seconds"": 60.0, ""max_atr_slope"": 1.5, ""max_net_ratio"": 0.15, ""max_wickiness"": 0.75, ""min_seconds_to_close"": 30.0, ""min_volatility"": 1.0, ""probability_model"": ""bayesian_markov""}",/home/matt/workspace/kalshi-btc-15m-bot/runs/strategy_probability_mm_v0/kalshi-prob-mm-opt-20260520T063847Z-validation-008
strategy_probability_mm_v0,kalshi-prob-mm-opt-20260520T071704Z-validation-008,kalshi,kalshi-btc-1s,/home/matt/workspace/kalshi-btc-15m-bot/feed/kalshi-btc-1s.sqlite3,150,1383.971224,139.711859,299.630244,-159.918385,299.582319,50.0,1.286572,1.298454,63.965744,mixed,next-tick,true,"{""base_notional"": 10.0, ""edge_threshold"": 0.05, ""force_flatten_seconds"": 60.0, ""max_atr_slope"": 1.5, ""max_net_ratio"": 0.15, ""max_probability_mid_band"": 0.0, ""max_wickiness"": 0.75, ""min_abs_edge"": 0.0, ""min_probability_confidence"": 0.0, ""min_seconds_to_close"": 30.0, ""min_volatility"": 1.0, ""probability_model"": ""bayesian_markov""}",/home/matt/workspace/kalshi-btc-15m-bot/runs/strategy_probability_mm_v0/kalshi-prob-mm-opt-20260520T071704Z-validation-008
seed_cheap_accumulate_repair_v1,seed200_r420_net0.35-20260518T061811Z,kalshi,kalshi-btc-1s,feed/kalshi-btc-1s.sqlite3,1097,12342.507946,139.237074,614.21967,-474.982596,744.836262,103.767298,1.025943,0.137408,152.223965,mixed,next-tick,true,"{""cheap_price"": 0.15, ""max_net_ratio"": 0.35, ""max_total_cost"": 200, ""min_order_contracts"": 5, ""min_seconds_between_orders"": 5, ""normal_spend"": 1, ""repair_start_seconds"": 420, ""seed_hedge_spend"": 10, ""seed_primary_spend"": 30, ""very_cheap_price"": 0.08, ""very_cheap_spend"": 2}",runs/seed_cheap_accumulate_repair_v1/seed200_r420_net0.35-20260518T061811Z
seed_cheap_accumulate_repair_v1,seed200_30_10_r360_net0.45-20260518T062422Z,kalshi,kalshi-btc-1s,feed/kalshi-btc-1s.sqlite3,1345,12972.27504,137.28243,873.110123,-735.827693,1123.416792,182.899173,1.023808,0.114995,217.996366,mixed,next-tick,true,"{""cheap_price"": 0.15, ""max_net_ratio"": 0.45, ""max_total_cost"": 200, ""min_order_contracts"": 5, ""min_seconds_between_orders"": 5, ""normal_spend"": 1, ""repair_start_seconds"": 360, ""seed_hedge_spend"": 10, ""seed_primary_spend"": 30, ""very_cheap_price"": 0.08, ""very_cheap_spend"": 2}",runs/seed_cheap_accumulate_repair_v1/seed200_30_10_r360_net0.45-20260518T062422Z
seed_cheap_accumulate_repair_v1,seed200_r360_net0.45-20260518T061701Z,kalshi,kalshi-btc-1s,feed/kalshi-btc-1s.sqlite3,1344,12947.013444,137.28243,873.110123,-735.827693,1123.416792,182.899173,1.023808,0.114995,217.996366,mixed,next-tick,true,"{""cheap_price"": 0.15, ""max_net_ratio"": 0.45, ""max_total_cost"": 200, ""min_order_contracts"": 5, ""min_seconds_between_orders"": 5, ""normal_spend"": 1, ""repair_start_seconds"": 360, ""seed_hedge_spend"": 10, ""seed_primary_spend"": 30, ""very_cheap_price"": 0.08, ""very_cheap_spend"": 2}",runs/seed_cheap_accumulate_repair_v1/seed200_r360_net0.45-20260518T061701Z
breakout_momentum,all-strategies-nexttick-breakout_momentum-1778995478,kalshi,kalshi-btc-1s,feed/kalshi-btc-1s.sqlite3,3883,97075.0,135.138067,0,0,-6701.059091,18783.868568,1.007344,0.04069,5147.822484,mixed,next-tick,true,{},runs/breakout_momentum/all-strategies-nexttick-breakout_momentum-1778995478
seed_cheap_accumulate_repair_v1,seed200_r540_net0.45-20260518T062216Z,kalshi,kalshi-btc-1s,feed/kalshi-btc-1s.sqlite3,938,12814.177372,133.277947,321.868394,-188.590447,376.147439,120.226759,1.024774,0.140536,174.06038,mixed,next-tick,true,"{""cheap_price"": 0.15, ""max_net_ratio"": 0.45, ""max_total_cost"": 200, ""min_order_contracts"": 5, ""min_seconds_between_orders"": 5, ""normal_spend"": 1, ""repair_start_seconds"": 540, ""seed_hedge_spend"": 10, ""seed_primary_spend"": 30, ""very_cheap_price"": 0.08, ""very_cheap_spend"": 2}",runs/seed_cheap_accumulate_repair_v1/seed200_r540_net0.45-20260518T062216Z
seed_cheap_accumulate_repair_v1,seed200_r420_net0.45-20260518T061846Z,kalshi,kalshi-btc-1s,feed/kalshi-btc-1s.sqlite3,1229,13018.582693,131.84638,679.893401,-548.047021,842.998083,138.250057,1.023475,0.118678,176.780991,mixed,next-tick,true,"{""cheap_price"": 0.15, ""max_net_ratio"": 0.45, ""max_total_cost"": 200, ""min_order_contracts"": 5, ""min_seconds_between_orders"": 5, ""normal_spend"": 1, ""repair_start_seconds"": 420, ""seed_hedge_spend"": 10, ""seed_primary_spend"": 30, ""very_cheap_price"": 0.08, ""very_cheap_spend"": 2}",runs/seed_cheap_accumulate_repair_v1/seed200_r420_net0.45-20260518T061846Z
strategy_probability_mm_v0,kalshi-prob-mm-opt-20260520T063847Z-validation-011,kalshi,kalshi-btc-1s,/home/matt/workspace/kalshi-btc-15m-bot/feed/kalshi-btc-1s.sqlite3,130,1226.937916,131.28043,309.149891,-177.869462,312.193141,88.078818,1.247229,1.214543,77.767988,mixed,next-tick,true,"{""base_notional"": 10.0, ""edge_threshold"": 0.05, ""force_flatten_seconds"": 45.0, ""max_atr_slope"": 1.5, ""max_net_ratio"": 0.25, ""max_wickiness"": 0.75, ""min_seconds_to_close"": 30.0, ""min_volatility"": 1.0, ""probability_model"": ""bayesian_markov""}",/home/matt/workspace/kalshi-btc-15m-bot/runs/strategy_probability_mm_v0/kalshi-prob-mm-opt-20260520T063847Z-validation-011
strategy_probability_mm_v0,kalshi-prob-mm-opt-20260520T071704Z-validation-011,kalshi,kalshi-btc-1s,/home/matt/workspace/kalshi-btc-15m-bot/feed/kalshi-btc-1s.sqlite3,130,1226.937916,131.28043,309.149891,-177.869462,312.193141,88.078818,1.247229,1.214543,77.767988,mixed,next-tick,true,"{""base_notional"": 10.0, ""edge_threshold"": 0.05, ""force_flatten_seconds"": 45.0, ""max_atr_slope"": 1.5, ""max_net_ratio"": 0.25, ""max_probability_mid_band"": 0.0, ""max_wickiness"": 0.75, ""min_abs_edge"": 0.0, ""min_probability_confidence"": 0.0, ""min_seconds_to_close"": 30.0, ""min_volatility"": 1.0, ""probability_model"": ""bayesian_markov""}",/home/matt/workspace/kalshi-btc-15m-bot/runs/strategy_probability_mm_v0/kalshi-prob-mm-opt-20260520T071704Z-validation-011
strategy_probability_mm_v0,kalshi-prob-mm-opt-20260520T062931Z-validation-005,kalshi,kalshi-btc-1s,/home/matt/workspace/kalshi-btc-15m-bot/feed/kalshi-btc-1s.sqlite3,143,1366.948555,131.034021,364.63484,-233.600819,364.591603,128.205128,1.26686,0.908077,76.202864,mixed,next-tick,true,"{""base_notional"": 10.0, ""edge_threshold"": 0.07, ""force_flatten_seconds"": 60.0, ""max_atr_slope"": 1.5, ""max_net_ratio"": 0.25, ""max_wickiness"": 0.75, ""min_seconds_to_close"": 30.0, ""min_volatility"": 1.0, ""probability_model"": ""bayesian_markov""}",/home/matt/workspace/kalshi-btc-15m-bot/runs/strategy_probability_mm_v0/kalshi-prob-mm-opt-20260520T062931Z-validation-005
strategy_probability_mm_v0,kalshi-prob-mm-opt-20260520T063335Z-validation-005,kalshi,kalshi-btc-1s,/home/matt/workspace/kalshi-btc-15m-bot/feed/kalshi-btc-1s.sqlite3,143,1366.948555,131.034021,364.63484,-233.600819,364.591603,128.205128,1.26686,0.908077,76.202864,mixed,next-tick,true,"{""base_notional"": 10.0, ""edge_threshold"": 0.07, ""force_flatten_seconds"": 60.0, ""max_atr_slope"": 1.5, ""max_net_ratio"": 0.25, ""max_wickiness"": 0.75, ""min_seconds_to_close"": 30.0, ""min_volatility"": 1.0, ""probability_model"": ""bayesian_markov""}",/home/matt/workspace/kalshi-btc-15m-bot/runs/strategy_probability_mm_v0/kalshi-prob-mm-opt-20260520T063335Z-validation-005
strategy_probability_mm_v0,kalshi-prob-mm-opt-20260520T063847Z-validation-005,kalshi,kalshi-btc-1s,/home/matt/workspace/kalshi-btc-15m-bot/feed/kalshi-btc-1s.sqlite3,143,1366.948555,131.034021,364.63484,-233.600819,364.591603,128.205128,1.26686,0.908077,76.202864,mixed,next-tick,true,"{""base_notional"": 10.0, ""edge_threshold"": 0.07, ""force_flatten_seconds"": 60.0, ""max_atr_slope"": 1.5, ""max_net_ratio"": 0.25, ""max_wickiness"": 0.75, ""min_seconds_to_close"": 30.0, ""min_volatility"": 1.0, ""probability_model"": ""bayesian_markov""}",/home/matt/workspace/kalshi-btc-15m-bot/runs/strategy_probability_mm_v0/kalshi-prob-mm-opt-20260520T063847Z-validation-005
strategy_probability_mm_v0,kalshi-prob-mm-opt-20260520T071704Z-validation-005,kalshi,kalshi-btc-1s,/home/matt/workspace/kalshi-btc-15m-bot/feed/kalshi-btc-1s.sqlite3,143,1366.948555,131.034021,364.63484,-233.600819,364.591603,128.205128,1.26686,0.908077,76.202864,mixed,next-tick,true,"{""base_notional"": 10.0, ""edge_threshold"": 0.07, ""force_flatten_seconds"": 60.0, ""max_atr_slope"": 1.5, ""max_net_ratio"": 0.25, ""max_probability_mid_band"": 0.0, ""max_wickiness"": 0.75, ""min_abs_edge"": 0.0, ""min_probability_confidence"": 0.0, ""min_seconds_to_close"": 30.0, ""min_volatility"": 1.0, ""probability_model"": ""bayesian_markov""}",/home/matt/workspace/kalshi-btc-15m-bot/runs/strategy_probability_mm_v0/kalshi-prob-mm-opt-20260520T071704Z-validation-005
strategy_probability_mm_v0,kalshi-prob-mm-opt-20260520T071704Z-validation-023,kalshi,kalshi-btc-1s,/home/matt/workspace/kalshi-btc-15m-bot/feed/kalshi-btc-1s.sqlite3,151,1399.834185,130.538714,296.161285,-165.62257,299.302238,88.078818,1.246637,1.180259,74.409158,mixed,next-tick,true,"{""base_notional"": 10.0, ""edge_threshold"": 0.05, ""force_flatten_seconds"": 60.0, ""max_atr_slope"": 1.5, ""max_net_ratio"": 0.25, ""max_probability_mid_band"": 0.05, ""max_wickiness"": 0.75, ""min_abs_edge"": 0.0, ""min_probability_confidence"": 0.0, ""min_seconds_to_close"": 30.0, ""min_volatility"": 1.0, ""probability_model"": ""bayesian_markov""}",/home/matt/workspace/kalshi-btc-15m-bot/runs/strategy_probability_mm_v0/kalshi-prob-mm-opt-20260520T071704Z-validation-023
strategy_probability_mm_v0,kalshi-prob-mm-opt-20260520T061323Z-validation-005,kalshi,kalshi-btc-1s,/home/matt/workspace/kalshi-btc-15m-bot/feed/kalshi-btc-1s.sqlite3,151,1399.834185,129.826464,295.819404,-165.992941,298.960358,88.078818,1.245292,1.174089,74.409158,mixed,next-tick,true,"{""base_notional"": 10.0, ""edge_threshold"": 0.05, ""force_flatten_seconds"": 60.0, ""max_atr_slope"": 1.5, ""max_net_ratio"": 0.25, ""max_wickiness"": 0.75, ""min_seconds_to_close"": 30.0, ""min_volatility"": 1.0, ""probability_model"": ""bayesian_markov""}",/home/matt/workspace/kalshi-btc-15m-bot/runs/strategy_probability_mm_v0/kalshi-prob-mm-opt-20260520T061323Z-validation-005
strategy_probability_mm_v0,kalshi-prob-mm-opt-20260520T062931Z-validation-001,kalshi,kalshi-btc-1s,/home/matt/workspace/kalshi-btc-15m-bot/feed/kalshi-btc-1s.sqlite3,151,1399.834185,129.826464,295.819404,-165.992941,298.960358,88.078818,1.245292,1.174089,74.409158,mixed,next-tick,true,"{""base_notional"": 10.0, ""edge_threshold"": 0.05, ""force_flatten_seconds"": 60.0, ""max_atr_slope"": 1.5, ""max_net_ratio"": 0.25, ""max_wickiness"": 0.75, ""min_seconds_to_close"": 30.0, ""min_volatility"": 1.0, ""probability_model"": ""bayesian_markov""}",/home/matt/workspace/kalshi-btc-15m-bot/runs/strategy_probability_mm_v0/kalshi-prob-mm-opt-20260520T062931Z-validation-001
strategy_probability_mm_v0,kalshi-prob-mm-opt-20260520T063335Z-validation-001,kalshi,kalshi-btc-1s,/home/matt/workspace/kalshi-btc-15m-bot/feed/kalshi-btc-1s.sqlite3,151,1399.834185,129.826464,295.819404,-165.992941,298.960358,88.078818,1.245292,1.174089,74.409158,mixed,next-tick,true,"{""base_notional"": 10.0, ""edge_threshold"": 0.05, ""force_flatten_seconds"": 60.0, ""max_atr_slope"": 1.5, ""max_net_ratio"": 0.25, ""max_wickiness"": 0.75, ""min_seconds_to_close"": 30.0, ""min_volatility"": 1.0, ""probability_model"": ""bayesian_markov""}",/home/matt/workspace/kalshi-btc-15m-bot/runs/strategy_probability_mm_v0/kalshi-prob-mm-opt-20260520T063335Z-validation-001
strategy_probability_mm_v0,kalshi-prob-mm-opt-20260520T063847Z-validation-001,kalshi,kalshi-btc-1s,/home/matt/workspace/kalshi-btc-15m-bot/feed/kalshi-btc-1s.sqlite3,151,1399.834185,129.826464,295.819404,-165.992941,298.960358,88.078818,1.245292,1.174089,74.409158,mixed,next-tick,true,"{""base_notional"": 10.0, ""edge_threshold"": 0.05, ""force_flatten_seconds"": 60.0, ""max_atr_slope"": 1.5, ""max_net_ratio"": 0.25, ""max_wickiness"": 0.75, ""min_seconds_to_close"": 30.0, ""min_volatility"": 1.0, ""probability_model"": ""bayesian_markov""}",/home/matt/workspace/kalshi-btc-15m-bot/runs/strategy_probability_mm_v0/kalshi-prob-mm-opt-20260520T063847Z-validation-001
strategy_probability_mm_v0,kalshi-prob-mm-opt-20260520T063847Z-validation-015,kalshi,kalshi-btc-1s,/home/matt/workspace/kalshi-btc-15m-bot/feed/kalshi-btc-1s.sqlite3,151,1399.834185,129.826464,295.819404,-165.992941,298.960358,88.078818,1.245292,1.174089,74.409158,mixed,next-tick,true,"{""base_notional"": 10.0, ""edge_threshold"": 0.05, ""force_flatten_seconds"": 60.0, ""max_atr_slope"": 1.5, ""max_net_ratio"": 0.25, ""max_wickiness"": 0.65, ""min_seconds_to_close"": 30.0, ""min_volatility"": 1.0, ""probability_model"": ""bayesian_markov""}",/home/matt/workspace/kalshi-btc-15m-bot/runs/strategy_probability_mm_v0/kalshi-prob-mm-opt-20260520T063847Z-validation-015
strategy_probability_mm_v0,kalshi-prob-mm-opt-20260520T063847Z-validation-016,kalshi,kalshi-btc-1s,/home/matt/workspace/kalshi-btc-15m-bot/feed/kalshi-btc-1s.sqlite3,151,1399.834185,129.826464,295.819404,-165.992941,298.960358,88.078818,1.245292,1.174089,74.409158,mixed,next-tick,true,"{""base_notional"": 10.0, ""edge_threshold"": 0.05, ""force_flatten_seconds"": 60.0, ""max_atr_slope"": 1.0, ""max_net_ratio"": 0.25, ""max_wickiness"": 0.75, ""min_seconds_to_close"": 30.0, ""min_volatility"": 1.0, ""probability_model"": ""bayesian_markov""}",/home/matt/workspace/kalshi-btc-15m-bot/runs/strategy_probability_mm_v0/kalshi-prob-mm-opt-20260520T063847Z-validation-016
strategy_probability_mm_v0,kalshi-prob-mm-opt-20260520T063847Z-validation-017,kalshi,kalshi-btc-1s,/home/matt/workspace/kalshi-btc-15m-bot/feed/kalshi-btc-1s.sqlite3,151,1399.834185,129.826464,295.819404,-165.992941,298.960358,88.078818,1.245292,1.174089,74.409158,mixed,next-tick,true,"{""base_notional"": 10.0, ""edge_threshold"": 0.05, ""force_flatten_seconds"": 60.0, ""max_atr_slope"": 1.5, ""max_net_ratio"": 0.25, ""max_wickiness"": 0.75, ""min_seconds_to_close"": 30.0, ""min_volatility"": 0.75, ""probability_model"": ""bayesian_markov""}",/home/matt/workspace/kalshi-btc-15m-bot/runs/strategy_probability_mm_v0/kalshi-prob-mm-opt-20260520T063847Z-validation-017
strategy_probability_mm_v0,kalshi-prob-mm-opt-20260520T063847Z-validation-018,kalshi,kalshi-btc-1s,/home/matt/workspace/kalshi-btc-15m-bot/feed/kalshi-btc-1s.sqlite3,151,1399.834185,129.826464,295.819404,-165.992941,298.960358,88.078818,1.245292,1.174089,74.409158,mixed,next-tick,true,"{""base_notional"": 10.0, ""edge_threshold"": 0.05, ""force_flatten_seconds"": 60.0, ""max_atr_slope"": 1.5, ""max_net_ratio"": 0.25, ""max_wickiness"": 0.75, ""min_seconds_to_close"": 30.0, ""min_volatility"": 1.5, ""probability_model"": ""bayesian_markov""}",/home/matt/workspace/kalshi-btc-15m-bot/runs/strategy_probability_mm_v0/kalshi-prob-mm-opt-20260520T063847Z-validation-018
strategy_probability_mm_v0,kalshi-prob-mm-opt-20260520T071704Z-validation-001,kalshi,kalshi-btc-1s,/home/matt/workspace/kalshi-btc-15m-bot/feed/kalshi-btc-1s.sqlite3,151,1399.834185,129.826464,295.819404,-165.992941,298.960358,88.078818,1.245292,1.174089,74.409158,mixed,next-tick,true,"{""base_notional"": 10.0, ""edge_threshold"": 0.05, ""force_flatten_seconds"": 60.0, ""max_atr_slope"": 1.5, ""max_net_ratio"": 0.25, ""max_probability_mid_band"": 0.0, ""max_wickiness"": 0.75, ""min_abs_edge"": 0.0, ""min_probability_confidence"": 0.0, ""min_seconds_to_close"": 30.0, ""min_volatility"": 1.0, ""probability_model"": ""bayesian_markov""}",/home/matt/workspace/kalshi-btc-15m-bot/runs/strategy_probability_mm_v0/kalshi-prob-mm-opt-20260520T071704Z-validation-001
strategy_probability_mm_v0,kalshi-prob-mm-opt-20260520T071704Z-validation-015,kalshi,kalshi-btc-1s,/home/matt/workspace/kalshi-btc-15m-bot/feed/kalshi-btc-1s.sqlite3,151,1399.834185,129.826464,295.819404,-165.992941,298.960358,88.078818,1.245292,1.174089,74.409158,mixed,next-tick,true,"{""base_notional"": 10.0, ""edge_threshold"": 0.05, ""force_flatten_seconds"": 60.0, ""max_atr_slope"": 1.5, ""max_net_ratio"": 0.25, ""max_probability_mid_band"": 0.0, ""max_wickiness"": 0.65, ""min_abs_edge"": 0.0, ""min_probability_confidence"": 0.0, ""min_seconds_to_close"": 30.0, ""min_volatility"": 1.0, ""probability_model"": ""bayesian_markov""}",/home/matt/workspace/kalshi-btc-15m-bot/runs/strategy_probability_mm_v0/kalshi-prob-mm-opt-20260520T071704Z-validation-015
strategy_probability_mm_v0,kalshi-prob-mm-opt-20260520T071704Z-validation-016,kalshi,kalshi-btc-1s,/home/matt/workspace/kalshi-btc-15m-bot/feed/kalshi-btc-1s.sqlite3,151,1399.834185,129.826464,295.819404,-165.992941,298.960358,88.078818,1.245292,1.174089,74.409158,mixed,next-tick,true,"{""base_notional"": 10.0, ""edge_threshold"": 0.05, ""force_flatten_seconds"": 60.0, ""max_atr_slope"": 1.0, ""max_net_ratio"": 0.25, ""max_probability_mid_band"": 0.0, ""max_wickiness"": 0.75, ""min_abs_edge"": 0.0, ""min_probability_confidence"": 0.0, ""min_seconds_to_close"": 30.0, ""min_volatility"": 1.0, ""probability_model"": ""bayesian_markov""}",/home/matt/workspace/kalshi-btc-15m-bot/runs/strategy_probability_mm_v0/kalshi-prob-mm-opt-20260520T071704Z-validation-016
strategy_probability_mm_v0,kalshi-prob-mm-opt-20260520T071704Z-validation-017,kalshi,kalshi-btc-1s,/home/matt/workspace/kalshi-btc-15m-bot/feed/kalshi-btc-1s.sqlite3,151,1399.834185,129.826464,295.819404,-165.992941,298.960358,88.078818,1.245292,1.174089,74.409158,mixed,next-tick,true,"{""base_notional"": 10.0, ""edge_threshold"": 0.05, ""force_flatten_seconds"": 60.0, ""max_atr_slope"": 1.5, ""max_net_ratio"": 0.25, ""max_probability_mid_band"": 0.0, ""max_wickiness"": 0.75, ""min_abs_edge"": 0.0, ""min_probability_confidence"": 0.0, ""min_seconds_to_close"": 30.0, ""min_volatility"": 0.75, ""probability_model"": ""bayesian_markov""}",/home/matt/workspace/kalshi-btc-15m-bot/runs/strategy_probability_mm_v0/kalshi-prob-mm-opt-20260520T071704Z-validation-017
strategy_probability_mm_v0,kalshi-prob-mm-opt-20260520T071704Z-validation-018,kalshi,kalshi-btc-1s,/home/matt/workspace/kalshi-btc-15m-bot/feed/kalshi-btc-1s.sqlite3,151,1399.834185,129.826464,295.819404,-165.992941,298.960358,88.078818,1.245292,1.174089,74.409158,mixed,next-tick,true,"{""base_notional"": 10.0, ""edge_threshold"": 0.05, ""force_flatten_seconds"": 60.0, ""max_atr_slope"": 1.5, ""max_net_ratio"": 0.25, ""max_probability_mid_band"": 0.0, ""max_wickiness"": 0.75, ""min_abs_edge"": 0.0, ""min_probability_confidence"": 0.0, ""min_seconds_to_close"": 30.0, ""min_volatility"": 1.5, ""probability_model"": ""bayesian_markov""}",/home/matt/workspace/kalshi-btc-15m-bot/runs/strategy_probability_mm_v0/kalshi-prob-mm-opt-20260520T071704Z-validation-018
strategy_probability_mm_v0,kalshi-prob-mm-opt-20260520T071704Z-validation-021,kalshi,kalshi-btc-1s,/home/matt/workspace/kalshi-btc-15m-bot/feed/kalshi-btc-1s.sqlite3,151,1399.834185,129.826464,295.819404,-165.992941,298.960358,88.078818,1.245292,1.174089,74.409158,mixed,next-tick,true,"{""base_notional"": 10.0, ""edge_threshold"": 0.05, ""force_flatten_seconds"": 60.0, ""max_atr_slope"": 1.5, ""max_net_ratio"": 0.25, ""max_probability_mid_band"": 0.0, ""max_wickiness"": 0.75, ""min_abs_edge"": 0.04, ""min_probability_confidence"": 0.0, ""min_seconds_to_close"": 30.0, ""min_volatility"": 1.0, ""probability_model"": ""bayesian_markov""}",/home/matt/workspace/kalshi-btc-15m-bot/runs/strategy_probability_mm_v0/kalshi-prob-mm-opt-20260520T071704Z-validation-021
strategy_probability_mm_v0,kalshi-prob-mm-opt-20260520T061323Z-train-024,kalshi,kalshi-btc-1s,/home/matt/workspace/kalshi-btc-15m-bot/feed/kalshi-btc-1s.sqlite3,223,3345.0,129.546843,767.069868,-637.523026,767.069868,750.0,1.045939,0.215093,579.023623,kalshi_api,next-tick,true,"{""base_notional"": 15.0, ""edge_threshold"": 0.08, ""force_flatten_seconds"": 60.0, ""max_atr_slope"": 1.5, ""max_net_ratio"": 0.1, ""max_wickiness"": 0.6, ""min_seconds_to_close"": 120.0, ""min_volatility"": 2.0, ""probability_model"": ""bayesian_markov""}",/home/matt/workspace/kalshi-btc-15m-bot/runs/strategy_probability_mm_v0/kalshi-prob-mm-opt-20260520T061323Z-train-024
strategy_probability_mm_v0,kalshi-prob-mm-opt-20260520T071704Z-validation-024,kalshi,kalshi-btc-1s,/home/matt/workspace/kalshi-btc-15m-bot/feed/kalshi-btc-1s.sqlite3,150,1397.082158,129.163588,296.081548,-166.91796,299.222502,88.078818,1.244039,1.17324,74.593808,mixed,next-tick,true,"{""base_notional"": 10.0, ""edge_threshold"": 0.05, ""force_flatten_seconds"": 60.0, ""max_atr_slope"": 1.5, ""max_net_ratio"": 0.25, ""max_probability_mid_band"": 0.1, ""max_wickiness"": 0.75, ""min_abs_edge"": 0.0, ""min_probability_confidence"": 0.0, ""min_seconds_to_close"": 30.0, ""min_volatility"": 1.0, ""probability_model"": ""bayesian_markov""}",/home/matt/workspace/kalshi-btc-15m-bot/runs/strategy_probability_mm_v0/kalshi-prob-mm-opt-20260520T071704Z-validation-024
seed_cheap_accumulate_repair_v1,seed200_r420_net0.25-20260518T061736Z,kalshi,kalshi-btc-1s,feed/kalshi-btc-1s.sqlite3,999,11809.535645,128.960557,556.147389,-427.186832,664.126183,84.315399,1.024872,0.135989,142.842554,mixed,next-tick,true,"{""cheap_price"": 0.15, ""max_net_ratio"": 0.25, ""max_total_cost"": 200, ""min_order_contracts"": 5, ""min_seconds_between_orders"": 5, ""normal_spend"": 1, ""repair_start_seconds"": 420, ""seed_hedge_spend"": 10, ""seed_primary_spend"": 30, ""very_cheap_price"": 0.08, ""very_cheap_spend"": 2}",runs/seed_cheap_accumulate_repair_v1/seed200_r420_net0.25-20260518T061736Z
seed_cheap_accumulate_repair_v1,seed200_30_10_r480_net0.35-20260518T062532Z,kalshi,kalshi-btc-1s,feed/kalshi-btc-1s.sqlite3,1004,12519.3721,126.637712,425.959692,-299.32198,526.231158,103.767298,1.023522,0.129432,175.506271,mixed,next-tick,true,"{""cheap_price"": 0.15, ""max_net_ratio"": 0.35, ""max_total_cost"": 200, ""min_order_contracts"": 5, ""min_seconds_between_orders"": 5, ""normal_spend"": 1, ""repair_start_seconds"": 480, ""seed_hedge_spend"": 10, ""seed_primary_spend"": 30, ""very_cheap_price"": 0.08, ""very_cheap_spend"": 2}",runs/seed_cheap_accumulate_repair_v1/seed200_30_10_r480_net0.35-20260518T062532Z
seed_cheap_accumulate_repair_v1,seed200_r480_net0.35-20260518T061956Z,kalshi,kalshi-btc-1s,feed/kalshi-btc-1s.sqlite3,1003,12493.769132,126.637712,425.959692,-299.32198,526.231158,103.767298,1.023522,0.129432,175.506271,mixed,next-tick,true,"{""cheap_price"": 0.15, ""max_net_ratio"": 0.35, ""max_total_cost"": 200, ""min_order_contracts"": 5, ""min_seconds_between_orders"": 5, ""normal_spend"": 1, ""repair_start_seconds"": 480, ""seed_hedge_spend"": 10, ""seed_primary_spend"": 30, ""very_cheap_price"": 0.08, ""very_cheap_spend"": 2}",runs/seed_cheap_accumulate_repair_v1/seed200_r480_net0.35-20260518T061956Z
strategy_probability_mm_v0,kalshi-prob-mm-opt-20260520T063847Z-validation-010,kalshi,kalshi-btc-1s,/home/matt/workspace/kalshi-btc-15m-bot/feed/kalshi-btc-1s.sqlite3,167,1553.353392,126.362246,307.312765,-180.950518,308.684329,50.059366,1.218139,1.050962,74.409158,mixed,next-tick,true,"{""base_notional"": 10.0, ""edge_threshold"": 0.05, ""force_flatten_seconds"": 60.0, ""max_atr_slope"": 1.5, ""max_net_ratio"": 0.3, ""max_wickiness"": 0.75, ""min_seconds_to_close"": 30.0, ""min_volatility"": 1.0, ""probability_model"": ""bayesian_markov""}",/home/matt/workspace/kalshi-btc-15m-bot/runs/strategy_probability_mm_v0/kalshi-prob-mm-opt-20260520T063847Z-validation-010
strategy_probability_mm_v0,kalshi-prob-mm-opt-20260520T071704Z-validation-010,kalshi,kalshi-btc-1s,/home/matt/workspace/kalshi-btc-15m-bot/feed/kalshi-btc-1s.sqlite3,167,1553.353392,126.362246,307.312765,-180.950518,308.684329,50.059366,1.218139,1.050962,74.409158,mixed,next-tick,true,"{""base_notional"": 10.0, ""edge_threshold"": 0.05, ""force_flatten_seconds"": 60.0, ""max_atr_slope"": 1.5, ""max_net_ratio"": 0.3, ""max_probability_mid_band"": 0.0, ""max_wickiness"": 0.75, ""min_abs_edge"": 0.0, ""min_probability_confidence"": 0.0, ""min_seconds_to_close"": 30.0, ""min_volatility"": 1.0, ""probability_model"": ""bayesian_markov""}",/home/matt/workspace/kalshi-btc-15m-bot/runs/strategy_probability_mm_v0/kalshi-prob-mm-opt-20260520T071704Z-validation-010
strategy_probability_mm_v0,kalshi-prob-mm-opt-20260520T063847Z-validation-009,kalshi,kalshi-btc-1s,/home/matt/workspace/kalshi-btc-15m-bot/feed/kalshi-btc-1s.sqlite3,146,1349.199264,114.89397,274.870349,-159.97638,274.833697,50.0,1.224969,1.078201,74.409158,mixed,next-tick,true,"{""base_notional"": 10.0, ""edge_threshold"": 0.05, ""force_flatten_seconds"": 60.0, ""max_atr_slope"": 1.5, ""max_net_ratio"": 0.2, ""max_wickiness"": 0.75, ""min_seconds_to_close"": 30.0, ""min_volatility"": 1.0, ""probability_model"": ""bayesian_markov""}",/home/matt/workspace/kalshi-btc-15m-bot/runs/strategy_probability_mm_v0/kalshi-prob-mm-opt-20260520T063847Z-validation-009
strategy_probability_mm_v0,kalshi-prob-mm-opt-20260520T071704Z-validation-009,kalshi,kalshi-btc-1s,/home/matt/workspace/kalshi-btc-15m-bot/feed/kalshi-btc-1s.sqlite3,146,1349.199264,114.89397,274.870349,-159.97638,274.833697,50.0,1.224969,1.078201,74.409158,mixed,next-tick,true,"{""base_notional"": 10.0, ""edge_threshold"": 0.05, ""force_flatten_seconds"": 60.0, ""max_atr_slope"": 1.5, ""max_net_ratio"": 0.2, ""max_probability_mid_band"": 0.0, ""max_wickiness"": 0.75, ""min_abs_edge"": 0.0, ""min_probability_confidence"": 0.0, ""min_seconds_to_close"": 30.0, ""min_volatility"": 1.0, ""probability_model"": ""bayesian_markov""}",/home/matt/workspace/kalshi-btc-15m-bot/runs/strategy_probability_mm_v0/kalshi-prob-mm-opt-20260520T071704Z-validation-009
seed_cheap_accumulate_repair_v1,seed200_r540_net0.35-20260518T062141Z,kalshi,kalshi-btc-1s,feed/kalshi-btc-1s.sqlite3,875,12392.957042,114.644491,280.122946,-165.478455,325.349774,103.767298,1.02181,0.127645,155.280754,mixed,next-tick,true,"{""cheap_price"": 0.15, ""max_net_ratio"": 0.35, ""max_total_cost"": 200, ""min_order_contracts"": 5, ""min_seconds_between_orders"": 5, ""normal_spend"": 1, ""repair_start_seconds"": 540, ""seed_hedge_spend"": 10, ""seed_primary_spend"": 30, ""very_cheap_price"": 0.08, ""very_cheap_spend"": 2}",runs/seed_cheap_accumulate_repair_v1/seed200_r540_net0.35-20260518T062141Z
seed_cheap_accumulate_repair_v1,seed200_30_10_r480_net0.25-20260518T062457Z,kalshi,kalshi-btc-1s,feed/kalshi-btc-1s.sqlite3,929,12074.765028,113.513575,377.641356,-264.12778,461.574877,84.315399,1.021733,0.123112,159.440474,mixed,next-tick,true,"{""cheap_price"": 0.15, ""max_net_ratio"": 0.25, ""max_total_cost"": 200, ""min_order_contracts"": 5, ""min_seconds_between_orders"": 5, ""normal_spend"": 1, ""repair_start_seconds"": 480, ""seed_hedge_spend"": 10, ""seed_primary_spend"": 30, ""very_cheap_price"": 0.08, ""very_cheap_spend"": 2}",runs/seed_cheap_accumulate_repair_v1/seed200_30_10_r480_net0.25-20260518T062457Z
seed_cheap_accumulate_repair_v1,seed200_r480_net0.25-20260518T061922Z,kalshi,kalshi-btc-1s,feed/kalshi-btc-1s.sqlite3,928,12049.16206,113.513575,377.641356,-264.12778,461.574877,84.315399,1.021733,0.123112,159.440474,mixed,next-tick,true,"{""cheap_price"": 0.15, ""max_net_ratio"": 0.25, ""max_total_cost"": 200, ""min_order_contracts"": 5, ""min_seconds_between_orders"": 5, ""normal_spend"": 1, ""repair_start_seconds"": 480, ""seed_hedge_spend"": 10, ""seed_primary_spend"": 30, ""very_cheap_price"": 0.08, ""very_cheap_spend"": 2}",runs/seed_cheap_accumulate_repair_v1/seed200_r480_net0.25-20260518T061922Z
seed_cheap_accumulate_repair_v1,tune_70_23p333333_r330_net0.45-20260518T064127Z,kalshi,kalshi-btc-1s,feed/kalshi-btc-1s.sqlite3,1398,26105.457423,110.292575,1625.719146,-1515.426572,2328.731123,322.898477,1.009335,0.042787,541.696873,mixed,next-tick,true,"{""cheap_price"": 0.15, ""max_net_ratio"": 0.45, ""max_total_cost"": 200, ""min_order_contracts"": 5, ""min_seconds_between_orders"": 5, ""normal_spend"": 1, ""one_fill_per_price_level"": true, ""repair_start_seconds"": 330, ""seed_hedge_spend"": 23.333333, ""seed_primary_spend"": 70, ""very_cheap_price"": 0.08, ""very_cheap_spend"": 2}",runs/seed_cheap_accumulate_repair_v1/tune_70_23p333333_r330_net0.45-20260518T064127Z
strategy_probability_mm_v0,kalshi-prob-mm-opt-20260520T062931Z-validation-004,kalshi,kalshi-btc-1s,/home/matt/workspace/kalshi-btc-15m-bot/feed/kalshi-btc-1s.sqlite3,143,1321.465152,110.016013,298.206269,-188.190256,298.149528,90.909091,1.214409,0.948355,66.470777,mixed,next-tick,true,"{""base_notional"": 10.0, ""edge_threshold"": 0.06, ""force_flatten_seconds"": 60.0, ""max_atr_slope"": 1.5, ""max_net_ratio"": 0.25, ""max_wickiness"": 0.75, ""min_seconds_to_close"": 30.0, ""min_volatility"": 1.0, ""probability_model"": ""bayesian_markov""}",/home/matt/workspace/kalshi-btc-15m-bot/runs/strategy_probability_mm_v0/kalshi-prob-mm-opt-20260520T062931Z-validation-004
strategy_probability_mm_v0,kalshi-prob-mm-opt-20260520T063335Z-validation-004,kalshi,kalshi-btc-1s,/home/matt/workspace/kalshi-btc-15m-bot/feed/kalshi-btc-1s.sqlite3,143,1321.465152,110.016013,298.206269,-188.190256,298.149528,90.909091,1.214409,0.948355,66.470777,mixed,next-tick,true,"{""base_notional"": 10.0, ""edge_threshold"": 0.06, ""force_flatten_seconds"": 60.0, ""max_atr_slope"": 1.5, ""max_net_ratio"": 0.25, ""max_wickiness"": 0.75, ""min_seconds_to_close"": 30.0, ""min_volatility"": 1.0, ""probability_model"": ""bayesian_markov""}",/home/matt/workspace/kalshi-btc-15m-bot/runs/strategy_probability_mm_v0/kalshi-prob-mm-opt-20260520T063335Z-validation-004
strategy_probability_mm_v0,kalshi-prob-mm-opt-20260520T063847Z-validation-004,kalshi,kalshi-btc-1s,/home/matt/workspace/kalshi-btc-15m-bot/feed/kalshi-btc-1s.sqlite3,143,1321.465152,110.016013,298.206269,-188.190256,298.149528,90.909091,1.214409,0.948355,66.470777,mixed,next-tick,true,"{""base_notional"": 10.0, ""edge_threshold"": 0.06, ""force_flatten_seconds"": 60.0, ""max_atr_slope"": 1.5, ""max_net_ratio"": 0.25, ""max_wickiness"": 0.75, ""min_seconds_to_close"": 30.0, ""min_volatility"": 1.0, ""probability_model"": ""bayesian_markov""}",/home/matt/workspace/kalshi-btc-15m-bot/runs/strategy_probability_mm_v0/kalshi-prob-mm-opt-20260520T063847Z-validation-004
strategy_probability_mm_v0,kalshi-prob-mm-opt-20260520T071704Z-validation-004,kalshi,kalshi-btc-1s,/home/matt/workspace/kalshi-btc-15m-bot/feed/kalshi-btc-1s.sqlite3,143,1321.465152,110.016013,298.206269,-188.190256,298.149528,90.909091,1.214409,0.948355,66.470777,mixed,next-tick,true,"{""base_notional"": 10.0, ""edge_threshold"": 0.06, ""force_flatten_seconds"": 60.0, ""max_atr_slope"": 1.5, ""max_net_ratio"": 0.25, ""max_probability_mid_band"": 0.0, ""max_wickiness"": 0.75, ""min_abs_edge"": 0.0, ""min_probability_confidence"": 0.0, ""min_seconds_to_close"": 30.0, ""min_volatility"": 1.0, ""probability_model"": ""bayesian_markov""}",/home/matt/workspace/kalshi-btc-15m-bot/runs/strategy_probability_mm_v0/kalshi-prob-mm-opt-20260520T071704Z-validation-004
strategy_probability_mm_v0,kalshi-prob-mm-opt-20260520T071704Z-validation-022,kalshi,kalshi-btc-1s,/home/matt/workspace/kalshi-btc-15m-bot/feed/kalshi-btc-1s.sqlite3,143,1321.465152,110.016013,298.206269,-188.190256,298.149528,90.909091,1.214409,0.948355,66.470777,mixed,next-tick,true,"{""base_notional"": 10.0, ""edge_threshold"": 0.05, ""force_flatten_seconds"": 60.0, ""max_atr_slope"": 1.5, ""max_net_ratio"": 0.25, ""max_probability_mid_band"": 0.0, ""max_wickiness"": 0.75, ""min_abs_edge"": 0.06, ""min_probability_confidence"": 0.0, ""min_seconds_to_close"": 30.0, ""min_volatility"": 1.0, ""probability_model"": ""bayesian_markov""}",/home/matt/workspace/kalshi-btc-15m-bot/runs/strategy_probability_mm_v0/kalshi-prob-mm-opt-20260520T071704Z-validation-022
strategy_probability_mm_v0,kalshi-prob-mm-opt-20260520T021230Z-validation-024,kalshi,kalshi-btc-1s,/home/matt/workspace/kalshi-btc-15m-bot/feed/kalshi-btc-1s.sqlite3,102,1530.0,99.627822,276.417817,-176.789995,276.417817,50.0,1.130232,0.937779,83.333291,mixed,next-tick,true,"{""base_notional"": 15.0, ""edge_threshold"": 0.08, ""force_flatten_seconds"": 60.0, ""max_atr_slope"": 1.5, ""max_net_ratio"": 0.1, ""max_wickiness"": 0.6, ""min_seconds_to_close"": 120.0, ""min_volatility"": 2.0}",/home/matt/workspace/kalshi-btc-15m-bot/runs/strategy_probability_mm_v0/kalshi-prob-mm-opt-20260520T021230Z-validation-024
strategy_probability_mm_v0,kalshi-prob-mm-opt-20260520T063847Z-validation-012,kalshi,kalshi-btc-1s,/home/matt/workspace/kalshi-btc-15m-bot/feed/kalshi-btc-1s.sqlite3,175,1631.321927,98.703242,234.25648,-135.553238,234.138289,50.0,1.175356,0.828583,85.774626,mixed,next-tick,true,"{""base_notional"": 10.0, ""edge_threshold"": 0.05, ""force_flatten_seconds"": 90.0, ""max_atr_slope"": 1.5, ""max_net_ratio"": 0.25, ""max_wickiness"": 0.75, ""min_seconds_to_close"": 30.0, ""min_volatility"": 1.0, ""probability_model"": ""bayesian_markov""}",/home/matt/workspace/kalshi-btc-15m-bot/runs/strategy_probability_mm_v0/kalshi-prob-mm-opt-20260520T063847Z-validation-012
strategy_probability_mm_v0,kalshi-prob-mm-opt-20260520T071704Z-validation-012,kalshi,kalshi-btc-1s,/home/matt/workspace/kalshi-btc-15m-bot/feed/kalshi-btc-1s.sqlite3,175,1631.321927,98.703242,234.25648,-135.553238,234.138289,50.0,1.175356,0.828583,85.774626,mixed,next-tick,true,"{""base_notional"": 10.0, ""edge_threshold"": 0.05, ""force_flatten_seconds"": 90.0, ""max_atr_slope"": 1.5, ""max_net_ratio"": 0.25, ""max_probability_mid_band"": 0.0, ""max_wickiness"": 0.75, ""min_abs_edge"": 0.0, ""min_probability_confidence"": 0.0, ""min_seconds_to_close"": 30.0, ""min_volatility"": 1.0, ""probability_model"": ""bayesian_markov""}",/home/matt/workspace/kalshi-btc-15m-bot/runs/strategy_probability_mm_v0/kalshi-prob-mm-opt-20260520T071704Z-validation-012
strategy_probability_mm_v0,kalshi-prob-mm-opt-20260520T062931Z-validation-002,kalshi,kalshi-btc-1s,/home/matt/workspace/kalshi-btc-15m-bot/feed/kalshi-btc-1s.sqlite3,135,1213.546386,98.55058,269.352062,-170.801482,268.791496,50.0,1.193833,1.015151,65.249619,mixed,next-tick,true,"{""base_notional"": 10.0, ""edge_threshold"": 0.045, ""force_flatten_seconds"": 60.0, ""max_atr_slope"": 1.5, ""max_net_ratio"": 0.25, ""max_wickiness"": 0.75, ""min_seconds_to_close"": 30.0, ""min_volatility"": 1.0, ""probability_model"": ""bayesian_markov""}",/home/matt/workspace/kalshi-btc-15m-bot/runs/strategy_probability_mm_v0/kalshi-prob-mm-opt-20260520T062931Z-validation-002
strategy_probability_mm_v0,kalshi-prob-mm-opt-20260520T063335Z-validation-002,kalshi,kalshi-btc-1s,/home/matt/workspace/kalshi-btc-15m-bot/feed/kalshi-btc-1s.sqlite3,135,1213.546386,98.55058,269.352062,-170.801482,268.791496,50.0,1.193833,1.015151,65.249619,mixed,next-tick,true,"{""base_notional"": 10.0, ""edge_threshold"": 0.045, ""force_flatten_seconds"": 60.0, ""max_atr_slope"": 1.5, ""max_net_ratio"": 0.25, ""max_wickiness"": 0.75, ""min_seconds_to_close"": 30.0, ""min_volatility"": 1.0, ""probability_model"": ""bayesian_markov""}",/home/matt/workspace/kalshi-btc-15m-bot/runs/strategy_probability_mm_v0/kalshi-prob-mm-opt-20260520T063335Z-validation-002
strategy_probability_mm_v0,kalshi-prob-mm-opt-20260520T063847Z-validation-002,kalshi,kalshi-btc-1s,/home/matt/workspace/kalshi-btc-15m-bot/feed/kalshi-btc-1s.sqlite3,135,1213.546386,98.55058,269.352062,-170.801482,268.791496,50.0,1.193833,1.015151,65.249619,mixed,next-tick,true,"{""base_notional"": 10.0, ""edge_threshold"": 0.045, ""force_flatten_seconds"": 60.0, ""max_atr_slope"": 1.5, ""max_net_ratio"": 0.25, ""max_wickiness"": 0.75, ""min_seconds_to_close"": 30.0, ""min_volatility"": 1.0, ""probability_model"": ""bayesian_markov""}",/home/matt/workspace/kalshi-btc-15m-bot/runs/strategy_probability_mm_v0/kalshi-prob-mm-opt-20260520T063847Z-validation-002
strategy_probability_mm_v0,kalshi-prob-mm-opt-20260520T071704Z-validation-002,kalshi,kalshi-btc-1s,/home/matt/workspace/kalshi-btc-15m-bot/feed/kalshi-btc-1s.sqlite3,135,1213.546386,98.55058,269.352062,-170.801482,268.791496,50.0,1.193833,1.015151,65.249619,mixed,next-tick,true,"{""base_notional"": 10.0, ""edge_threshold"": 0.045, ""force_flatten_seconds"": 60.0, ""max_atr_slope"": 1.5, ""max_net_ratio"": 0.25, ""max_probability_mid_band"": 0.0, ""max_wickiness"": 0.75, ""min_abs_edge"": 0.0, ""min_probability_confidence"": 0.0, ""min_seconds_to_close"": 30.0, ""min_volatility"": 1.0, ""probability_model"": ""bayesian_markov""}",/home/matt/workspace/kalshi-btc-15m-bot/runs/strategy_probability_mm_v0/kalshi-prob-mm-opt-20260520T071704Z-validation-002
strategy_probability_mm_v0,kalshi-prob-mm-opt-20260520T062931Z-validation-007,kalshi,kalshi-btc-1s,/home/matt/workspace/kalshi-btc-15m-bot/feed/kalshi-btc-1s.sqlite3,150,1049.101618,97.319565,222.176964,-124.857399,224.532679,66.059113,1.245165,1.178152,55.857151,mixed,next-tick,true,"{""base_notional"": 7.5, ""edge_threshold"": 0.05, ""force_flatten_seconds"": 60.0, ""max_atr_slope"": 1.5, ""max_net_ratio"": 0.25, ""max_wickiness"": 0.75, ""min_seconds_to_close"": 30.0, ""min_volatility"": 1.0, ""probability_model"": ""bayesian_markov""}",/home/matt/workspace/kalshi-btc-15m-bot/runs/strategy_probability_mm_v0/kalshi-prob-mm-opt-20260520T062931Z-validation-007
strategy_probability_mm_v0,kalshi-prob-mm-opt-20260520T063335Z-validation-007,kalshi,kalshi-btc-1s,/home/matt/workspace/kalshi-btc-15m-bot/feed/kalshi-btc-1s.sqlite3,150,1049.101618,97.319565,222.176964,-124.857399,224.532679,66.059113,1.245165,1.178152,55.857151,mixed,next-tick,true,"{""base_notional"": 7.5, ""edge_threshold"": 0.05, ""force_flatten_seconds"": 60.0, ""max_atr_slope"": 1.5, ""max_net_ratio"": 0.25, ""max_wickiness"": 0.75, ""min_seconds_to_close"": 30.0, ""min_volatility"": 1.0, ""probability_model"": ""bayesian_markov""}",/home/matt/workspace/kalshi-btc-15m-bot/runs/strategy_probability_mm_v0/kalshi-prob-mm-opt-20260520T063335Z-validation-007
strategy_probability_mm_v0,kalshi-prob-mm-opt-20260520T063847Z-validation-007,kalshi,kalshi-btc-1s,/home/matt/workspace/kalshi-btc-15m-bot/feed/kalshi-btc-1s.sqlite3,150,1049.101618,97.319565,222.176964,-124.857399,224.532679,66.059113,1.245165,1.178152,55.857151,mixed,next-tick,true,"{""base_notional"": 7.5, ""edge_threshold"": 0.05, ""force_flatten_seconds"": 60.0, ""max_atr_slope"": 1.5, ""max_net_ratio"": 0.25, ""max_wickiness"": 0.75, ""min_seconds_to_close"": 30.0, ""min_volatility"": 1.0, ""probability_model"": ""bayesian_markov""}",/home/matt/workspace/kalshi-btc-15m-bot/runs/strategy_probability_mm_v0/kalshi-prob-mm-opt-20260520T063847Z-validation-007
strategy_probability_mm_v0,kalshi-prob-mm-opt-20260520T071704Z-validation-007,kalshi,kalshi-btc-1s,/home/matt/workspace/kalshi-btc-15m-bot/feed/kalshi-btc-1s.sqlite3,150,1049.101618,97.319565,222.176964,-124.857399,224.532679,66.059113,1.245165,1.178152,55.857151,mixed,next-tick,true,"{""base_notional"": 7.5, ""edge_threshold"": 0.05, ""force_flatten_seconds"": 60.0, ""max_atr_slope"": 1.5, ""max_net_ratio"": 0.25, ""max_probability_mid_band"": 0.0, ""max_wickiness"": 0.75, ""min_abs_edge"": 0.0, ""min_probability_confidence"": 0.0, ""min_seconds_to_close"": 30.0, ""min_volatility"": 1.0, ""probability_model"": ""bayesian_markov""}",/home/matt/workspace/kalshi-btc-15m-bot/runs/strategy_probability_mm_v0/kalshi-prob-mm-opt-20260520T071704Z-validation-007
spread_aware_momentum,all-strategies-nexttick-spread_aware_momentum-1778995478,kalshi,kalshi-btc-1s,feed/kalshi-btc-1s.sqlite3,903,22575.0,97.110134,0,0,-147.814013,33516.159949,1.008992,0.068701,4659.724645,mixed,next-tick,true,{},runs/spread_aware_momentum/all-strategies-nexttick-spread_aware_momentum-1778995478
seed_cheap_accumulate_repair_v1,seed200_r540_net0.25-20260518T062106Z,kalshi,kalshi-btc-1s,feed/kalshi-btc-1s.sqlite3,824,12041.858896,96.351628,244.39766,-148.046032,282.672013,84.315399,1.018641,0.111645,141.141576,mixed,next-tick,true,"{""cheap_price"": 0.15, ""max_net_ratio"": 0.25, ""max_total_cost"": 200, ""min_order_contracts"": 5, ""min_seconds_between_orders"": 5, ""normal_spend"": 1, ""repair_start_seconds"": 540, ""seed_hedge_spend"": 10, ""seed_primary_spend"": 30, ""very_cheap_price"": 0.08, ""very_cheap_spend"": 2}",runs/seed_cheap_accumulate_repair_v1/seed200_r540_net0.25-20260518T062106Z
seed_cheap_accumulate_repair_v1,tune_80_26p666667_r330_net0.35-20260518T064536Z,kalshi,kalshi-btc-1s,feed/kalshi-btc-1s.sqlite3,1297,29131.716709,92.428904,1817.430806,-1725.001902,2462.484721,273.071011,1.007065,0.033091,549.479781,mixed,next-tick,true,"{""cheap_price"": 0.15, ""max_net_ratio"": 0.35, ""max_total_cost"": 200, ""min_order_contracts"": 5, ""min_seconds_between_orders"": 5, ""normal_spend"": 1, ""one_fill_per_price_level"": true, ""repair_start_seconds"": 330, ""seed_hedge_spend"": 26.666667, ""seed_primary_spend"": 80, ""very_cheap_price"": 0.08, ""very_cheap_spend"": 2}",runs/seed_cheap_accumulate_repair_v1/tune_80_26p666667_r330_net0.35-20260518T064536Z
spread_aware_momentum,bankroll200-allstats-spread_aware_momentum-1778996866,kalshi,kalshi-btc-1s,feed/kalshi-btc-1s.sqlite3,39,195.0,92.295325,0,0,0,105.204873,2.419928,6.950329,65.0,kalshi_api,next-tick,true,{},runs/spread_aware_momentum/bankroll200-allstats-spread_aware_momentum-1778996866
spread_aware_momentum,bankroll200-smoke-spread,kalshi,kalshi-btc-1s,feed/kalshi-btc-1s.sqlite3,39,195.0,92.295325,0,0,0,105.204873,2.419928,6.950329,65.0,kalshi_api,next-tick,true,{},runs/spread_aware_momentum/bankroll200-smoke-spread
seed_cheap_accumulate_repair_v1,C_seed_240-20260518T055835Z,kalshi,kalshi-btc-1s,feed/kalshi-btc-1s.sqlite3,1794,9951.396087,83.204259,1141.07815,-1057.873891,1842.811951,607.658946,1.016046,0.069022,289.327207,mixed,next-tick,true,"{""cheap_price"": 0.15, ""max_total_cost"": 50, ""min_seconds_between_orders"": 5, ""normal_spend"": 1, ""repair_start_seconds"": 240, ""seed_hedge_spend"": 10, ""seed_primary_spend"": 30, ""very_cheap_price"": 0.08, ""very_cheap_spend"": 2}",runs/seed_cheap_accumulate_repair_v1/C_seed_240-20260518T055835Z
strategy_probability_mm_v0,kalshi-prob-mm-opt-20260520T060741Z-validation-004,kalshi,kalshi-btc-1s,/home/matt/workspace/kalshi-btc-15m-bot/feed/kalshi-btc-1s.sqlite3,148,1344.346242,81.571031,255.445169,-173.874138,255.465337,43.478261,1.153185,0.818641,72.520143,mixed,next-tick,true,"{""base_notional"": 10.0, ""edge_threshold"": 0.04, ""force_flatten_seconds"": 60.0, ""max_atr_slope"": 1.5, ""max_net_ratio"": 0.25, ""max_wickiness"": 0.75, ""min_seconds_to_close"": 30.0, ""min_volatility"": 1.0, ""probability_model"": ""bayesian_markov""}",/home/matt/workspace/kalshi-btc-15m-bot/runs/strategy_probability_mm_v0/kalshi-prob-mm-opt-20260520T060741Z-validation-004
strategy_probability_mm_v0,kalshi-prob-mm-opt-20260520T061323Z-validation-004,kalshi,kalshi-btc-1s,/home/matt/workspace/kalshi-btc-15m-bot/feed/kalshi-btc-1s.sqlite3,148,1344.346242,81.571031,255.445169,-173.874138,255.465337,43.478261,1.153185,0.818641,72.520143,mixed,next-tick,true,"{""base_notional"": 10.0, ""edge_threshold"": 0.04, ""force_flatten_seconds"": 60.0, ""max_atr_slope"": 1.5, ""max_net_ratio"": 0.25, ""max_wickiness"": 0.75, ""min_seconds_to_close"": 30.0, ""min_volatility"": 1.0, ""probability_model"": ""bayesian_markov""}",/home/matt/workspace/kalshi-btc-15m-bot/runs/strategy_probability_mm_v0/kalshi-prob-mm-opt-20260520T061323Z-validation-004
strategy_probability_mm_v0,kalshi-prob-mm-opt-20260520T061323Z-validation-014,kalshi,kalshi-btc-1s,/home/matt/workspace/kalshi-btc-15m-bot/feed/kalshi-btc-1s.sqlite3,95,950.0,76.916407,234.657081,-157.740674,232.261933,37.621202,1.150816,1.027001,70.0,mixed,next-tick,true,"{""base_notional"": 10.0, ""edge_threshold"": 0.03, ""force_flatten_seconds"": 60.0, ""max_atr_slope"": 1.5, ""max_net_ratio"": 0.25, ""max_wickiness"": 0.75, ""min_seconds_to_close"": 120.0, ""min_volatility"": 1.0, ""probability_model"": ""bayesian_markov""}",/home/matt/workspace/kalshi-btc-15m-bot/runs/strategy_probability_mm_v0/kalshi-prob-mm-opt-20260520T061323Z-validation-014
spread_aware_momentum,all-strategies-smallcap-spread_aware_momentum-1778995976,kalshi,kalshi-btc-1s,feed/kalshi-btc-1s.sqlite3,437,2185.0,73.519235,0,0,-8.784647,142.455483,1.075404,0.56258,284.775858,mixed,next-tick,true,{},runs/spread_aware_momentum/all-strategies-smallcap-spread_aware_momentum-1778995976
strategy_probability_mm_v0,kalshi-prob-mm-opt-20260520T061323Z-validation-008,kalshi,kalshi-btc-1s,/home/matt/workspace/kalshi-btc-15m-bot/feed/kalshi-btc-1s.sqlite3,157,2136.166889,72.238076,284.554073,-212.315996,281.620727,56.431803,1.086687,0.500092,91.125319,mixed,next-tick,true,"{""base_notional"": 15.0, ""edge_threshold"": 0.03, ""force_flatten_seconds"": 60.0, ""max_atr_slope"": 1.5, ""max_net_ratio"": 0.25, ""max_wickiness"": 0.75, ""min_seconds_to_close"": 30.0, ""min_volatility"": 1.0, ""probability_model"": ""bayesian_markov""}",/home/matt/workspace/kalshi-btc-15m-bot/runs/strategy_probability_mm_v0/kalshi-prob-mm-opt-20260520T061323Z-validation-008
simple_directional,bankroll200-allstats-simple_directional-1778996866,kalshi,kalshi-btc-1s,feed/kalshi-btc-1s.sqlite3,39,195.0,70.811409,0,0,0,109.625474,2.573587,6.466829,45.0,kalshi_api,next-tick,true,{},runs/simple_directional/bankroll200-allstats-simple_directional-1778996866
strategy_probability_mm_v0,kalshi-prob-mm-opt-20260520T021230Z-validation-021,kalshi,kalshi-btc-1s,/home/matt/workspace/kalshi-btc-15m-bot/feed/kalshi-btc-1s.sqlite3,110,1650.0,70.059105,175.60188,-105.542775,175.60188,50.0,1.089819,0.667841,58.111472,mixed,next-tick,true,"{""base_notional"": 15.0, ""edge_threshold"": 0.03, ""force_flatten_seconds"": 60.0, ""max_atr_slope"": 1.5, ""max_net_ratio"": 0.1, ""max_wickiness"": 0.6, ""min_seconds_to_close"": 120.0, ""min_volatility"": 2.0}",/home/matt/workspace/kalshi-btc-15m-bot/runs/strategy_probability_mm_v0/kalshi-prob-mm-opt-20260520T021230Z-validation-021
strategy_probability_mm_v0,kalshi-prob-mm-opt-20260520T061323Z-validation-021,kalshi,kalshi-btc-1s,/home/matt/workspace/kalshi-btc-15m-bot/feed/kalshi-btc-1s.sqlite3,110,1650.0,70.059105,175.60188,-105.542775,175.60188,50.0,1.089819,0.667841,58.111472,mixed,next-tick,true,"{""base_notional"": 15.0, ""edge_threshold"": 0.03, ""force_flatten_seconds"": 60.0, ""max_atr_slope"": 1.5, ""max_net_ratio"": 0.1, ""max_wickiness"": 0.6, ""min_seconds_to_close"": 120.0, ""min_volatility"": 2.0, ""probability_model"": ""brownian""}",/home/matt/workspace/kalshi-btc-15m-bot/runs/strategy_probability_mm_v0/kalshi-prob-mm-opt-20260520T061323Z-validation-021
seed_cheap_accumulate_repair_v1,seed200_r300_net0.25-20260518T061407Z,kalshi,kalshi-btc-1s,feed/kalshi-btc-1s.sqlite3,1098,11347.088497,68.758765,801.100398,-732.341633,1000.67961,84.315399,1.013437,0.070115,175.649539,mixed,next-tick,true,"{""cheap_price"": 0.15, ""max_net_ratio"": 0.25, ""max_total_cost"": 200, ""min_order_contracts"": 5, ""min_seconds_between_orders"": 5, ""normal_spend"": 1, ""repair_start_seconds"": 300, ""seed_hedge_spend"": 10, ""seed_primary_spend"": 30, ""very_cheap_price"": 0.08, ""very_cheap_spend"": 2}",runs/seed_cheap_accumulate_repair_v1/seed200_r300_net0.25-20260518T061407Z
seed_cheap_accumulate_repair_v2,venue-strategy-matrix-20260520T003002Z-polymarket-seed_cheap_accumulate_repair_v2,polymarket,polymarket-btc-1s,/home/matt/workspace/kalshi-btc-15m-bot/feed/polymarket-btc-1s.sqlite3,103,1595.050592,66.902604,126.673061,-59.770457,127.963734,61.22449,1.085158,0.561543,58.516101,replay_final_snapshot,next-tick,true,{},/home/matt/workspace/kalshi-btc-15m-bot/runs/seed_cheap_accumulate_repair_v2/venue-strategy-matrix-20260520T003002Z-polymarket-seed_cheap_accumulate_repair_v2
strategy_probability_mm_v0,venue-strategy-matrix-20260520T005455Z-kalshi-strategy_probability_mm_v0,kalshi,kalshi-btc-1s,/home/matt/workspace/kalshi-btc-15m-bot/feed/kalshi-btc-1s.sqlite3,1574,15011.348477,65.374723,588.364564,-522.989841,591.46283,79.364039,1.009777,0.064869,261.91986,mixed,next-tick,true,{},/home/matt/workspace/kalshi-btc-15m-bot/runs/strategy_probability_mm_v0/venue-strategy-matrix-20260520T005455Z-kalshi-strategy_probability_mm_v0
strategy_probability_mm_v0,kalshi-prob-mm-opt-20260520T061323Z-validation-009,kalshi,kalshi-btc-1s,/home/matt/workspace/kalshi-btc-15m-bot/feed/kalshi-btc-1s.sqlite3,132,1194.393183,64.989555,177.447595,-112.45804,177.182383,33.333333,1.13332,0.783577,60.990819,mixed,next-tick,true,"{""base_notional"": 10.0, ""edge_threshold"": 0.03, ""force_flatten_seconds"": 60.0, ""max_atr_slope"": 1.5, ""max_net_ratio"": 0.1, ""max_wickiness"": 0.75, ""min_seconds_to_close"": 30.0, ""min_volatility"": 1.0, ""probability_model"": ""bayesian_markov""}",/home/matt/workspace/kalshi-btc-15m-bot/runs/strategy_probability_mm_v0/kalshi-prob-mm-opt-20260520T061323Z-validation-009
strategy_probability_mm_v0,kalshi-prob-mm-opt-20260520T062931Z-validation-006,kalshi,kalshi-btc-1s,/home/matt/workspace/kalshi-btc-15m-bot/feed/kalshi-btc-1s.sqlite3,148,697.862929,64.87201,148.488973,-83.616962,150.05945,44.039409,1.245136,1.187526,37.238877,mixed,next-tick,true,"{""base_notional"": 5.0, ""edge_threshold"": 0.05, ""force_flatten_seconds"": 60.0, ""max_atr_slope"": 1.5, ""max_net_ratio"": 0.25, ""max_wickiness"": 0.75, ""min_seconds_to_close"": 30.0, ""min_volatility"": 1.0, ""probability_model"": ""bayesian_markov""}",/home/matt/workspace/kalshi-btc-15m-bot/runs/strategy_probability_mm_v0/kalshi-prob-mm-opt-20260520T062931Z-validation-006
strategy_probability_mm_v0,kalshi-prob-mm-opt-20260520T063335Z-validation-006,kalshi,kalshi-btc-1s,/home/matt/workspace/kalshi-btc-15m-bot/feed/kalshi-btc-1s.sqlite3,148,697.862929,64.87201,148.488973,-83.616962,150.05945,44.039409,1.245136,1.187526,37.238877,mixed,next-tick,true,"{""base_notional"": 5.0, ""edge_threshold"": 0.05, ""force_flatten_seconds"": 60.0, ""max_atr_slope"": 1.5, ""max_net_ratio"": 0.25, ""max_wickiness"": 0.75, ""min_seconds_to_close"": 30.0, ""min_volatility"": 1.0, ""probability_model"": ""bayesian_markov""}",/home/matt/workspace/kalshi-btc-15m-bot/runs/strategy_probability_mm_v0/kalshi-prob-mm-opt-20260520T063335Z-validation-006
strategy_probability_mm_v0,kalshi-prob-mm-opt-20260520T063847Z-validation-006,kalshi,kalshi-btc-1s,/home/matt/workspace/kalshi-btc-15m-bot/feed/kalshi-btc-1s.sqlite3,148,697.862929,64.87201,148.488973,-83.616962,150.05945,44.039409,1.245136,1.187526,37.238877,mixed,next-tick,true,"{""base_notional"": 5.0, ""edge_threshold"": 0.05, ""force_flatten_seconds"": 60.0, ""max_atr_slope"": 1.5, ""max_net_ratio"": 0.25, ""max_wickiness"": 0.75, ""min_seconds_to_close"": 30.0, ""min_volatility"": 1.0, ""probability_model"": ""bayesian_markov""}",/home/matt/workspace/kalshi-btc-15m-bot/runs/strategy_probability_mm_v0/kalshi-prob-mm-opt-20260520T063847Z-validation-006
strategy_probability_mm_v0,kalshi-prob-mm-opt-20260520T071704Z-validation-006,kalshi,kalshi-btc-1s,/home/matt/workspace/kalshi-btc-15m-bot/feed/kalshi-btc-1s.sqlite3,148,697.862929,64.87201,148.488973,-83.616962,150.05945,44.039409,1.245136,1.187526,37.238877,mixed,next-tick,true,"{""base_notional"": 5.0, ""edge_threshold"": 0.05, ""force_flatten_seconds"": 60.0, ""max_atr_slope"": 1.5, ""max_net_ratio"": 0.25, ""max_probability_mid_band"": 0.0, ""max_wickiness"": 0.75, ""min_abs_edge"": 0.0, ""min_probability_confidence"": 0.0, ""min_seconds_to_close"": 30.0, ""min_volatility"": 1.0, ""probability_model"": ""bayesian_markov""}",/home/matt/workspace/kalshi-btc-15m-bot/runs/strategy_probability_mm_v0/kalshi-prob-mm-opt-20260520T071704Z-validation-006
strategy_probability_mm_v0,kalshi-prob-mm-opt-20260520T012050Z-validation-004,kalshi,kalshi-btc-1s,/home/matt/workspace/kalshi-btc-15m-bot/feed/kalshi-btc-1s.sqlite3,147,1345.018595,64.454555,118.99969,-54.545135,118.953498,33.333333,1.11374,0.753044,41.868634,mixed,next-tick,true,"{""base_notional"": 10.0, ""edge_threshold"": 0.05, ""force_flatten_seconds"": 60.0, ""max_atr_slope"": 1.5, ""max_net_ratio"": 0.25, ""max_wickiness"": 0.75, ""min_seconds_to_close"": 30.0, ""min_volatility"": 1.0}",/home/matt/workspace/kalshi-btc-15m-bot/runs/strategy_probability_mm_v0/kalshi-prob-mm-opt-20260520T012050Z-validation-004
strategy_probability_mm_v0,kalshi-prob-mm-opt-20260520T012701Z-validation-004,kalshi,kalshi-btc-1s,/home/matt/workspace/kalshi-btc-15m-bot/feed/kalshi-btc-1s.sqlite3,147,1345.018595,64.454555,118.99969,-54.545135,118.953498,33.333333,1.11374,0.753044,41.868634,mixed,next-tick,true,"{""base_notional"": 10.0, ""edge_threshold"": 0.05, ""force_flatten_seconds"": 60.0, ""max_atr_slope"": 1.5, ""max_net_ratio"": 0.25, ""max_wickiness"": 0.75, ""min_seconds_to_close"": 30.0, ""min_volatility"": 1.0}",/home/matt/workspace/kalshi-btc-15m-bot/runs/strategy_probability_mm_v0/kalshi-prob-mm-opt-20260520T012701Z-validation-004
strategy_probability_mm_v0,kalshi-prob-mm-opt-20260520T013309Z-validation-004,kalshi,kalshi-btc-1s,/home/matt/workspace/kalshi-btc-15m-bot/feed/kalshi-btc-1s.sqlite3,147,1345.018595,64.454555,118.99969,-54.545135,118.953498,33.333333,1.11374,0.753044,41.868634,mixed,next-tick,true,"{""base_notional"": 10.0, ""edge_threshold"": 0.05, ""force_flatten_seconds"": 60.0, ""max_atr_slope"": 1.5, ""max_net_ratio"": 0.25, ""max_wickiness"": 0.75, ""min_seconds_to_close"": 30.0, ""min_volatility"": 1.0}",/home/matt/workspace/kalshi-btc-15m-bot/runs/strategy_probability_mm_v0/kalshi-prob-mm-opt-20260520T013309Z-validation-004
strategy_probability_mm_v0,kalshi-prob-mm-opt-20260520T014359Z-validation-004,kalshi,kalshi-btc-1s,/home/matt/workspace/kalshi-btc-15m-bot/feed/kalshi-btc-1s.sqlite3,147,1345.018595,64.454555,118.99969,-54.545135,118.953498,33.333333,1.11374,0.753044,41.868634,mixed,next-tick,true,"{""base_notional"": 10.0, ""edge_threshold"": 0.05, ""force_flatten_seconds"": 60.0, ""max_atr_slope"": 1.5, ""max_net_ratio"": 0.25, ""max_wickiness"": 0.75, ""min_seconds_to_close"": 30.0, ""min_volatility"": 1.0}",/home/matt/workspace/kalshi-btc-15m-bot/runs/strategy_probability_mm_v0/kalshi-prob-mm-opt-20260520T014359Z-validation-004
strategy_probability_mm_v0,kalshi-prob-mm-opt-20260520T020138Z-validation-004,kalshi,kalshi-btc-1s,/home/matt/workspace/kalshi-btc-15m-bot/feed/kalshi-btc-1s.sqlite3,147,1345.018595,64.454555,118.99969,-54.545135,118.953498,33.333333,1.11374,0.753044,41.868634,mixed,next-tick,true,"{""base_notional"": 10.0, ""edge_threshold"": 0.05, ""force_flatten_seconds"": 60.0, ""max_atr_slope"": 1.5, ""max_net_ratio"": 0.25, ""max_wickiness"": 0.75, ""min_seconds_to_close"": 30.0, ""min_volatility"": 1.0}",/home/matt/workspace/kalshi-btc-15m-bot/runs/strategy_probability_mm_v0/kalshi-prob-mm-opt-20260520T020138Z-validation-004
strategy_probability_mm_v0,kalshi-prob-mm-opt-20260520T021230Z-validation-004,kalshi,kalshi-btc-1s,/home/matt/workspace/kalshi-btc-15m-bot/feed/kalshi-btc-1s.sqlite3,147,1345.018595,64.454555,118.99969,-54.545135,118.953498,33.333333,1.11374,0.753044,41.868634,mixed,next-tick,true,"{""base_notional"": 10.0, ""edge_threshold"": 0.05, ""force_flatten_seconds"": 60.0, ""max_atr_slope"": 1.5, ""max_net_ratio"": 0.25, ""max_wickiness"": 0.75, ""min_seconds_to_close"": 30.0, ""min_volatility"": 1.0}",/home/matt/workspace/kalshi-btc-15m-bot/runs/strategy_probability_mm_v0/kalshi-prob-mm-opt-20260520T021230Z-validation-004
cheap_accumulate_repair_v0,B_no_seed_480-20260518T055800Z,kalshi,kalshi-btc-1s,feed/kalshi-btc-1s.sqlite3,1314,2983.927688,56.072069,172.050894,-115.978826,178.167659,1103.161451,1.0341,0.131711,461.736366,kalshi_api,next-tick,true,"{""cheap_price"": 0.15, ""max_total_cost"": 50, ""min_seconds_between_orders"": 5, ""normal_spend"": 1, ""repair_start_seconds"": 480, ""very_cheap_price"": 0.08, ""very_cheap_spend"": 2}",runs/cheap_accumulate_repair_v0/B_no_seed_480-20260518T055800Z
cheap_accumulate_repair_v0,cheap-sweep-repair8m-20260518T053851Z,kalshi,kalshi-btc-1s,feed/kalshi-btc-1s.sqlite3,1314,2983.927688,56.072069,172.050894,-115.978826,178.167659,1103.161451,1.0341,0.131711,461.736366,kalshi_api,next-tick,true,"{""cheap_price"": 0.15, ""direct_pair_spend"": 20, ""max_total_cost"": 50, ""min_seconds_between_orders"": 5, ""normal_spend"": 1, ""repair_start_seconds"": 480, ""very_cheap_price"": 0.08, ""very_cheap_spend"": 2}",runs/cheap_accumulate_repair_v0/cheap-sweep-repair8m-20260518T053851Z
cheap_accumulate_repair_v0,cheap-sweep-repair8m_pair5-20260518T053925Z,kalshi,kalshi-btc-1s,feed/kalshi-btc-1s.sqlite3,1314,2983.927688,56.072069,172.050894,-115.978826,178.167659,1103.161451,1.0341,0.131711,461.736366,kalshi_api,next-tick,true,"{""cheap_price"": 0.15, ""direct_pair_spend"": 5, ""max_total_cost"": 50, ""min_seconds_between_orders"": 5, ""normal_spend"": 1, ""repair_start_seconds"": 480, ""very_cheap_price"": 0.08, ""very_cheap_spend"": 2}",runs/cheap_accumulate_repair_v0/cheap-sweep-repair8m_pair5-20260518T053925Z
strategy_probability_mm_v0,kalshi-prob-mm-opt-20260520T061323Z-validation-013,kalshi,kalshi-btc-1s,/home/matt/workspace/kalshi-btc-15m-bot/feed/kalshi-btc-1s.sqlite3,115,1107.131127,55.830736,240.230745,-184.400009,246.268727,73.409794,1.103108,0.674391,63.66803,mixed,next-tick,true,"{""base_notional"": 10.0, ""edge_threshold"": 0.03, ""force_flatten_seconds"": 60.0, ""max_atr_slope"": 1.5, ""max_net_ratio"": 0.25, ""max_wickiness"": 0.75, ""min_seconds_to_close"": 60.0, ""min_volatility"": 1.0, ""probability_model"": ""bayesian_markov""}",/home/matt/workspace/kalshi-btc-15m-bot/runs/strategy_probability_mm_v0/kalshi-prob-mm-opt-20260520T061323Z-validation-013
strategy_probability_mm_v0,kalshi-prob-mm-opt-20260520T013309Z-validation-005,kalshi,kalshi-btc-1s,/home/matt/workspace/kalshi-btc-15m-bot/feed/kalshi-btc-1s.sqlite3,144,1324.119216,55.098237,138.290618,-83.192381,135.802489,33.333333,1.09911,0.646445,42.775069,mixed,next-tick,true,"{""base_notional"": 10.0, ""edge_threshold"": 0.08, ""force_flatten_seconds"": 60.0, ""max_atr_slope"": 1.5, ""max_net_ratio"": 0.25, ""max_wickiness"": 0.75, ""min_seconds_to_close"": 30.0, ""min_volatility"": 1.0}",/home/matt/workspace/kalshi-btc-15m-bot/runs/strategy_probability_mm_v0/kalshi-prob-mm-opt-20260520T013309Z-validation-005
strategy_probability_mm_v0,kalshi-prob-mm-opt-20260520T014359Z-validation-005,kalshi,kalshi-btc-1s,/home/matt/workspace/kalshi-btc-15m-bot/feed/kalshi-btc-1s.sqlite3,144,1324.119216,55.098237,138.290618,-83.192381,135.802489,33.333333,1.09911,0.646445,42.775069,mixed,next-tick,true,"{""base_notional"": 10.0, ""edge_threshold"": 0.08, ""force_flatten_seconds"": 60.0, ""max_atr_slope"": 1.5, ""max_net_ratio"": 0.25, ""max_wickiness"": 0.75, ""min_seconds_to_close"": 30.0, ""min_volatility"": 1.0}",/home/matt/workspace/kalshi-btc-15m-bot/runs/strategy_probability_mm_v0/kalshi-prob-mm-opt-20260520T014359Z-validation-005
strategy_probability_mm_v0,kalshi-prob-mm-opt-20260520T020138Z-validation-005,kalshi,kalshi-btc-1s,/home/matt/workspace/kalshi-btc-15m-bot/feed/kalshi-btc-1s.sqlite3,144,1324.119216,55.098237,138.290618,-83.192381,135.802489,33.333333,1.09911,0.646445,42.775069,mixed,next-tick,true,"{""base_notional"": 10.0, ""edge_threshold"": 0.08, ""force_flatten_seconds"": 60.0, ""max_atr_slope"": 1.5, ""max_net_ratio"": 0.25, ""max_wickiness"": 0.75, ""min_seconds_to_close"": 30.0, ""min_volatility"": 1.0}",/home/matt/workspace/kalshi-btc-15m-bot/runs/strategy_probability_mm_v0/kalshi-prob-mm-opt-20260520T020138Z-validation-005
strategy_probability_mm_v0,kalshi-prob-mm-opt-20260520T021230Z-validation-005,kalshi,kalshi-btc-1s,/home/matt/workspace/kalshi-btc-15m-bot/feed/kalshi-btc-1s.sqlite3,144,1324.119216,55.098237,138.290618,-83.192381,135.802489,33.333333,1.09911,0.646445,42.775069,mixed,next-tick,true,"{""base_notional"": 10.0, ""edge_threshold"": 0.08, ""force_flatten_seconds"": 60.0, ""max_atr_slope"": 1.5, ""max_net_ratio"": 0.25, ""max_wickiness"": 0.75, ""min_seconds_to_close"": 30.0, ""min_volatility"": 1.0}",/home/matt/workspace/kalshi-btc-15m-bot/runs/strategy_probability_mm_v0/kalshi-prob-mm-opt-20260520T021230Z-validation-005
seed_cheap_accumulate_repair_v1,tune_70_23p333333_r330_net0.35-20260518T064016Z,kalshi,kalshi-btc-1s,feed/kalshi-btc-1s.sqlite3,1253,25769.821415,54.706317,1601.273866,-1546.567549,2163.811728,268.844423,1.004729,0.022582,474.644378,mixed,next-tick,true,"{""cheap_price"": 0.15, ""max_net_ratio"": 0.35, ""max_total_cost"": 200, ""min_order_contracts"": 5, ""min_seconds_between_orders"": 5, ""normal_spend"": 1, ""one_fill_per_price_level"": true, ""repair_start_seconds"": 330, ""seed_hedge_spend"": 23.333333, ""seed_primary_spend"": 70, ""very_cheap_price"": 0.08, ""very_cheap_spend"": 2}",runs/seed_cheap_accumulate_repair_v1/tune_70_23p333333_r330_net0.35-20260518T064016Z
strategy_probability_mm_v0,kalshi-prob-mm-opt-20260520T060741Z-validation-001,kalshi,kalshi-btc-1s,/home/matt/workspace/kalshi-btc-15m-bot/feed/kalshi-btc-1s.sqlite3,155,1422.876761,48.685217,188.87835,-140.193133,186.913911,37.621202,1.087742,0.50942,60.905531,mixed,next-tick,true,"{""base_notional"": 10.0, ""edge_threshold"": 0.03, ""force_flatten_seconds"": 60.0, ""max_atr_slope"": 1.5, ""max_net_ratio"": 0.25, ""max_wickiness"": 0.75, ""min_seconds_to_close"": 30.0, ""min_volatility"": 1.0, ""probability_model"": ""bayesian_markov""}",/home/matt/workspace/kalshi-btc-15m-bot/runs/strategy_probability_mm_v0/kalshi-prob-mm-opt-20260520T060741Z-validation-001
strategy_probability_mm_v0,kalshi-prob-mm-opt-20260520T061323Z-validation-001,kalshi,kalshi-btc-1s,/home/matt/workspace/kalshi-btc-15m-bot/feed/kalshi-btc-1s.sqlite3,155,1422.876761,48.685217,188.87835,-140.193133,186.913911,37.621202,1.087742,0.50942,60.905531,mixed,next-tick,true,"{""base_notional"": 10.0, ""edge_threshold"": 0.03, ""force_flatten_seconds"": 60.0, ""max_atr_slope"": 1.5, ""max_net_ratio"": 0.25, ""max_wickiness"": 0.75, ""min_seconds_to_close"": 30.0, ""min_volatility"": 1.0, ""probability_model"": ""bayesian_markov""}",/home/matt/workspace/kalshi-btc-15m-bot/runs/strategy_probability_mm_v0/kalshi-prob-mm-opt-20260520T061323Z-validation-001
strategy_probability_mm_v0,kalshi-prob-mm-opt-20260520T061323Z-validation-015,kalshi,kalshi-btc-1s,/home/matt/workspace/kalshi-btc-15m-bot/feed/kalshi-btc-1s.sqlite3,155,1422.876761,48.685217,188.87835,-140.193133,186.913911,37.621202,1.087742,0.50942,60.905531,mixed,next-tick,true,"{""base_notional"": 10.0, ""edge_threshold"": 0.03, ""force_flatten_seconds"": 60.0, ""max_atr_slope"": 1.5, ""max_net_ratio"": 0.25, ""max_wickiness"": 0.6, ""min_seconds_to_close"": 30.0, ""min_volatility"": 1.0, ""probability_model"": ""bayesian_markov""}",/home/matt/workspace/kalshi-btc-15m-bot/runs/strategy_probability_mm_v0/kalshi-prob-mm-opt-20260520T061323Z-validation-015
strategy_probability_mm_v0,kalshi-prob-mm-opt-20260520T061323Z-validation-016,kalshi,kalshi-btc-1s,/home/matt/workspace/kalshi-btc-15m-bot/feed/kalshi-btc-1s.sqlite3,155,1422.876761,48.685217,188.87835,-140.193133,186.913911,37.621202,1.087742,0.50942,60.905531,mixed,next-tick,true,"{""base_notional"": 10.0, ""edge_threshold"": 0.03, ""force_flatten_seconds"": 60.0, ""max_atr_slope"": 1.5, ""max_net_ratio"": 0.25, ""max_wickiness"": 0.9, ""min_seconds_to_close"": 30.0, ""min_volatility"": 1.0, ""probability_model"": ""bayesian_markov""}",/home/matt/workspace/kalshi-btc-15m-bot/runs/strategy_probability_mm_v0/kalshi-prob-mm-opt-20260520T061323Z-validation-016
strategy_probability_mm_v0,kalshi-prob-mm-opt-20260520T061323Z-validation-017,kalshi,kalshi-btc-1s,/home/matt/workspace/kalshi-btc-15m-bot/feed/kalshi-btc-1s.sqlite3,155,1422.876761,48.685217,188.87835,-140.193133,186.913911,37.621202,1.087742,0.50942,60.905531,mixed,next-tick,true,"{""base_notional"": 10.0, ""edge_threshold"": 0.03, ""force_flatten_seconds"": 60.0, ""max_atr_slope"": 0.75, ""max_net_ratio"": 0.25, ""max_wickiness"": 0.75, ""min_seconds_to_close"": 30.0, ""min_volatility"": 1.0, ""probability_model"": ""bayesian_markov""}",/home/matt/workspace/kalshi-btc-15m-bot/runs/strategy_probability_mm_v0/kalshi-prob-mm-opt-20260520T061323Z-validation-017
strategy_probability_mm_v0,kalshi-prob-mm-opt-20260520T061323Z-validation-018,kalshi,kalshi-btc-1s,/home/matt/workspace/kalshi-btc-15m-bot/feed/kalshi-btc-1s.sqlite3,155,1422.876761,48.685217,188.87835,-140.193133,186.913911,37.621202,1.087742,0.50942,60.905531,mixed,next-tick,true,"{""base_notional"": 10.0, ""edge_threshold"": 0.03, ""force_flatten_seconds"": 60.0, ""max_atr_slope"": 3.0, ""max_net_ratio"": 0.25, ""max_wickiness"": 0.75, ""min_seconds_to_close"": 30.0, ""min_volatility"": 1.0, ""probability_model"": ""bayesian_markov""}",/home/matt/workspace/kalshi-btc-15m-bot/runs/strategy_probability_mm_v0/kalshi-prob-mm-opt-20260520T061323Z-validation-018
strategy_probability_mm_v0,kalshi-prob-mm-opt-20260520T061323Z-validation-019,kalshi,kalshi-btc-1s,/home/matt/workspace/kalshi-btc-15m-bot/feed/kalshi-btc-1s.sqlite3,155,1422.876761,48.685217,188.87835,-140.193133,186.913911,37.621202,1.087742,0.50942,60.905531,mixed,next-tick,true,"{""base_notional"": 10.0, ""edge_threshold"": 0.03, ""force_flatten_seconds"": 60.0, ""max_atr_slope"": 1.5, ""max_net_ratio"": 0.25, ""max_wickiness"": 0.75, ""min_seconds_to_close"": 30.0, ""min_volatility"": 0.5, ""probability_model"": ""bayesian_markov""}",/home/matt/workspace/kalshi-btc-15m-bot/runs/strategy_probability_mm_v0/kalshi-prob-mm-opt-20260520T061323Z-validation-019
strategy_probability_mm_v0,kalshi-prob-mm-opt-20260520T061323Z-validation-020,kalshi,kalshi-btc-1s,/home/matt/workspace/kalshi-btc-15m-bot/feed/kalshi-btc-1s.sqlite3,155,1422.876761,48.685217,188.87835,-140.193133,186.913911,37.621202,1.087742,0.50942,60.905531,mixed,next-tick,true,"{""base_notional"": 10.0, ""edge_threshold"": 0.03, ""force_flatten_seconds"": 60.0, ""max_atr_slope"": 1.5, ""max_net_ratio"": 0.25, ""max_wickiness"": 0.75, ""min_seconds_to_close"": 30.0, ""min_volatility"": 2.0, ""probability_model"": ""bayesian_markov""}",/home/matt/workspace/kalshi-btc-15m-bot/runs/strategy_probability_mm_v0/kalshi-prob-mm-opt-20260520T061323Z-validation-020
strategy_probability_mm_v0,kalshi-prob-mm-opt-20260520T061323Z-validation-011,kalshi,kalshi-btc-1s,/home/matt/workspace/kalshi-btc-15m-bot/feed/kalshi-btc-1s.sqlite3,108,1070.129298,48.662705,267.24428,-218.581575,276.591547,83.419804,1.085373,0.584932,71.164883,mixed,next-tick,true,"{""base_notional"": 10.0, ""edge_threshold"": 0.03, ""force_flatten_seconds"": 30.0, ""max_atr_slope"": 1.5, ""max_net_ratio"": 0.25, ""max_wickiness"": 0.75, ""min_seconds_to_close"": 30.0, ""min_volatility"": 1.0, ""probability_model"": ""bayesian_markov""}",/home/matt/workspace/kalshi-btc-15m-bot/runs/strategy_probability_mm_v0/kalshi-prob-mm-opt-20260520T061323Z-validation-011
strategy_probability_mm_v0,kalshi-prob-mm-opt-20260520T061323Z-validation-012,kalshi,kalshi-btc-1s,/home/matt/workspace/kalshi-btc-15m-bot/feed/kalshi-btc-1s.sqlite3,195,1778.493752,44.021805,63.049344,-19.027538,62.284329,33.333333,1.075767,0.408621,60.53782,mixed,next-tick,true,"{""base_notional"": 10.0, ""edge_threshold"": 0.03, ""force_flatten_seconds"": 120.0, ""max_atr_slope"": 1.5, ""max_net_ratio"": 0.25, ""max_wickiness"": 0.75, ""min_seconds_to_close"": 30.0, ""min_volatility"": 1.0, ""probability_model"": ""bayesian_markov""}",/home/matt/workspace/kalshi-btc-15m-bot/runs/strategy_probability_mm_v0/kalshi-prob-mm-opt-20260520T061323Z-validation-012
strategy_probability_mm_v0,kalshi-prob-mm-opt-20260520T014359Z-validation-008,kalshi,kalshi-btc-1s,/home/matt/workspace/kalshi-btc-15m-bot/feed/kalshi-btc-1s.sqlite3,135,1218.287849,43.856067,99.700475,-55.844408,99.698561,33.333333,1.083501,0.575528,38.645813,mixed,next-tick,true,"{""base_notional"": 10.0, ""edge_threshold"": 0.03, ""force_flatten_seconds"": 60.0, ""max_atr_slope"": 1.5, ""max_net_ratio"": 0.1, ""max_wickiness"": 0.75, ""min_seconds_to_close"": 30.0, ""min_volatility"": 1.0}",/home/matt/workspace/kalshi-btc-15m-bot/runs/strategy_probability_mm_v0/kalshi-prob-mm-opt-20260520T014359Z-validation-008
strategy_probability_mm_v0,kalshi-prob-mm-opt-20260520T021230Z-validation-008,kalshi,kalshi-btc-1s,/home/matt/workspace/kalshi-btc-15m-bot/feed/kalshi-btc-1s.sqlite3,135,1218.287849,43.856067,99.700475,-55.844408,99.698561,33.333333,1.083501,0.575528,38.645813,mixed,next-tick,true,"{""base_notional"": 10.0, ""edge_threshold"": 0.03, ""force_flatten_seconds"": 60.0, ""max_atr_slope"": 1.5, ""max_net_ratio"": 0.1, ""max_wickiness"": 0.75, ""min_seconds_to_close"": 30.0, ""min_volatility"": 1.0}",/home/matt/workspace/kalshi-btc-15m-bot/runs/strategy_probability_mm_v0/kalshi-prob-mm-opt-20260520T021230Z-validation-008
seed_cheap_accumulate_repair_v1,polymarket-20260518-seed-repair-v1,polymarket,polymarket-btc-1s,feed/polymarket-btc-1s.sqlite3,5,139.283516,40.716484,40.716482,0.000002,40.716482,0.000003,1.826168,2.729951,49.283516,replay_final_snapshot,next-tick,false,"{""max_net_ratio"": 0.35, ""max_total_cost"": 200, ""min_order_contracts"": 5, ""repair_start_seconds"": 360, ""seed_hedge_spend"": 30, ""seed_primary_spend"": 90}",runs/seed_cheap_accumulate_repair_v1/polymarket-20260518-seed-repair-v1
late_window_only,bankroll200-allstats-late_window_only-1778996866,kalshi,kalshi-btc-1s,feed/kalshi-btc-1s.sqlite3,36,180.0,35.617594,0,0,0,1282.614671,1.44522,2.348969,45.0,kalshi_api,next-tick,true,{},runs/late_window_only/bankroll200-allstats-late_window_only-1778996866
seed_cheap_accumulate_repair_v1,tune_70_23p333333_r330_net0.40-20260518T064051Z,kalshi,kalshi-btc-1s,feed/kalshi-btc-1s.sqlite3,1317,25922.856792,34.443471,1613.21535,-1578.771879,2245.697191,295.720582,1.002946,0.013819,517.30869,mixed,next-tick,true,"{""cheap_price"": 0.15, ""max_net_ratio"": 0.4, ""max_total_cost"": 200, ""min_order_contracts"": 5, ""min_seconds_between_orders"": 5, ""normal_spend"": 1, ""one_fill_per_price_level"": true, ""repair_start_seconds"": 330, ""seed_hedge_spend"": 23.333333, ""seed_primary_spend"": 70, ""very_cheap_price"": 0.08, ""very_cheap_spend"": 2}",runs/seed_cheap_accumulate_repair_v1/tune_70_23p333333_r330_net0.40-20260518T064051Z
strategy_probability_mm_v0,kalshi-prob-mm-opt-20260520T060741Z-validation-003,kalshi,kalshi-btc-1s,/home/matt/workspace/kalshi-btc-15m-bot/feed/kalshi-btc-1s.sqlite3,165,1564.883171,33.474161,105.539514,-72.065354,106.85441,33.333333,1.053999,0.343019,109.541383,mixed,next-tick,true,"{""base_notional"": 10.0, ""edge_threshold"": 0.02, ""force_flatten_seconds"": 60.0, ""max_atr_slope"": 1.5, ""max_net_ratio"": 0.25, ""max_wickiness"": 0.75, ""min_seconds_to_close"": 30.0, ""min_volatility"": 1.0, ""probability_model"": ""bayesian_markov""}",/home/matt/workspace/kalshi-btc-15m-bot/runs/strategy_probability_mm_v0/kalshi-prob-mm-opt-20260520T060741Z-validation-003
strategy_probability_mm_v0,kalshi-prob-mm-opt-20260520T061323Z-validation-003,kalshi,kalshi-btc-1s,/home/matt/workspace/kalshi-btc-15m-bot/feed/kalshi-btc-1s.sqlite3,165,1564.883171,33.474161,105.539514,-72.065354,106.85441,33.333333,1.053999,0.343019,109.541383,mixed,next-tick,true,"{""base_notional"": 10.0, ""edge_threshold"": 0.02, ""force_flatten_seconds"": 60.0, ""max_atr_slope"": 1.5, ""max_net_ratio"": 0.25, ""max_wickiness"": 0.75, ""min_seconds_to_close"": 30.0, ""min_volatility"": 1.0, ""probability_model"": ""bayesian_markov""}",/home/matt/workspace/kalshi-btc-15m-bot/runs/strategy_probability_mm_v0/kalshi-prob-mm-opt-20260520T061323Z-validation-003
seed_cheap_accumulate_repair_v1,venue-strategy-matrix-20260520T003002Z-polymarket-seed_cheap_accumulate_repair_v1,polymarket,polymarket-btc-1s,/home/matt/workspace/kalshi-btc-15m-bot/feed/polymarket-btc-1s.sqlite3,237,2257.839921,33.352335,252.364219,-219.011884,332.252789,93.719761,1.03234,0.157078,157.115173,replay_final_snapshot,next-tick,true,{},/home/matt/workspace/kalshi-btc-15m-bot/runs/seed_cheap_accumulate_repair_v1/venue-strategy-matrix-20260520T003002Z-polymarket-seed_cheap_accumulate_repair_v1
seed_cheap_accumulate_repair_v1,seed200_r300_net0.35-20260518T061441Z,kalshi,kalshi-btc-1s,feed/kalshi-btc-1s.sqlite3,1217,11748.597571,32.732832,861.085977,-828.353145,1109.807408,128.988044,1.006151,0.03116,208.360926,mixed,next-tick,true,"{""cheap_price"": 0.15, ""max_net_ratio"": 0.35, ""max_total_cost"": 200, ""min_order_contracts"": 5, ""min_seconds_between_orders"": 5, ""normal_spend"": 1, ""repair_start_seconds"": 300, ""seed_hedge_spend"": 10, ""seed_primary_spend"": 30, ""very_cheap_price"": 0.08, ""very_cheap_spend"": 2}",runs/seed_cheap_accumulate_repair_v1/seed200_r300_net0.35-20260518T061441Z
strategy_probability_mm_v0,kalshi-prob-mm-opt-20260520T063847Z-test-002,kalshi,kalshi-btc-1s,/home/matt/workspace/kalshi-btc-15m-bot/feed/kalshi-btc-1s.sqlite3,102,1014.916388,25.854028,275.595047,-249.741019,275.925477,66.811853,1.050694,0.322255,88.287521,mixed,next-tick,true,"{""base_notional"": 10.0, ""edge_threshold"": 0.05, ""force_flatten_seconds"": 60.0, ""max_atr_slope"": 1.5, ""max_net_ratio"": 0.25, ""max_wickiness"": 0.75, ""min_seconds_to_close"": 60.0, ""min_volatility"": 1.0, ""probability_model"": ""bayesian_markov""}",/home/matt/workspace/kalshi-btc-15m-bot/runs/strategy_probability_mm_v0/kalshi-prob-mm-opt-20260520T063847Z-test-002
strategy_probability_mm_v0,kalshi-prob-mm-opt-20260520T071704Z-test-002,kalshi,kalshi-btc-1s,/home/matt/workspace/kalshi-btc-15m-bot/feed/kalshi-btc-1s.sqlite3,102,1014.916388,25.854028,275.595047,-249.741019,275.925477,66.811853,1.050694,0.322255,88.287521,mixed,next-tick,true,"{""base_notional"": 10.0, ""edge_threshold"": 0.05, ""force_flatten_seconds"": 60.0, ""max_atr_slope"": 1.5, ""max_net_ratio"": 0.25, ""max_probability_mid_band"": 0.0, ""max_wickiness"": 0.75, ""min_abs_edge"": 0.0, ""min_probability_confidence"": 0.0, ""min_seconds_to_close"": 60.0, ""min_volatility"": 1.0, ""probability_model"": ""bayesian_markov""}",/home/matt/workspace/kalshi-btc-15m-bot/runs/strategy_probability_mm_v0/kalshi-prob-mm-opt-20260520T071704Z-test-002
strategy_probability_mm_v0,kalshi-prob-mm-opt-20260520T061323Z-validation-007,kalshi,kalshi-btc-1s,/home/matt/workspace/kalshi-btc-15m-bot/feed/kalshi-btc-1s.sqlite3,148,707.080228,25.490679,94.012635,-68.521957,93.000511,18.810601,1.092329,0.548403,30.447473,mixed,next-tick,true,"{""base_notional"": 5.0, ""edge_threshold"": 0.03, ""force_flatten_seconds"": 60.0, ""max_atr_slope"": 1.5, ""max_net_ratio"": 0.25, ""max_wickiness"": 0.75, ""min_seconds_to_close"": 30.0, ""min_volatility"": 1.0, ""probability_model"": ""bayesian_markov""}",/home/matt/workspace/kalshi-btc-15m-bot/runs/strategy_probability_mm_v0/kalshi-prob-mm-opt-20260520T061323Z-validation-007
strategy_probability_mm_v0,kalshi-prob-mm-opt-20260520T061323Z-validation-022,kalshi,kalshi-btc-1s,/home/matt/workspace/kalshi-btc-15m-bot/feed/kalshi-btc-1s.sqlite3,186,866.478828,24.906408,61.454843,-36.548435,61.074155,18.518519,1.085191,0.446758,43.241818,mixed,next-tick,true,"{""base_notional"": 5.0, ""edge_threshold"": 0.04, ""force_flatten_seconds"": 120.0, ""max_atr_slope"": 3.0, ""max_net_ratio"": 0.25, ""max_wickiness"": 0.75, ""min_seconds_to_close"": 30.0, ""min_volatility"": 0.5, ""probability_model"": ""bayesian_markov""}",/home/matt/workspace/kalshi-btc-15m-bot/runs/strategy_probability_mm_v0/kalshi-prob-mm-opt-20260520T061323Z-validation-022
strategy_probability_mm_v0,kalshi-prob-mm-opt-20260520T063847Z-test-001,kalshi,kalshi-btc-1s,/home/matt/workspace/kalshi-btc-15m-bot/feed/kalshi-btc-1s.sqlite3,90,900.0,22.45264,295.655943,-273.203303,295.986373,76.923077,1.044025,0.294416,90.332324,mixed,next-tick,true,"{""base_notional"": 10.0, ""edge_threshold"": 0.05, ""force_flatten_seconds"": 60.0, ""max_atr_slope"": 1.5, ""max_net_ratio"": 0.25, ""max_wickiness"": 0.75, ""min_seconds_to_close"": 90.0, ""min_volatility"": 1.0, ""probability_model"": ""bayesian_markov""}",/home/matt/workspace/kalshi-btc-15m-bot/runs/strategy_probability_mm_v0/kalshi-prob-mm-opt-20260520T063847Z-test-001
strategy_probability_mm_v0,kalshi-prob-mm-opt-20260520T071704Z-test-001,kalshi,kalshi-btc-1s,/home/matt/workspace/kalshi-btc-15m-bot/feed/kalshi-btc-1s.sqlite3,90,900.0,22.45264,295.655943,-273.203303,295.986373,76.923077,1.044025,0.294416,90.332324,mixed,next-tick,true,"{""base_notional"": 10.0, ""edge_threshold"": 0.05, ""force_flatten_seconds"": 60.0, ""max_atr_slope"": 1.5, ""max_net_ratio"": 0.25, ""max_probability_mid_band"": 0.0, ""max_wickiness"": 0.75, ""min_abs_edge"": 0.0, ""min_probability_confidence"": 0.0, ""min_seconds_to_close"": 90.0, ""min_volatility"": 1.0, ""probability_model"": ""bayesian_markov""}",/home/matt/workspace/kalshi-btc-15m-bot/runs/strategy_probability_mm_v0/kalshi-prob-mm-opt-20260520T071704Z-test-001
strategy_probability_mm_v0,kalshi-prob-mm-opt-20260520T061323Z-test-003,kalshi,kalshi-btc-1s,/home/matt/workspace/kalshi-btc-15m-bot/feed/kalshi-btc-1s.sqlite3,157,1485.360513,22.407936,208.986948,-186.579012,209.088543,50.0,1.042168,0.226309,82.823013,mixed,next-tick,true,"{""base_notional"": 10.0, ""edge_threshold"": 0.05, ""force_flatten_seconds"": 60.0, ""max_atr_slope"": 1.5, ""max_net_ratio"": 0.25, ""max_wickiness"": 0.75, ""min_seconds_to_close"": 30.0, ""min_volatility"": 1.0, ""probability_model"": ""bayesian_markov""}",/home/matt/workspace/kalshi-btc-15m-bot/runs/strategy_probability_mm_v0/kalshi-prob-mm-opt-20260520T061323Z-test-003
strategy_probability_mm_v0,kalshi-prob-mm-opt-20260520T021230Z-train-021,kalshi,kalshi-btc-1s,/home/matt/workspace/kalshi-btc-15m-bot/feed/kalshi-btc-1s.sqlite3,413,6195.0,20.399318,681.97393,-661.574612,681.97393,68.181818,1.005837,0.045231,157.005669,kalshi_api,next-tick,true,"{""base_notional"": 15.0, ""edge_threshold"": 0.03, ""force_flatten_seconds"": 60.0, ""max_atr_slope"": 1.5, ""max_net_ratio"": 0.1, ""max_wickiness"": 0.6, ""min_seconds_to_close"": 120.0, ""min_volatility"": 2.0}",/home/matt/workspace/kalshi-btc-15m-bot/runs/strategy_probability_mm_v0/kalshi-prob-mm-opt-20260520T021230Z-train-021
strategy_probability_mm_v0,kalshi-prob-mm-opt-20260520T061323Z-train-021,kalshi,kalshi-btc-1s,/home/matt/workspace/kalshi-btc-15m-bot/feed/kalshi-btc-1s.sqlite3,413,6195.0,20.399318,681.97393,-661.574612,681.97393,68.181818,1.005837,0.045231,157.005669,kalshi_api,next-tick,true,"{""base_notional"": 15.0, ""edge_threshold"": 0.03, ""force_flatten_seconds"": 60.0, ""max_atr_slope"": 1.5, ""max_net_ratio"": 0.1, ""max_wickiness"": 0.6, ""min_seconds_to_close"": 120.0, ""min_volatility"": 2.0, ""probability_model"": ""brownian""}",/home/matt/workspace/kalshi-btc-15m-bot/runs/strategy_probability_mm_v0/kalshi-prob-mm-opt-20260520T061323Z-train-021
strategy_probability_mm_v0,kalshi-prob-mm-opt-20260520T063847Z-test-003,kalshi,kalshi-btc-1s,/home/matt/workspace/kalshi-btc-15m-bot/feed/kalshi-btc-1s.sqlite3,130,1262.165865,15.497854,229.792574,-214.294721,229.929283,76.923077,1.029261,0.169036,89.371237,mixed,next-tick,true,"{""base_notional"": 10.0, ""edge_threshold"": 0.05, ""force_flatten_seconds"": 45.0, ""max_atr_slope"": 1.5, ""max_net_ratio"": 0.25, ""max_wickiness"": 0.75, ""min_seconds_to_close"": 30.0, ""min_volatility"": 1.0, ""probability_model"": ""bayesian_markov""}",/home/matt/workspace/kalshi-btc-15m-bot/runs/strategy_probability_mm_v0/kalshi-prob-mm-opt-20260520T063847Z-test-003
strategy_probability_mm_v0,kalshi-prob-mm-opt-20260520T071704Z-test-003,kalshi,kalshi-btc-1s,/home/matt/workspace/kalshi-btc-15m-bot/feed/kalshi-btc-1s.sqlite3,130,1262.165865,15.497854,229.792574,-214.294721,229.929283,76.923077,1.029261,0.169036,89.371237,mixed,next-tick,true,"{""base_notional"": 10.0, ""edge_threshold"": 0.05, ""force_flatten_seconds"": 45.0, ""max_atr_slope"": 1.5, ""max_net_ratio"": 0.25, ""max_probability_mid_band"": 0.0, ""max_wickiness"": 0.75, ""min_abs_edge"": 0.0, ""min_probability_confidence"": 0.0, ""min_seconds_to_close"": 30.0, ""min_volatility"": 1.0, ""probability_model"": ""bayesian_markov""}",/home/matt/workspace/kalshi-btc-15m-bot/runs/strategy_probability_mm_v0/kalshi-prob-mm-opt-20260520T071704Z-test-003
simple_inventory_mm,limit5-net200-gross200-20260517T160457Z,kalshi,kalshi-btc-1s,feed/kalshi-btc-1s.sqlite3,85,195.744384,14.942218,0,0,2.754925,91.51008,1.231145,1.57159,19.710919,kalshi_api,next-tick,true,"{""cheap_add_contracts"": 5, ""cheap_limit_price"": 0.4, ""max_gross_contracts"": 200, ""max_net_contracts"": 200, ""min_seconds_between_orders"": 0, ""repair_add_contracts"": 5, ""repair_window_seconds"": 300, ""rich_add_contracts"": 5, ""seed_add_contracts"": 5, ""very_cheap_add_contracts"": 5}",runs/simple_inventory_mm/limit5-net200-gross200-20260517T160457Z
simple_inventory_mm,limit5-net200-gross200-contract-daily-20260517T161006Z,kalshi,kalshi-btc-1s,feed/kalshi-btc-1s.sqlite3,85,195.744384,14.942218,0,0,2.754925,91.51008,1.231145,1.57159,19.710919,kalshi_api,next-tick,true,"{""cheap_add_contracts"": 5, ""cheap_limit_price"": 0.4, ""max_gross_contracts"": 200, ""max_net_contracts"": 200, ""min_seconds_between_orders"": 0, ""repair_add_contracts"": 5, ""repair_window_seconds"": 300, ""rich_add_contracts"": 5, ""seed_add_contracts"": 5, ""very_cheap_add_contracts"": 5}",runs/simple_inventory_mm/limit5-net200-gross200-contract-daily-20260517T161006Z
seed_cheap_accumulate_repair_v1,polymarket-20260518-seed-repair-v1-default,polymarket,polymarket-btc-1s,feed/polymarket-btc-1s.sqlite3,5,46.237363,13.762637,13.762637,-0,13.762638,0.000002,1.847591,2.788624,16.237363,replay_final_snapshot,next-tick,false,"{""repair_start_seconds"": 360}",runs/seed_cheap_accumulate_repair_v1/polymarket-20260518-seed-repair-v1-default
strategy_probability_mm_v0,kalshi-prob-mm-opt-20260520T021230Z-validation-022,kalshi,kalshi-btc-1s,/home/matt/workspace/kalshi-btc-15m-bot/feed/kalshi-btc-1s.sqlite3,204,950.212071,11.704558,14.034042,-2.329484,13.967707,11.363636,1.032925,0.216822,32.048841,mixed,next-tick,true,"{""base_notional"": 5.0, ""edge_threshold"": 0.04, ""force_flatten_seconds"": 120.0, ""max_atr_slope"": 3.0, ""max_net_ratio"": 0.25, ""max_wickiness"": 0.75, ""min_seconds_to_close"": 30.0, ""min_volatility"": 0.5}",/home/matt/workspace/kalshi-btc-15m-bot/runs/strategy_probability_mm_v0/kalshi-prob-mm-opt-20260520T021230Z-validation-022
strategy_probability_mm_v0,kalshi-prob-mm-opt-20260520T012050Z-validation-003,kalshi,kalshi-btc-1s,/home/matt/workspace/kalshi-btc-15m-bot/feed/kalshi-btc-1s.sqlite3,183,1692.975007,10.1676,72.351053,-62.183453,72.356143,33.333333,1.014216,0.096518,73.824842,mixed,next-tick,true,"{""base_notional"": 10.0, ""edge_threshold"": 0.04, ""force_flatten_seconds"": 60.0, ""max_atr_slope"": 1.5, ""max_net_ratio"": 0.25, ""max_wickiness"": 0.75, ""min_seconds_to_close"": 30.0, ""min_volatility"": 1.0}",/home/matt/workspace/kalshi-btc-15m-bot/runs/strategy_probability_mm_v0/kalshi-prob-mm-opt-20260520T012050Z-validation-003
strategy_probability_mm_v0,kalshi-prob-mm-opt-20260520T012701Z-validation-003,kalshi,kalshi-btc-1s,/home/matt/workspace/kalshi-btc-15m-bot/feed/kalshi-btc-1s.sqlite3,183,1692.975007,10.1676,72.351053,-62.183453,72.356143,33.333333,1.014216,0.096518,73.824842,mixed,next-tick,true,"{""base_notional"": 10.0, ""edge_threshold"": 0.04, ""force_flatten_seconds"": 60.0, ""max_atr_slope"": 1.5, ""max_net_ratio"": 0.25, ""max_wickiness"": 0.75, ""min_seconds_to_close"": 30.0, ""min_volatility"": 1.0}",/home/matt/workspace/kalshi-btc-15m-bot/runs/strategy_probability_mm_v0/kalshi-prob-mm-opt-20260520T012701Z-validation-003
strategy_probability_mm_v0,kalshi-prob-mm-opt-20260520T013309Z-validation-003,kalshi,kalshi-btc-1s,/home/matt/workspace/kalshi-btc-15m-bot/feed/kalshi-btc-1s.sqlite3,183,1692.975007,10.1676,72.351053,-62.183453,72.356143,33.333333,1.014216,0.096518,73.824842,mixed,next-tick,true,"{""base_notional"": 10.0, ""edge_threshold"": 0.04, ""force_flatten_seconds"": 60.0, ""max_atr_slope"": 1.5, ""max_net_ratio"": 0.25, ""max_wickiness"": 0.75, ""min_seconds_to_close"": 30.0, ""min_volatility"": 1.0}",/home/matt/workspace/kalshi-btc-15m-bot/runs/strategy_probability_mm_v0/kalshi-prob-mm-opt-20260520T013309Z-validation-003
strategy_probability_mm_v0,kalshi-prob-mm-opt-20260520T014359Z-validation-003,kalshi,kalshi-btc-1s,/home/matt/workspace/kalshi-btc-15m-bot/feed/kalshi-btc-1s.sqlite3,183,1692.975007,10.1676,72.351053,-62.183453,72.356143,33.333333,1.014216,0.096518,73.824842,mixed,next-tick,true,"{""base_notional"": 10.0, ""edge_threshold"": 0.04, ""force_flatten_seconds"": 60.0, ""max_atr_slope"": 1.5, ""max_net_ratio"": 0.25, ""max_wickiness"": 0.75, ""min_seconds_to_close"": 30.0, ""min_volatility"": 1.0}",/home/matt/workspace/kalshi-btc-15m-bot/runs/strategy_probability_mm_v0/kalshi-prob-mm-opt-20260520T014359Z-validation-003
strategy_probability_mm_v0,kalshi-prob-mm-opt-20260520T020138Z-validation-003,kalshi,kalshi-btc-1s,/home/matt/workspace/kalshi-btc-15m-bot/feed/kalshi-btc-1s.sqlite3,183,1692.975007,10.1676,72.351053,-62.183453,72.356143,33.333333,1.014216,0.096518,73.824842,mixed,next-tick,true,"{""base_notional"": 10.0, ""edge_threshold"": 0.04, ""force_flatten_seconds"": 60.0, ""max_atr_slope"": 1.5, ""max_net_ratio"": 0.25, ""max_wickiness"": 0.75, ""min_seconds_to_close"": 30.0, ""min_volatility"": 1.0}",/home/matt/workspace/kalshi-btc-15m-bot/runs/strategy_probability_mm_v0/kalshi-prob-mm-opt-20260520T020138Z-validation-003
strategy_probability_mm_v0,kalshi-prob-mm-opt-20260520T021230Z-validation-003,kalshi,kalshi-btc-1s,/home/matt/workspace/kalshi-btc-15m-bot/feed/kalshi-btc-1s.sqlite3,183,1692.975007,10.1676,72.351053,-62.183453,72.356143,33.333333,1.014216,0.096518,73.824842,mixed,next-tick,true,"{""base_notional"": 10.0, ""edge_threshold"": 0.04, ""force_flatten_seconds"": 60.0, ""max_atr_slope"": 1.5, ""max_net_ratio"": 0.25, ""max_wickiness"": 0.75, ""min_seconds_to_close"": 30.0, ""min_volatility"": 1.0}",/home/matt/workspace/kalshi-btc-15m-bot/runs/strategy_probability_mm_v0/kalshi-prob-mm-opt-20260520T021230Z-validation-003
inventory_aware_passive_mm,inventory-aware-passive-mm-smoke-2,polymarket,polymarket-btc-1s,feed/polymarket-btc-1s.sqlite3,1,17.25,8.496269,0,8.496269,0,25.746269,inf,0,0,replay_final_snapshot,next-tick,false,"{""min_order_contracts"": 1, ""min_visible_depth"": 0}",runs/inventory_aware_passive_mm/inventory-aware-passive-mm-smoke-2
late_window_only,improved-20260516T055637Z,kalshi,kalshi-btc-1s,feed/kalshi-btc-1s.sqlite3,1,25.0,2.777778,0,0,0,0,inf,0,0,replay_final_snapshot,,false,{},runs/late_window_only/improved-20260516T055637Z
strategy_probability_mm_v0,kalshi-prob-mm-opt-20260520T060741Z-test-001,kalshi,kalshi-btc-1s,/home/matt/workspace/kalshi-btc-15m-bot/feed/kalshi-btc-1s.sqlite3,153,1443.259646,2.141429,178.270522,-176.129093,177.550335,50.0,1.003826,0.022616,90.182161,mixed,next-tick,true,"{""base_notional"": 10.0, ""edge_threshold"": 0.04, ""force_flatten_seconds"": 60.0, ""max_atr_slope"": 1.5, ""max_net_ratio"": 0.25, ""max_wickiness"": 0.75, ""min_seconds_to_close"": 30.0, ""min_volatility"": 1.0, ""probability_model"": ""bayesian_markov""}",/home/matt/workspace/kalshi-btc-15m-bot/runs/strategy_probability_mm_v0/kalshi-prob-mm-opt-20260520T060741Z-test-001
simple_inventory_mm,venue-strategy-matrix-20260520T003002Z-polymarket-simple_inventory_mm,polymarket,polymarket-btc-1s,/home/matt/workspace/kalshi-btc-15m-bot/feed/polymarket-btc-1s.sqlite3,97,361.937134,1.801639,40.853454,-39.051816,41.285308,22.0,1.009569,0.066131,25.884957,replay_final_snapshot,next-tick,true,{},/home/matt/workspace/kalshi-btc-15m-bot/runs/simple_inventory_mm/venue-strategy-matrix-20260520T003002Z-polymarket-simple_inventory_mm
simple_inventory_mm,bankroll200-allstats-simple_inventory_mm-1778996866,kalshi,kalshi-btc-1s,feed/kalshi-btc-1s.sqlite3,3002,195.984026,1.580494,0,0,-4.356294,10.0,1.01529,0.032423,18.696863,kalshi_api,next-tick,true,"{""cheap_add_contracts"": 2, ""cheap_limit_price"": 0.4, ""max_gross_contracts"": 30, ""max_net_contracts"": 10, ""min_seconds_between_orders"": 0, ""repair_add_contracts"": 2, ""repair_window_seconds"": 300, ""rich_add_contracts"": 1, ""seed_add_contracts"": 2, ""very_cheap_add_contracts"": 3}",runs/simple_inventory_mm/bankroll200-allstats-simple_inventory_mm-1778996866
strategy_probability_mm_v0,kalshi-prob-mm-opt-20260520T063335Z-train-009,kalshi,kalshi-btc-1s,/home/matt/workspace/kalshi-btc-15m-bot/feed/kalshi-btc-1s.sqlite3,652,6016.595262,1.531122,757.077274,-755.546152,756.880072,126.897389,1.000647,0.003138,231.202542,kalshi_api,next-tick,true,"{""base_notional"": 10.0, ""edge_threshold"": 0.05, ""force_flatten_seconds"": 60.0, ""max_atr_slope"": 1.5, ""max_net_ratio"": 0.2, ""max_wickiness"": 0.75, ""min_seconds_to_close"": 30.0, ""min_volatility"": 1.0, ""probability_model"": ""bayesian_markov""}",/home/matt/workspace/kalshi-btc-15m-bot/runs/strategy_probability_mm_v0/kalshi-prob-mm-opt-20260520T063335Z-train-009
strategy_probability_mm_v0,kalshi-prob-mm-opt-20260520T063847Z-train-009,kalshi,kalshi-btc-1s,/home/matt/workspace/kalshi-btc-15m-bot/feed/kalshi-btc-1s.sqlite3,652,6016.595262,1.531122,757.077274,-755.546152,756.880072,126.897389,1.000647,0.003138,231.202542,kalshi_api,next-tick,true,"{""base_notional"": 10.0, ""edge_threshold"": 0.05, ""force_flatten_seconds"": 60.0, ""max_atr_slope"": 1.5, ""max_net_ratio"": 0.2, ""max_wickiness"": 0.75, ""min_seconds_to_close"": 30.0, ""min_volatility"": 1.0, ""probability_model"": ""bayesian_markov""}",/home/matt/workspace/kalshi-btc-15m-bot/runs/strategy_probability_mm_v0/kalshi-prob-mm-opt-20260520T063847Z-train-009
strategy_probability_mm_v0,kalshi-prob-mm-opt-20260520T071704Z-train-009,kalshi,kalshi-btc-1s,/home/matt/workspace/kalshi-btc-15m-bot/feed/kalshi-btc-1s.sqlite3,652,6016.595262,1.531122,757.077274,-755.546152,756.880072,126.897389,1.000647,0.003138,231.202542,kalshi_api,next-tick,true,"{""base_notional"": 10.0, ""edge_threshold"": 0.05, ""force_flatten_seconds"": 60.0, ""max_atr_slope"": 1.5, ""max_net_ratio"": 0.2, ""max_probability_mid_band"": 0.0, ""max_wickiness"": 0.75, ""min_abs_edge"": 0.0, ""min_probability_confidence"": 0.0, ""min_seconds_to_close"": 30.0, ""min_volatility"": 1.0, ""probability_model"": ""bayesian_markov""}",/home/matt/workspace/kalshi-btc-15m-bot/runs/strategy_probability_mm_v0/kalshi-prob-mm-opt-20260520T071704Z-train-009
simple_inventory_mm,limit5-net200-gross400-20260517T160524Z,kalshi,kalshi-btc-1s,feed/kalshi-btc-1s.sqlite3,219,195.111167,0.78525,0,0,9.245529,129.883711,1.013642,0.064725,31.75952,kalshi_api,next-tick,true,"{""cheap_add_contracts"": 5, ""cheap_limit_price"": 0.4, ""max_gross_contracts"": 400, ""max_net_contracts"": 200, ""min_seconds_between_orders"": 0, ""repair_add_contracts"": 5, ""repair_window_seconds"": 300, ""rich_add_contracts"": 5, ""seed_add_contracts"": 5, ""very_cheap_add_contracts"": 5}",runs/simple_inventory_mm/limit5-net200-gross400-20260517T160524Z
strategy_probability_mm_v0,kalshi-prob-mm-opt-20260520T014359Z-test-001,kalshi,kalshi-btc-1s,/home/matt/workspace/kalshi-btc-15m-bot/feed/kalshi-btc-1s.sqlite3,166,1461.40134,0.398676,90.363578,-89.964902,90.03742,50.0,1.000686,0.004601,75.140875,mixed,next-tick,true,"{""base_notional"": 10.0, ""edge_threshold"": 0.05, ""force_flatten_seconds"": 60.0, ""max_atr_slope"": 1.5, ""max_net_ratio"": 0.25, ""max_wickiness"": 0.75, ""min_seconds_to_close"": 30.0, ""min_volatility"": 1.0}",/home/matt/workspace/kalshi-btc-15m-bot/runs/strategy_probability_mm_v0/kalshi-prob-mm-opt-20260520T014359Z-test-001
strategy_probability_mm_v0,kalshi-prob-mm-opt-20260520T020138Z-test-001,kalshi,kalshi-btc-1s,/home/matt/workspace/kalshi-btc-15m-bot/feed/kalshi-btc-1s.sqlite3,166,1461.40134,0.398676,90.363578,-89.964902,90.03742,50.0,1.000686,0.004601,75.140875,mixed,next-tick,true,"{""base_notional"": 10.0, ""edge_threshold"": 0.05, ""force_flatten_seconds"": 60.0, ""max_atr_slope"": 1.5, ""max_net_ratio"": 0.25, ""max_wickiness"": 0.75, ""min_seconds_to_close"": 30.0, ""min_volatility"": 1.0}",/home/matt/workspace/kalshi-btc-15m-bot/runs/strategy_probability_mm_v0/kalshi-prob-mm-opt-20260520T020138Z-test-001
strategy_probability_mm_v0,kalshi-prob-mm-opt-20260520T021230Z-test-004,kalshi,kalshi-btc-1s,/home/matt/workspace/kalshi-btc-15m-bot/feed/kalshi-btc-1s.sqlite3,166,1461.40134,0.398676,90.363578,-89.964902,90.03742,50.0,1.000686,0.004601,75.140875,mixed,next-tick,true,"{""base_notional"": 10.0, ""edge_threshold"": 0.05, ""force_flatten_seconds"": 60.0, ""max_atr_slope"": 1.5, ""max_net_ratio"": 0.25, ""max_wickiness"": 0.75, ""min_seconds_to_close"": 30.0, ""min_volatility"": 1.0}",/home/matt/workspace/kalshi-btc-15m-bot/runs/strategy_probability_mm_v0/kalshi-prob-mm-opt-20260520T021230Z-test-004
volatility_hedge,live,unknown,unknown,,2150,107423.04486,0,0,0,0,0,0,0,0,,,false,{},runs/live/volatility_hedge
breakout_momentum,venue-strategy-matrix-20260520T003002Z-kalshi-breakout_momentum,kalshi,kalshi-btc-1s,/home/matt/workspace/kalshi-btc-15m-bot/feed/kalshi-btc-1s.sqlite3,3461,86525.0,0,0,0,0,0,0,0,0,unsettled_no_snapshot,next-tick,true,{},/home/matt/workspace/kalshi-btc-15m-bot/runs/breakout_momentum/venue-strategy-matrix-20260520T003002Z-kalshi-breakout_momentum
contrarian_spread_reversion,venue-strategy-matrix-20260520T003002Z-kalshi-contrarian_spread_reversion,kalshi,kalshi-btc-1s,/home/matt/workspace/kalshi-btc-15m-bot/feed/kalshi-btc-1s.sqlite3,5474,136850.0,0,0,0,0,0,0,0,0,unsettled_no_snapshot,next-tick,true,{},/home/matt/workspace/kalshi-btc-15m-bot/runs/contrarian_spread_reversion/venue-strategy-matrix-20260520T003002Z-kalshi-contrarian_spread_reversion
dynamic_complement_hedge,paper_trade-smoke-paper,unknown,unknown,,72,0,0,0,0,0,0,0,0,0,,,false,{},runs/dynamic_complement_hedge/paper_trade-smoke-paper
dynamic_complement_hedge,temporal_scan-smoke,unknown,unknown,,0,0,0,0,0,0,0,0,0,0,,,false,{},runs/dynamic_complement_hedge/temporal_scan-smoke
inventory_aware_passive_mm,inventory-aware-passive-mm-smoke,polymarket,polymarket-btc-1s,feed/polymarket-btc-1s.sqlite3,0,0,0,0,0,0,0,0,0,0,,next-tick,false,"{""min_order_contracts"": 1, ""min_visible_depth"": 0}",runs/inventory_aware_passive_mm/inventory-aware-passive-mm-smoke
inventory_vol_rebalance,venue-strategy-matrix-20260520T003002Z-kalshi-inventory_vol_rebalance,kalshi,kalshi-btc-1s,/home/matt/workspace/kalshi-btc-15m-bot/feed/kalshi-btc-1s.sqlite3,0,0,0,0,0,0,0,0,0,0,,next-tick,true,{},/home/matt/workspace/kalshi-btc-15m-bot/runs/inventory_vol_rebalance/venue-strategy-matrix-20260520T003002Z-kalshi-inventory_vol_rebalance
inventory_vol_rebalance,venue-strategy-matrix-20260520T003002Z-polymarket-inventory_vol_rebalance,polymarket,polymarket-btc-1s,/home/matt/workspace/kalshi-btc-15m-bot/feed/polymarket-btc-1s.sqlite3,0,0,0,0,0,0,0,0,0,0,,next-tick,true,{},/home/matt/workspace/kalshi-btc-15m-bot/runs/inventory_vol_rebalance/venue-strategy-matrix-20260520T003002Z-polymarket-inventory_vol_rebalance
inventory_vol_rebalance,venue-strategy-matrix-20260520T005455Z-kalshi-inventory_vol_rebalance,kalshi,kalshi-btc-1s,/home/matt/workspace/kalshi-btc-15m-bot/feed/kalshi-btc-1s.sqlite3,0,0,0,0,0,0,0,0,0,0,,next-tick,true,{},/home/matt/workspace/kalshi-btc-15m-bot/runs/inventory_vol_rebalance/venue-strategy-matrix-20260520T005455Z-kalshi-inventory_vol_rebalance
inventory_vol_regime,venue-strategy-matrix-20260520T003002Z-kalshi-inventory_vol_regime,kalshi,kalshi-btc-1s,/home/matt/workspace/kalshi-btc-15m-bot/feed/kalshi-btc-1s.sqlite3,0,0,0,0,0,0,0,0,0,0,,next-tick,true,{},/home/matt/workspace/kalshi-btc-15m-bot/runs/inventory_vol_regime/venue-strategy-matrix-20260520T003002Z-kalshi-inventory_vol_regime
inventory_vol_regime,venue-strategy-matrix-20260520T003002Z-polymarket-inventory_vol_regime,polymarket,polymarket-btc-1s,/home/matt/workspace/kalshi-btc-15m-bot/feed/polymarket-btc-1s.sqlite3,0,0,0,0,0,0,0,0,0,0,,next-tick,true,{},/home/matt/workspace/kalshi-btc-15m-bot/runs/inventory_vol_regime/venue-strategy-matrix-20260520T003002Z-polymarket-inventory_vol_regime
inventory_vol_regime,venue-strategy-matrix-20260520T005455Z-kalshi-inventory_vol_regime,kalshi,kalshi-btc-1s,/home/matt/workspace/kalshi-btc-15m-bot/feed/kalshi-btc-1s.sqlite3,0,0,0,0,0,0,0,0,0,0,,next-tick,true,{},/home/matt/workspace/kalshi-btc-15m-bot/runs/inventory_vol_regime/venue-strategy-matrix-20260520T005455Z-kalshi-inventory_vol_regime
late_window_only,venue-strategy-matrix-20260520T003002Z-kalshi-late_window_only,kalshi,kalshi-btc-1s,/home/matt/workspace/kalshi-btc-15m-bot/feed/kalshi-btc-1s.sqlite3,50,1250.0,0,0,0,0,0,0,0,0,unsettled_no_snapshot,next-tick,true,{},/home/matt/workspace/kalshi-btc-15m-bot/runs/late_window_only/venue-strategy-matrix-20260520T003002Z-kalshi-late_window_only
breakout_momentum,live,unknown,unknown,,0,0,0,0,0,0,0,0,0,0,,,false,{},runs/live/breakout_momentum
contrarian_spread_reversion,live,unknown,unknown,,58,0,0,0,0,0,0,0,0,0,,,false,{},runs/live/contrarian_spread_reversion
inventory_vol_regime,live,unknown,unknown,,24,0,0,0,0,0,0,0,0,0,,,false,{},runs/live/inventory_vol_regime
late_window_only,live,unknown,unknown,,0,0,0,0,0,0,0,0,0,0,,,false,{},runs/live/late_window_only
mean_reversion_to_strike,live,unknown,unknown,,0,0,0,0,0,0,0,0,0,0,,,false,{},runs/live/mean_reversion_to_strike
no_trade_baseline,live,unknown,unknown,,0,0,0,0,0,0,0,0,0,0,,,false,{},runs/live/no_trade_baseline
pair_arb,live,unknown,unknown,,4,0,0,0,0,0,0,0,0,0,,,false,{},runs/live/pair_arb
pair_arb_grid,live,unknown,unknown,,0,0,0,0,0,0,0,0,0,0,,,false,{},runs/live/pair_arb_grid
pair_arb_passive,live,unknown,unknown,,10,0,0,0,0,0,0,0,0,0,,,false,{},runs/live/pair_arb_passive
simple_directional,live,unknown,unknown,,0,0,0,0,0,0,0,0,0,0,,,false,{},runs/live/simple_directional
spread_aware_momentum,live,unknown,unknown,,0,0,0,0,0,0,0,0,0,0,,,false,{},runs/live/spread_aware_momentum
volatility_hedge,live,unknown,unknown,,0,0,0,0,0,0,0,0,0,0,,,false,{},runs/live/volatility_hedge
mean_reversion_to_strike,all-strategies-20260517T033359Z-mean_reversion_to_strike,kalshi,kalshi-btc-1s,feed/kalshi-btc-1s.sqlite3,0,0,0,0,0,0,0,0,0,0,,,false,{},runs/mean_reversion_to_strike/all-strategies-20260517T033359Z-mean_reversion_to_strike
mean_reversion_to_strike,all-strategies-nexttick-mean_reversion_to_strike-1778995478,kalshi,kalshi-btc-1s,feed/kalshi-btc-1s.sqlite3,0,0,0,0,0,0,0,0,0,0,,next-tick,true,{},runs/mean_reversion_to_strike/all-strategies-nexttick-mean_reversion_to_strike-1778995478
mean_reversion_to_strike,all-strategies-smallcap-mean_reversion_to_strike-1778995976,kalshi,kalshi-btc-1s,feed/kalshi-btc-1s.sqlite3,0,0,0,0,0,0,0,0,0,0,,next-tick,true,{},runs/mean_reversion_to_strike/all-strategies-smallcap-mean_reversion_to_strike-1778995976
mean_reversion_to_strike,bankroll200-allstats-mean_reversion_to_strike-1778996866,kalshi,kalshi-btc-1s,feed/kalshi-btc-1s.sqlite3,0,0,0,0,0,0,0,0,0,0,,next-tick,true,{},runs/mean_reversion_to_strike/bankroll200-allstats-mean_reversion_to_strike-1778996866
mean_reversion_to_strike,improved-20260516T055637Z,kalshi,kalshi-btc-1s,feed/kalshi-btc-1s.sqlite3,0,0,0,0,0,0,0,0,0,0,,,false,{},runs/mean_reversion_to_strike/improved-20260516T055637Z
mean_reversion_to_strike,venue-strategy-matrix-20260520T003002Z-kalshi-mean_reversion_to_strike,kalshi,kalshi-btc-1s,/home/matt/workspace/kalshi-btc-15m-bot/feed/kalshi-btc-1s.sqlite3,0,0,0,0,0,0,0,0,0,0,,next-tick,true,{},/home/matt/workspace/kalshi-btc-15m-bot/runs/mean_reversion_to_strike/venue-strategy-matrix-20260520T003002Z-kalshi-mean_reversion_to_strike
mean_reversion_to_strike,venue-strategy-matrix-20260520T003002Z-polymarket-mean_reversion_to_strike,polymarket,polymarket-btc-1s,/home/matt/workspace/kalshi-btc-15m-bot/feed/polymarket-btc-1s.sqlite3,0,0,0,0,0,0,0,0,0,0,,next-tick,true,{},/home/matt/workspace/kalshi-btc-15m-bot/runs/mean_reversion_to_strike/venue-strategy-matrix-20260520T003002Z-polymarket-mean_reversion_to_strike
mean_reversion_to_strike,venue-strategy-matrix-20260520T005455Z-kalshi-mean_reversion_to_strike,kalshi,kalshi-btc-1s,/home/matt/workspace/kalshi-btc-15m-bot/feed/kalshi-btc-1s.sqlite3,0,0,0,0,0,0,0,0,0,0,,next-tick,true,{},/home/matt/workspace/kalshi-btc-15m-bot/runs/mean_reversion_to_strike/venue-strategy-matrix-20260520T005455Z-kalshi-mean_reversion_to_strike
no_trade_baseline,all-strategies-20260517T033359Z-no_trade_baseline,kalshi,kalshi-btc-1s,feed/kalshi-btc-1s.sqlite3,0,0,0,0,0,0,0,0,0,0,,,false,{},runs/no_trade_baseline/all-strategies-20260517T033359Z-no_trade_baseline
no_trade_baseline,all-strategies-nexttick-no_trade_baseline-1778995478,kalshi,kalshi-btc-1s,feed/kalshi-btc-1s.sqlite3,0,0,0,0,0,0,0,0,0,0,,next-tick,true,{},runs/no_trade_baseline/all-strategies-nexttick-no_trade_baseline-1778995478
no_trade_baseline,all-strategies-smallcap-no_trade_baseline-1778995976,kalshi,kalshi-btc-1s,feed/kalshi-btc-1s.sqlite3,0,0,0,0,0,0,0,0,0,0,,next-tick,true,{},runs/no_trade_baseline/all-strategies-smallcap-no_trade_baseline-1778995976
no_trade_baseline,bankroll200-allstats-no_trade_baseline-1778996866,kalshi,kalshi-btc-1s,feed/kalshi-btc-1s.sqlite3,0,0,0,0,0,0,0,0,0,0,,next-tick,true,{},runs/no_trade_baseline/bankroll200-allstats-no_trade_baseline-1778996866
no_trade_baseline,improved-20260516T055637Z,kalshi,kalshi-btc-1s,feed/kalshi-btc-1s.sqlite3,0,0,0,0,0,0,0,0,0,0,,,false,{},runs/no_trade_baseline/improved-20260516T055637Z
no_trade_baseline,venue-strategy-matrix-20260520T003002Z-kalshi-no_trade_baseline,kalshi,kalshi-btc-1s,/home/matt/workspace/kalshi-btc-15m-bot/feed/kalshi-btc-1s.sqlite3,0,0,0,0,0,0,0,0,0,0,,next-tick,true,{},/home/matt/workspace/kalshi-btc-15m-bot/runs/no_trade_baseline/venue-strategy-matrix-20260520T003002Z-kalshi-no_trade_baseline
no_trade_baseline,venue-strategy-matrix-20260520T003002Z-polymarket-no_trade_baseline,polymarket,polymarket-btc-1s,/home/matt/workspace/kalshi-btc-15m-bot/feed/polymarket-btc-1s.sqlite3,0,0,0,0,0,0,0,0,0,0,,next-tick,true,{},/home/matt/workspace/kalshi-btc-15m-bot/runs/no_trade_baseline/venue-strategy-matrix-20260520T003002Z-polymarket-no_trade_baseline
no_trade_baseline,venue-strategy-matrix-20260520T005455Z-kalshi-no_trade_baseline,kalshi,kalshi-btc-1s,/home/matt/workspace/kalshi-btc-15m-bot/feed/kalshi-btc-1s.sqlite3,0,0,0,0,0,0,0,0,0,0,,next-tick,true,{},/home/matt/workspace/kalshi-btc-15m-bot/runs/no_trade_baseline/venue-strategy-matrix-20260520T005455Z-kalshi-no_trade_baseline
no_trade_baseline,venue-strategy-matrix-20260520T025727Z-kalshi-no_trade_baseline,kalshi,kalshi-btc-1s,/home/matt/workspace/kalshi-btc-15m-bot/feed/kalshi-btc-1s.sqlite3,0,0,0,0,0,0,0,0,0,0,,next-tick,true,{},/home/matt/workspace/kalshi-btc-15m-bot/runs/no_trade_baseline/venue-strategy-matrix-20260520T025727Z-kalshi-no_trade_baseline
no_trade_baseline,venue-strategy-matrix-20260520T025727Z-polymarket-no_trade_baseline,polymarket,polymarket-btc-1s,/home/matt/workspace/kalshi-btc-15m-bot/feed/polymarket-btc-1s.sqlite3,0,0,0,0,0,0,0,0,0,0,,next-tick,true,{},/home/matt/workspace/kalshi-btc-15m-bot/runs/no_trade_baseline/venue-strategy-matrix-20260520T025727Z-polymarket-no_trade_baseline
no_trade_baseline,venue-strategy-matrix-20260520T025954Z-kalshi-no_trade_baseline,kalshi,kalshi-btc-1s,/home/matt/workspace/kalshi-btc-15m-bot/feed/kalshi-btc-1s.sqlite3,0,0,0,0,0,0,0,0,0,0,,next-tick,true,{},/home/matt/workspace/kalshi-btc-15m-bot/runs/no_trade_baseline/venue-strategy-matrix-20260520T025954Z-kalshi-no_trade_baseline
no_trade_baseline,venue-strategy-matrix-20260520T025954Z-polymarket-no_trade_baseline,polymarket,polymarket-btc-1s,/home/matt/workspace/kalshi-btc-15m-bot/feed/polymarket-btc-1s.sqlite3,0,0,0,0,0,0,0,0,0,0,,next-tick,true,{},/home/matt/workspace/kalshi-btc-15m-bot/runs/no_trade_baseline/venue-strategy-matrix-20260520T025954Z-polymarket-no_trade_baseline
pair_arb,venue-strategy-matrix-20260520T003002Z-kalshi-pair_arb,kalshi,kalshi-btc-1s,/home/matt/workspace/kalshi-btc-15m-bot/feed/kalshi-btc-1s.sqlite3,6374,159350.0,0,0,0,0,0,0,0,0,unsettled_no_snapshot,next-tick,true,{},/home/matt/workspace/kalshi-btc-15m-bot/runs/pair_arb/venue-strategy-matrix-20260520T003002Z-kalshi-pair_arb
pair_arb_grid,venue-strategy-matrix-20260520T003002Z-kalshi-pair_arb_grid,kalshi,kalshi-btc-1s,/home/matt/workspace/kalshi-btc-15m-bot/feed/kalshi-btc-1s.sqlite3,0,0,0,0,0,0,0,0,0,0,,next-tick,true,{},/home/matt/workspace/kalshi-btc-15m-bot/runs/pair_arb_grid/venue-strategy-matrix-20260520T003002Z-kalshi-pair_arb_grid
pair_arb_grid,venue-strategy-matrix-20260520T003002Z-polymarket-pair_arb_grid,polymarket,polymarket-btc-1s,/home/matt/workspace/kalshi-btc-15m-bot/feed/polymarket-btc-1s.sqlite3,0,0,0,0,0,0,0,0,0,0,,next-tick,true,{},/home/matt/workspace/kalshi-btc-15m-bot/runs/pair_arb_grid/venue-strategy-matrix-20260520T003002Z-polymarket-pair_arb_grid
pair_arb_grid,venue-strategy-matrix-20260520T005455Z-kalshi-pair_arb_grid,kalshi,kalshi-btc-1s,/home/matt/workspace/kalshi-btc-15m-bot/feed/kalshi-btc-1s.sqlite3,0,0,0,0,0,0,0,0,0,0,,next-tick,true,{},/home/matt/workspace/kalshi-btc-15m-bot/runs/pair_arb_grid/venue-strategy-matrix-20260520T005455Z-kalshi-pair_arb_grid
pair_arb_passive,venue-strategy-matrix-20260520T003002Z-kalshi-pair_arb_passive,kalshi,kalshi-btc-1s,/home/matt/workspace/kalshi-btc-15m-bot/feed/kalshi-btc-1s.sqlite3,0,0,0,0,0,0,0,0,0,0,,next-tick,true,{},/home/matt/workspace/kalshi-btc-15m-bot/runs/pair_arb_passive/venue-strategy-matrix-20260520T003002Z-kalshi-pair_arb_passive
pair_arb_passive,venue-strategy-matrix-20260520T003002Z-polymarket-pair_arb_passive,polymarket,polymarket-btc-1s,/home/matt/workspace/kalshi-btc-15m-bot/feed/polymarket-btc-1s.sqlite3,0,0,0,0,0,0,0,0,0,0,,next-tick,true,{},/home/matt/workspace/kalshi-btc-15m-bot/runs/pair_arb_passive/venue-strategy-matrix-20260520T003002Z-polymarket-pair_arb_passive
pair_arb_passive,venue-strategy-matrix-20260520T005455Z-kalshi-pair_arb_passive,kalshi,kalshi-btc-1s,/home/matt/workspace/kalshi-btc-15m-bot/feed/kalshi-btc-1s.sqlite3,0,0,0,0,0,0,0,0,0,0,,next-tick,true,{},/home/matt/workspace/kalshi-btc-15m-bot/runs/pair_arb_passive/venue-strategy-matrix-20260520T005455Z-kalshi-pair_arb_passive
simple_directional,venue-strategy-matrix-20260520T003002Z-kalshi-simple_directional,kalshi,kalshi-btc-1s,/home/matt/workspace/kalshi-btc-15m-bot/feed/kalshi-btc-1s.sqlite3,7600,190000.0,0,0,0,0,0,0,0,0,unsettled_no_snapshot,next-tick,true,{},/home/matt/workspace/kalshi-btc-15m-bot/runs/simple_directional/venue-strategy-matrix-20260520T003002Z-kalshi-simple_directional
simple_inventory_mm,venue-strategy-matrix-20260520T003002Z-kalshi-simple_inventory_mm,kalshi,kalshi-btc-1s,/home/matt/workspace/kalshi-btc-15m-bot/feed/kalshi-btc-1s.sqlite3,104,374.537277,0,0,0,0,0,0,0,0,unsettled_no_snapshot,next-tick,true,{},/home/matt/workspace/kalshi-btc-15m-bot/runs/simple_inventory_mm/venue-strategy-matrix-20260520T003002Z-kalshi-simple_inventory_mm
spread_aware_momentum,venue-strategy-matrix-20260520T003002Z-kalshi-spread_aware_momentum,kalshi,kalshi-btc-1s,/home/matt/workspace/kalshi-btc-15m-bot/feed/kalshi-btc-1s.sqlite3,941,23525.0,0,0,0,0,0,0,0,0,unsettled_no_snapshot,next-tick,true,{},/home/matt/workspace/kalshi-btc-15m-bot/runs/spread_aware_momentum/venue-strategy-matrix-20260520T003002Z-kalshi-spread_aware_momentum
strategy_probability_mm_v0,kalshi-prob-mm-opt-20260520T071704Z-train-019,kalshi,kalshi-btc-1s,/home/matt/workspace/kalshi-btc-15m-bot/feed/kalshi-btc-1s.sqlite3,0,0,0,0,0,0,0,0,0,0,,next-tick,true,"{""base_notional"": 10.0, ""edge_threshold"": 0.05, ""force_flatten_seconds"": 60.0, ""max_atr_slope"": 1.5, ""max_net_ratio"": 0.25, ""max_probability_mid_band"": 0.0, ""max_wickiness"": 0.75, ""min_abs_edge"": 0.0, ""min_probability_confidence"": 0.1, ""min_seconds_to_close"": 30.0, ""min_volatility"": 1.0, ""probability_model"": ""bayesian_markov""}",/home/matt/workspace/kalshi-btc-15m-bot/runs/strategy_probability_mm_v0/kalshi-prob-mm-opt-20260520T071704Z-train-019
strategy_probability_mm_v0,kalshi-prob-mm-opt-20260520T071704Z-train-020,kalshi,kalshi-btc-1s,/home/matt/workspace/kalshi-btc-15m-bot/feed/kalshi-btc-1s.sqlite3,0,0,0,0,0,0,0,0,0,0,,next-tick,true,"{""base_notional"": 10.0, ""edge_threshold"": 0.05, ""force_flatten_seconds"": 60.0, ""max_atr_slope"": 1.5, ""max_net_ratio"": 0.25, ""max_probability_mid_band"": 0.0, ""max_wickiness"": 0.75, ""min_abs_edge"": 0.0, ""min_probability_confidence"": 0.2, ""min_seconds_to_close"": 30.0, ""min_volatility"": 1.0, ""probability_model"": ""bayesian_markov""}",/home/matt/workspace/kalshi-btc-15m-bot/runs/strategy_probability_mm_v0/kalshi-prob-mm-opt-20260520T071704Z-train-020
strategy_probability_mm_v0,smoke-brownian_edge_high_confidence-20260522T045746Z,kalshi,kalshi-btc-1s,feed/kalshi-btc-1s.sqlite3,0,0,0,0,0,0,0,0,0,0,,next-tick,true,"{""base_notional"": 10.0, ""edge_threshold"": 0.06, ""max_atr_slope"": 1.2, ""max_probability_mid_band"": 0.08, ""max_wickiness"": 0.7, ""min_abs_edge"": 0.04, ""min_seconds_to_close"": 75.0, ""min_volatility"": 1.0, ""probability_model"": ""brownian""}",runs/strategy_probability_mm_v0/smoke-brownian_edge_high_confidence-20260522T045746Z
strategy_probability_mm_v0,venue-strategy-matrix-20260520T003002Z-kalshi-strategy_probability_mm_v0,kalshi,kalshi-btc-1s,/home/matt/workspace/kalshi-btc-15m-bot/feed/kalshi-btc-1s.sqlite3,143,1383.568017,0,0,0,0,0,0,0,0,unsettled_no_snapshot,next-tick,true,{},/home/matt/workspace/kalshi-btc-15m-bot/runs/strategy_probability_mm_v0/venue-strategy-matrix-20260520T003002Z-kalshi-strategy_probability_mm_v0
volatility_hedge,venue-strategy-matrix-20260520T003002Z-kalshi-volatility_hedge,kalshi,kalshi-btc-1s,/home/matt/workspace/kalshi-btc-15m-bot/feed/kalshi-btc-1s.sqlite3,0,0,0,0,0,0,0,0,0,0,,next-tick,true,{},/home/matt/workspace/kalshi-btc-15m-bot/runs/volatility_hedge/venue-strategy-matrix-20260520T003002Z-kalshi-volatility_hedge
volatility_hedge,venue-strategy-matrix-20260520T003002Z-polymarket-volatility_hedge,polymarket,polymarket-btc-1s,/home/matt/workspace/kalshi-btc-15m-bot/feed/polymarket-btc-1s.sqlite3,0,0,0,0,0,0,0,0,0,0,,next-tick,true,{},/home/matt/workspace/kalshi-btc-15m-bot/runs/volatility_hedge/venue-strategy-matrix-20260520T003002Z-polymarket-volatility_hedge
volatility_hedge,venue-strategy-matrix-20260520T005455Z-kalshi-volatility_hedge,kalshi,kalshi-btc-1s,/home/matt/workspace/kalshi-btc-15m-bot/feed/kalshi-btc-1s.sqlite3,0,0,0,0,0,0,0,0,0,0,,next-tick,true,{},/home/matt/workspace/kalshi-btc-15m-bot/runs/volatility_hedge/venue-strategy-matrix-20260520T005455Z-kalshi-volatility_hedge
volatility_inventory,venue-strategy-matrix-20260520T003002Z-kalshi-volatility_inventory,kalshi,kalshi-btc-1s,/home/matt/workspace/kalshi-btc-15m-bot/feed/kalshi-btc-1s.sqlite3,4985,144267.578125,0,0,0,0,0,0,0,0,unsettled_no_snapshot,next-tick,true,{},/home/matt/workspace/kalshi-btc-15m-bot/runs/volatility_inventory/venue-strategy-matrix-20260520T003002Z-kalshi-volatility_inventory
strategy_probability_mm_v0,kalshi-prob-mm-opt-20260520T063335Z-train-010,kalshi,kalshi-btc-1s,/home/matt/workspace/kalshi-btc-15m-bot/feed/kalshi-btc-1s.sqlite3,732,6813.355229,-0.745486,844.44833,-845.193816,843.916071,67.558058,0.99972,-0.001325,277.742365,kalshi_api,next-tick,true,"{""base_notional"": 10.0, ""edge_threshold"": 0.05, ""force_flatten_seconds"": 60.0, ""max_atr_slope"": 1.5, ""max_net_ratio"": 0.3, ""max_wickiness"": 0.75, ""min_seconds_to_close"": 30.0, ""min_volatility"": 1.0, ""probability_model"": ""bayesian_markov""}",/home/matt/workspace/kalshi-btc-15m-bot/runs/strategy_probability_mm_v0/kalshi-prob-mm-opt-20260520T063335Z-train-010
strategy_probability_mm_v0,kalshi-prob-mm-opt-20260520T063847Z-train-010,kalshi,kalshi-btc-1s,/home/matt/workspace/kalshi-btc-15m-bot/feed/kalshi-btc-1s.sqlite3,732,6813.355229,-0.745486,844.44833,-845.193816,843.916071,67.558058,0.99972,-0.001325,277.742365,kalshi_api,next-tick,true,"{""base_notional"": 10.0, ""edge_threshold"": 0.05, ""force_flatten_seconds"": 60.0, ""max_atr_slope"": 1.5, ""max_net_ratio"": 0.3, ""max_wickiness"": 0.75, ""min_seconds_to_close"": 30.0, ""min_volatility"": 1.0, ""probability_model"": ""bayesian_markov""}",/home/matt/workspace/kalshi-btc-15m-bot/runs/strategy_probability_mm_v0/kalshi-prob-mm-opt-20260520T063847Z-train-010
strategy_probability_mm_v0,kalshi-prob-mm-opt-20260520T071704Z-train-010,kalshi,kalshi-btc-1s,/home/matt/workspace/kalshi-btc-15m-bot/feed/kalshi-btc-1s.sqlite3,732,6813.355229,-0.745486,844.44833,-845.193816,843.916071,67.558058,0.99972,-0.001325,277.742365,kalshi_api,next-tick,true,"{""base_notional"": 10.0, ""edge_threshold"": 0.05, ""force_flatten_seconds"": 60.0, ""max_atr_slope"": 1.5, ""max_net_ratio"": 0.3, ""max_probability_mid_band"": 0.0, ""max_wickiness"": 0.75, ""min_abs_edge"": 0.0, ""min_probability_confidence"": 0.0, ""min_seconds_to_close"": 30.0, ""min_volatility"": 1.0, ""probability_model"": ""bayesian_markov""}",/home/matt/workspace/kalshi-btc-15m-bot/runs/strategy_probability_mm_v0/kalshi-prob-mm-opt-20260520T071704Z-train-010
strategy_probability_mm_v0,kalshi-prob-mm-opt-20260520T014359Z-train-010,kalshi,kalshi-btc-1s,/home/matt/workspace/kalshi-btc-15m-bot/feed/kalshi-btc-1s.sqlite3,825,8090.793421,-1.673149,968.448485,-970.121634,1013.02817,310.446687,0.999618,-0.002807,248.862172,kalshi_api,next-tick,true,"{""base_notional"": 10.0, ""edge_threshold"": 0.03, ""force_flatten_seconds"": 30.0, ""max_atr_slope"": 1.5, ""max_net_ratio"": 0.25, ""max_wickiness"": 0.75, ""min_seconds_to_close"": 30.0, ""min_volatility"": 1.0}",/home/matt/workspace/kalshi-btc-15m-bot/runs/strategy_probability_mm_v0/kalshi-prob-mm-opt-20260520T014359Z-train-010
strategy_probability_mm_v0,kalshi-prob-mm-opt-20260520T021230Z-train-010,kalshi,kalshi-btc-1s,/home/matt/workspace/kalshi-btc-15m-bot/feed/kalshi-btc-1s.sqlite3,825,8090.793421,-1.673149,968.448485,-970.121634,1013.02817,310.446687,0.999618,-0.002807,248.862172,kalshi_api,next-tick,true,"{""base_notional"": 10.0, ""edge_threshold"": 0.03, ""force_flatten_seconds"": 30.0, ""max_atr_slope"": 1.5, ""max_net_ratio"": 0.25, ""max_wickiness"": 0.75, ""min_seconds_to_close"": 30.0, ""min_volatility"": 1.0}",/home/matt/workspace/kalshi-btc-15m-bot/runs/strategy_probability_mm_v0/kalshi-prob-mm-opt-20260520T021230Z-train-010
strategy_probability_mm_v0,kalshi-prob-mm-opt-20260520T071704Z-train-024,kalshi,kalshi-btc-1s,/home/matt/workspace/kalshi-btc-15m-bot/feed/kalshi-btc-1s.sqlite3,661,6118.250548,-5.20783,770.567791,-775.775621,770.065502,67.558058,0.997816,-0.010577,251.49894,kalshi_api,next-tick,true,"{""base_notional"": 10.0, ""edge_threshold"": 0.05, ""force_flatten_seconds"": 60.0, ""max_atr_slope"": 1.5, ""max_net_ratio"": 0.25, ""max_probability_mid_band"": 0.1, ""max_wickiness"": 0.75, ""min_abs_edge"": 0.0, ""min_probability_confidence"": 0.0, ""min_seconds_to_close"": 30.0, ""min_volatility"": 1.0, ""probability_model"": ""bayesian_markov""}",/home/matt/workspace/kalshi-btc-15m-bot/runs/strategy_probability_mm_v0/kalshi-prob-mm-opt-20260520T071704Z-train-024
strategy_probability_mm_v0,kalshi-prob-mm-opt-20260520T062931Z-train-003,kalshi,kalshi-btc-1s,/home/matt/workspace/kalshi-btc-15m-bot/feed/kalshi-btc-1s.sqlite3,712,6652.571583,-5.480432,870.079723,-875.560155,864.176239,90.909091,0.997841,-0.009742,298.553917,kalshi_api,next-tick,true,"{""base_notional"": 10.0, ""edge_threshold"": 0.055, ""force_flatten_seconds"": 60.0, ""max_atr_slope"": 1.5, ""max_net_ratio"": 0.25, ""max_wickiness"": 0.75, ""min_seconds_to_close"": 30.0, ""min_volatility"": 1.0, ""probability_model"": ""bayesian_markov""}",/home/matt/workspace/kalshi-btc-15m-bot/runs/strategy_probability_mm_v0/kalshi-prob-mm-opt-20260520T062931Z-train-003
strategy_probability_mm_v0,kalshi-prob-mm-opt-20260520T063335Z-train-003,kalshi,kalshi-btc-1s,/home/matt/workspace/kalshi-btc-15m-bot/feed/kalshi-btc-1s.sqlite3,712,6652.571583,-5.480432,870.079723,-875.560155,864.176239,90.909091,0.997841,-0.009742,298.553917,kalshi_api,next-tick,true,"{""base_notional"": 10.0, ""edge_threshold"": 0.055, ""force_flatten_seconds"": 60.0, ""max_atr_slope"": 1.5, ""max_net_ratio"": 0.25, ""max_wickiness"": 0.75, ""min_seconds_to_close"": 30.0, ""min_volatility"": 1.0, ""probability_model"": ""bayesian_markov""}",/home/matt/workspace/kalshi-btc-15m-bot/runs/strategy_probability_mm_v0/kalshi-prob-mm-opt-20260520T063335Z-train-003
strategy_probability_mm_v0,kalshi-prob-mm-opt-20260520T063847Z-train-003,kalshi,kalshi-btc-1s,/home/matt/workspace/kalshi-btc-15m-bot/feed/kalshi-btc-1s.sqlite3,712,6652.571583,-5.480432,870.079723,-875.560155,864.176239,90.909091,0.997841,-0.009742,298.553917,kalshi_api,next-tick,true,"{""base_notional"": 10.0, ""edge_threshold"": 0.055, ""force_flatten_seconds"": 60.0, ""max_atr_slope"": 1.5, ""max_net_ratio"": 0.25, ""max_wickiness"": 0.75, ""min_seconds_to_close"": 30.0, ""min_volatility"": 1.0, ""probability_model"": ""bayesian_markov""}",/home/matt/workspace/kalshi-btc-15m-bot/runs/strategy_probability_mm_v0/kalshi-prob-mm-opt-20260520T063847Z-train-003
strategy_probability_mm_v0,kalshi-prob-mm-opt-20260520T071704Z-train-003,kalshi,kalshi-btc-1s,/home/matt/workspace/kalshi-btc-15m-bot/feed/kalshi-btc-1s.sqlite3,712,6652.571583,-5.480432,870.079723,-875.560155,864.176239,90.909091,0.997841,-0.009742,298.553917,kalshi_api,next-tick,true,"{""base_notional"": 10.0, ""edge_threshold"": 0.055, ""force_flatten_seconds"": 60.0, ""max_atr_slope"": 1.5, ""max_net_ratio"": 0.25, ""max_probability_mid_band"": 0.0, ""max_wickiness"": 0.75, ""min_abs_edge"": 0.0, ""min_probability_confidence"": 0.0, ""min_seconds_to_close"": 30.0, ""min_volatility"": 1.0, ""probability_model"": ""bayesian_markov""}",/home/matt/workspace/kalshi-btc-15m-bot/runs/strategy_probability_mm_v0/kalshi-prob-mm-opt-20260520T071704Z-train-003
complement_ladder_v0,complement-ladder-tuned-20260518T050406Z,kalshi,kalshi-btc-1s,feed/kalshi-btc-1s.sqlite3,13407,850.394606,-5.638869,35.163563,-40.802432,36.302194,10.211312,0.965089,-0.08877,33.153468,mixed,next-tick,true,{},runs/complement_ladder_v0/complement-ladder-tuned-20260518T050406Z
strategy_probability_mm_v0,venue-strategy-matrix-20260520T003002Z-polymarket-strategy_probability_mm_v0,polymarket,polymarket-btc-1s,/home/matt/workspace/kalshi-btc-15m-bot/feed/polymarket-btc-1s.sqlite3,114,1050.505592,-6.616084,21.917097,-28.533181,21.925351,23.255814,0.986801,-0.092384,60.635018,replay_final_snapshot,next-tick,true,{},/home/matt/workspace/kalshi-btc-15m-bot/runs/strategy_probability_mm_v0/venue-strategy-matrix-20260520T003002Z-polymarket-strategy_probability_mm_v0
simple_inventory_mm,all-strategies-smallcap-simple_inventory_mm-1778995976,kalshi,kalshi-btc-1s,feed/kalshi-btc-1s.sqlite3,1004,749.103187,-7.771706,0,0,6.594199,10.152785,0.975688,-0.175257,33.968977,mixed,next-tick,true,"{""cheap_add_contracts"": 2, ""cheap_limit_price"": 0.4, ""max_gross_contracts"": 30, ""max_net_contracts"": 10, ""min_seconds_between_orders"": 0, ""repair_add_contracts"": 2, ""repair_window_seconds"": 300, ""rich_add_contracts"": 1, ""seed_add_contracts"": 2, ""very_cheap_add_contracts"": 3}",runs/simple_inventory_mm/all-strategies-smallcap-simple_inventory_mm-1778995976
simple_inventory_mm,venue-strategy-matrix-20260520T005455Z-kalshi-simple_inventory_mm,kalshi,kalshi-btc-1s,/home/matt/workspace/kalshi-btc-15m-bot/feed/kalshi-btc-1s.sqlite3,1041,3712.011223,-9.593745,427.492805,-437.08655,428.264144,26.200466,0.99485,-0.035086,85.954551,mixed,next-tick,true,{},/home/matt/workspace/kalshi-btc-15m-bot/runs/simple_inventory_mm/venue-strategy-matrix-20260520T005455Z-kalshi-simple_inventory_mm
simple_inventory_mm,limit5-net200-gross200-recycle-bankroll2000-20260517T162153Z,kalshi,kalshi-btc-1s,feed/kalshi-btc-1s.sqlite3,32219,14020.05112,-9.810969,0,0,49.957273,181.553024,0.99757,-0.00771,302.476618,mixed,next-tick,true,"{""cheap_add_contracts"": 5, ""cheap_limit_price"": 0.4, ""max_gross_contracts"": 200, ""max_net_contracts"": 200, ""min_seconds_between_orders"": 0, ""repair_add_contracts"": 5, ""repair_window_seconds"": 300, ""rich_add_contracts"": 5, ""seed_add_contracts"": 5, ""very_cheap_add_contracts"": 5}",runs/simple_inventory_mm/limit5-net200-gross200-recycle-bankroll2000-20260517T162153Z
complement_ladder_v0,venue-strategy-matrix-20260520T003002Z-polymarket-complement_ladder_v0,polymarket,polymarket-btc-1s,/home/matt/workspace/kalshi-btc-15m-bot/feed/polymarket-btc-1s.sqlite3,2291,129.475415,-9.986653,14.028122,-24.014775,14.810218,10.088203,0.828657,-0.479459,22.104483,replay_final_snapshot,next-tick,true,{},/home/matt/workspace/kalshi-btc-15m-bot/runs/complement_ladder_v0/venue-strategy-matrix-20260520T003002Z-polymarket-complement_ladder_v0
strategy_probability_mm_v0,kalshi-prob-mm-opt-20260520T063335Z-train-012,kalshi,kalshi-btc-1s,/home/matt/workspace/kalshi-btc-15m-bot/feed/kalshi-btc-1s.sqlite3,760,6984.617476,-10.131331,501.80411,-511.935441,501.386384,67.558058,0.99586,-0.019201,213.9646,kalshi_api,next-tick,true,"{""base_notional"": 10.0, ""edge_threshold"": 0.05, ""force_flatten_seconds"": 90.0, ""max_atr_slope"": 1.5, ""max_net_ratio"": 0.25, ""max_wickiness"": 0.75, ""min_seconds_to_close"": 30.0, ""min_volatility"": 1.0, ""probability_model"": ""bayesian_markov""}",/home/matt/workspace/kalshi-btc-15m-bot/runs/strategy_probability_mm_v0/kalshi-prob-mm-opt-20260520T063335Z-train-012
strategy_probability_mm_v0,kalshi-prob-mm-opt-20260520T063847Z-train-012,kalshi,kalshi-btc-1s,/home/matt/workspace/kalshi-btc-15m-bot/feed/kalshi-btc-1s.sqlite3,760,6984.617476,-10.131331,501.80411,-511.935441,501.386384,67.558058,0.99586,-0.019201,213.9646,kalshi_api,next-tick,true,"{""base_notional"": 10.0, ""edge_threshold"": 0.05, ""force_flatten_seconds"": 90.0, ""max_atr_slope"": 1.5, ""max_net_ratio"": 0.25, ""max_wickiness"": 0.75, ""min_seconds_to_close"": 30.0, ""min_volatility"": 1.0, ""probability_model"": ""bayesian_markov""}",/home/matt/workspace/kalshi-btc-15m-bot/runs/strategy_probability_mm_v0/kalshi-prob-mm-opt-20260520T063847Z-train-012
strategy_probability_mm_v0,kalshi-prob-mm-opt-20260520T071704Z-train-012,kalshi,kalshi-btc-1s,/home/matt/workspace/kalshi-btc-15m-bot/feed/kalshi-btc-1s.sqlite3,760,6984.617476,-10.131331,501.80411,-511.935441,501.386384,67.558058,0.99586,-0.019201,213.9646,kalshi_api,next-tick,true,"{""base_notional"": 10.0, ""edge_threshold"": 0.05, ""force_flatten_seconds"": 90.0, ""max_atr_slope"": 1.5, ""max_net_ratio"": 0.25, ""max_probability_mid_band"": 0.0, ""max_wickiness"": 0.75, ""min_abs_edge"": 0.0, ""min_probability_confidence"": 0.0, ""min_seconds_to_close"": 30.0, ""min_volatility"": 1.0, ""probability_model"": ""bayesian_markov""}",/home/matt/workspace/kalshi-btc-15m-bot/runs/strategy_probability_mm_v0/kalshi-prob-mm-opt-20260520T071704Z-train-012
strategy_probability_mm_v0,kalshi-prob-mm-opt-20260520T060741Z-train-003,kalshi,kalshi-btc-1s,/home/matt/workspace/kalshi-btc-15m-bot/feed/kalshi-btc-1s.sqlite3,641,5875.440987,-11.358854,418.094497,-429.453351,415.986925,41.070492,0.99582,-0.026682,115.414093,kalshi_api,next-tick,true,"{""base_notional"": 10.0, ""edge_threshold"": 0.02, ""force_flatten_seconds"": 60.0, ""max_atr_slope"": 1.5, ""max_net_ratio"": 0.25, ""max_wickiness"": 0.75, ""min_seconds_to_close"": 30.0, ""min_volatility"": 1.0, ""probability_model"": ""bayesian_markov""}",/home/matt/workspace/kalshi-btc-15m-bot/runs/strategy_probability_mm_v0/kalshi-prob-mm-opt-20260520T060741Z-train-003
strategy_probability_mm_v0,kalshi-prob-mm-opt-20260520T061323Z-train-003,kalshi,kalshi-btc-1s,/home/matt/workspace/kalshi-btc-15m-bot/feed/kalshi-btc-1s.sqlite3,641,5875.440987,-11.358854,418.094497,-429.453351,415.986925,41.070492,0.99582,-0.026682,115.414093,kalshi_api,next-tick,true,"{""base_notional"": 10.0, ""edge_threshold"": 0.02, ""force_flatten_seconds"": 60.0, ""max_atr_slope"": 1.5, ""max_net_ratio"": 0.25, ""max_wickiness"": 0.75, ""min_seconds_to_close"": 30.0, ""min_volatility"": 1.0, ""probability_model"": ""bayesian_markov""}",/home/matt/workspace/kalshi-btc-15m-bot/runs/strategy_probability_mm_v0/kalshi-prob-mm-opt-20260520T061323Z-train-003
breakout_momentum,improved-20260516T055637Z,kalshi,kalshi-btc-1s,feed/kalshi-btc-1s.sqlite3,47,1175.0,-11.993381,0,0,0,0,0.952026,-0.294781,250.0,replay_final_snapshot,,false,{},runs/breakout_momentum/improved-20260516T055637Z
breakout_momentum,bankroll200-allstats-breakout_momentum-1778996866,kalshi,kalshi-btc-1s,feed/kalshi-btc-1s.sqlite3,39,195.0,-12.522013,0,0,0,64.097887,0.721733,-1.885386,45.0,kalshi_api,next-tick,true,{},runs/breakout_momentum/bankroll200-allstats-breakout_momentum-1778996866
strategy_probability_mm_v0,kalshi-prob-mm-opt-20260520T013309Z-validation-006,kalshi,kalshi-btc-1s,/home/matt/workspace/kalshi-btc-15m-bot/feed/kalshi-btc-1s.sqlite3,205,991.697171,-13.026773,33.813458,-46.84023,35.23627,39.682019,0.970114,-0.213012,41.78754,mixed,next-tick,true,"{""base_notional"": 5.0, ""edge_threshold"": 0.03, ""force_flatten_seconds"": 60.0, ""max_atr_slope"": 1.5, ""max_net_ratio"": 0.25, ""max_wickiness"": 0.75, ""min_seconds_to_close"": 30.0, ""min_volatility"": 1.0}",/home/matt/workspace/kalshi-btc-15m-bot/runs/strategy_probability_mm_v0/kalshi-prob-mm-opt-20260520T013309Z-validation-006
strategy_probability_mm_v0,kalshi-prob-mm-opt-20260520T014359Z-validation-006,kalshi,kalshi-btc-1s,/home/matt/workspace/kalshi-btc-15m-bot/feed/kalshi-btc-1s.sqlite3,205,991.697171,-13.026773,33.813458,-46.84023,35.23627,39.682019,0.970114,-0.213012,41.78754,mixed,next-tick,true,"{""base_notional"": 5.0, ""edge_threshold"": 0.03, ""force_flatten_seconds"": 60.0, ""max_atr_slope"": 1.5, ""max_net_ratio"": 0.25, ""max_wickiness"": 0.75, ""min_seconds_to_close"": 30.0, ""min_volatility"": 1.0}",/home/matt/workspace/kalshi-btc-15m-bot/runs/strategy_probability_mm_v0/kalshi-prob-mm-opt-20260520T014359Z-validation-006
strategy_probability_mm_v0,kalshi-prob-mm-opt-20260520T021230Z-validation-006,kalshi,kalshi-btc-1s,/home/matt/workspace/kalshi-btc-15m-bot/feed/kalshi-btc-1s.sqlite3,205,991.697171,-13.026773,33.813458,-46.84023,35.23627,39.682019,0.970114,-0.213012,41.78754,mixed,next-tick,true,"{""base_notional"": 5.0, ""edge_threshold"": 0.03, ""force_flatten_seconds"": 60.0, ""max_atr_slope"": 1.5, ""max_net_ratio"": 0.25, ""max_wickiness"": 0.75, ""min_seconds_to_close"": 30.0, ""min_volatility"": 1.0}",/home/matt/workspace/kalshi-btc-15m-bot/runs/strategy_probability_mm_v0/kalshi-prob-mm-opt-20260520T021230Z-validation-006
complement_ladder_v0,complement-ladder-tuned-backfill-20260518T051043Z,kalshi,kalshi-btc-1s,feed/kalshi-btc-1s.sqlite3,13407,850.394606,-14.026464,77.640464,-91.666928,79.834952,10.443607,0.962531,-0.092672,33.153468,kalshi_api,next-tick,true,{},runs/complement_ladder_v0/complement-ladder-tuned-backfill-20260518T051043Z
seed_cheap_accumulate_repair_v1,seed200_r300_net0.45-20260518T061517Z,kalshi,kalshi-btc-1s,feed/kalshi-btc-1s.sqlite3,1394,12396.818097,-14.164927,953.367696,-967.532623,1266.147392,182.899173,0.997497,-0.012035,266.177297,mixed,next-tick,true,"{""cheap_price"": 0.15, ""max_net_ratio"": 0.45, ""max_total_cost"": 200, ""min_order_contracts"": 5, ""min_seconds_between_orders"": 5, ""normal_spend"": 1, ""repair_start_seconds"": 300, ""seed_hedge_spend"": 10, ""seed_primary_spend"": 30, ""very_cheap_price"": 0.08, ""very_cheap_spend"": 2}",runs/seed_cheap_accumulate_repair_v1/seed200_r300_net0.45-20260518T061517Z
strategy_probability_mm_v0,kalshi-prob-mm-opt-20260520T021230Z-train-024,kalshi,kalshi-btc-1s,/home/matt/workspace/kalshi-btc-15m-bot/feed/kalshi-btc-1s.sqlite3,384,5760.0,-14.843969,1084.816068,-1099.660037,1084.816068,68.181818,0.995753,-0.032742,209.189837,kalshi_api,next-tick,true,"{""base_notional"": 15.0, ""edge_threshold"": 0.08, ""force_flatten_seconds"": 60.0, ""max_atr_slope"": 1.5, ""max_net_ratio"": 0.1, ""max_wickiness"": 0.6, ""min_seconds_to_close"": 120.0, ""min_volatility"": 2.0}",/home/matt/workspace/kalshi-btc-15m-bot/runs/strategy_probability_mm_v0/kalshi-prob-mm-opt-20260520T021230Z-train-024
strategy_probability_mm_v0,kalshi-prob-mm-opt-20260520T062931Z-train-006,kalshi,kalshi-btc-1s,/home/matt/workspace/kalshi-btc-15m-bot/feed/kalshi-btc-1s.sqlite3,646,3047.02733,-15.166906,379.118499,-394.285405,378.851551,33.779029,0.987414,-0.062221,124.680762,kalshi_api,next-tick,true,"{""base_notional"": 5.0, ""edge_threshold"": 0.05, ""force_flatten_seconds"": 60.0, ""max_atr_slope"": 1.5, ""max_net_ratio"": 0.25, ""max_wickiness"": 0.75, ""min_seconds_to_close"": 30.0, ""min_volatility"": 1.0, ""probability_model"": ""bayesian_markov""}",/home/matt/workspace/kalshi-btc-15m-bot/runs/strategy_probability_mm_v0/kalshi-prob-mm-opt-20260520T062931Z-train-006
strategy_probability_mm_v0,kalshi-prob-mm-opt-20260520T063335Z-train-006,kalshi,kalshi-btc-1s,/home/matt/workspace/kalshi-btc-15m-bot/feed/kalshi-btc-1s.sqlite3,646,3047.02733,-15.166906,379.118499,-394.285405,378.851551,33.779029,0.987414,-0.062221,124.680762,kalshi_api,next-tick,true,"{""base_notional"": 5.0, ""edge_threshold"": 0.05, ""force_flatten_seconds"": 60.0, ""max_atr_slope"": 1.5, ""max_net_ratio"": 0.25, ""max_wickiness"": 0.75, ""min_seconds_to_close"": 30.0, ""min_volatility"": 1.0, ""probability_model"": ""bayesian_markov""}",/home/matt/workspace/kalshi-btc-15m-bot/runs/strategy_probability_mm_v0/kalshi-prob-mm-opt-20260520T063335Z-train-006
strategy_probability_mm_v0,kalshi-prob-mm-opt-20260520T063847Z-train-006,kalshi,kalshi-btc-1s,/home/matt/workspace/kalshi-btc-15m-bot/feed/kalshi-btc-1s.sqlite3,646,3047.02733,-15.166906,379.118499,-394.285405,378.851551,33.779029,0.987414,-0.062221,124.680762,kalshi_api,next-tick,true,"{""base_notional"": 5.0, ""edge_threshold"": 0.05, ""force_flatten_seconds"": 60.0, ""max_atr_slope"": 1.5, ""max_net_ratio"": 0.25, ""max_wickiness"": 0.75, ""min_seconds_to_close"": 30.0, ""min_volatility"": 1.0, ""probability_model"": ""bayesian_markov""}",/home/matt/workspace/kalshi-btc-15m-bot/runs/strategy_probability_mm_v0/kalshi-prob-mm-opt-20260520T063847Z-train-006
strategy_probability_mm_v0,kalshi-prob-mm-opt-20260520T071704Z-train-006,kalshi,kalshi-btc-1s,/home/matt/workspace/kalshi-btc-15m-bot/feed/kalshi-btc-1s.sqlite3,646,3047.02733,-15.166906,379.118499,-394.285405,378.851551,33.779029,0.987414,-0.062221,124.680762,kalshi_api,next-tick,true,"{""base_notional"": 5.0, ""edge_threshold"": 0.05, ""force_flatten_seconds"": 60.0, ""max_atr_slope"": 1.5, ""max_net_ratio"": 0.25, ""max_probability_mid_band"": 0.0, ""max_wickiness"": 0.75, ""min_abs_edge"": 0.0, ""min_probability_confidence"": 0.0, ""min_seconds_to_close"": 30.0, ""min_volatility"": 1.0, ""probability_model"": ""bayesian_markov""}",/home/matt/workspace/kalshi-btc-15m-bot/runs/strategy_probability_mm_v0/kalshi-prob-mm-opt-20260520T071704Z-train-006
strategy_probability_mm_v0,kalshi-prob-mm-opt-20260520T062931Z-train-008,kalshi,kalshi-btc-1s,/home/matt/workspace/kalshi-btc-15m-bot/feed/kalshi-btc-1s.sqlite3,636,5821.618353,-15.467285,703.743073,-719.210358,703.660183,67.558058,0.993325,-0.032506,265.053141,kalshi_api,next-tick,true,"{""base_notional"": 10.0, ""edge_threshold"": 0.05, ""force_flatten_seconds"": 60.0, ""max_atr_slope"": 1.5, ""max_net_ratio"": 0.15, ""max_wickiness"": 0.75, ""min_seconds_to_close"": 30.0, ""min_volatility"": 1.0, ""probability_model"": ""bayesian_markov""}",/home/matt/workspace/kalshi-btc-15m-bot/runs/strategy_probability_mm_v0/kalshi-prob-mm-opt-20260520T062931Z-train-008
strategy_probability_mm_v0,kalshi-prob-mm-opt-20260520T063335Z-train-008,kalshi,kalshi-btc-1s,/home/matt/workspace/kalshi-btc-15m-bot/feed/kalshi-btc-1s.sqlite3,636,5821.618353,-15.467285,703.743073,-719.210358,703.660183,67.558058,0.993325,-0.032506,265.053141,kalshi_api,next-tick,true,"{""base_notional"": 10.0, ""edge_threshold"": 0.05, ""force_flatten_seconds"": 60.0, ""max_atr_slope"": 1.5, ""max_net_ratio"": 0.15, ""max_wickiness"": 0.75, ""min_seconds_to_close"": 30.0, ""min_volatility"": 1.0, ""probability_model"": ""bayesian_markov""}",/home/matt/workspace/kalshi-btc-15m-bot/runs/strategy_probability_mm_v0/kalshi-prob-mm-opt-20260520T063335Z-train-008
strategy_probability_mm_v0,kalshi-prob-mm-opt-20260520T063847Z-train-008,kalshi,kalshi-btc-1s,/home/matt/workspace/kalshi-btc-15m-bot/feed/kalshi-btc-1s.sqlite3,636,5821.618353,-15.467285,703.743073,-719.210358,703.660183,67.558058,0.993325,-0.032506,265.053141,kalshi_api,next-tick,true,"{""base_notional"": 10.0, ""edge_threshold"": 0.05, ""force_flatten_seconds"": 60.0, ""max_atr_slope"": 1.5, ""max_net_ratio"": 0.15, ""max_wickiness"": 0.75, ""min_seconds_to_close"": 30.0, ""min_volatility"": 1.0, ""probability_model"": ""bayesian_markov""}",/home/matt/workspace/kalshi-btc-15m-bot/runs/strategy_probability_mm_v0/kalshi-prob-mm-opt-20260520T063847Z-train-008
strategy_probability_mm_v0,kalshi-prob-mm-opt-20260520T071704Z-train-008,kalshi,kalshi-btc-1s,/home/matt/workspace/kalshi-btc-15m-bot/feed/kalshi-btc-1s.sqlite3,636,5821.618353,-15.467285,703.743073,-719.210358,703.660183,67.558058,0.993325,-0.032506,265.053141,kalshi_api,next-tick,true,"{""base_notional"": 10.0, ""edge_threshold"": 0.05, ""force_flatten_seconds"": 60.0, ""max_atr_slope"": 1.5, ""max_net_ratio"": 0.15, ""max_probability_mid_band"": 0.0, ""max_wickiness"": 0.75, ""min_abs_edge"": 0.0, ""min_probability_confidence"": 0.0, ""min_seconds_to_close"": 30.0, ""min_volatility"": 1.0, ""probability_model"": ""bayesian_markov""}",/home/matt/workspace/kalshi-btc-15m-bot/runs/strategy_probability_mm_v0/kalshi-prob-mm-opt-20260520T071704Z-train-008
strategy_probability_mm_v0,kalshi-prob-mm-opt-20260520T063335Z-train-011,kalshi,kalshi-btc-1s,/home/matt/workspace/kalshi-btc-15m-bot/feed/kalshi-btc-1s.sqlite3,574,5408.099485,-16.807593,946.596703,-963.404296,945.774536,71.428571,0.992946,-0.03658,260.132973,kalshi_api,next-tick,true,"{""base_notional"": 10.0, ""edge_threshold"": 0.05, ""force_flatten_seconds"": 45.0, ""max_atr_slope"": 1.5, ""max_net_ratio"": 0.25, ""max_wickiness"": 0.75, ""min_seconds_to_close"": 30.0, ""min_volatility"": 1.0, ""probability_model"": ""bayesian_markov""}",/home/matt/workspace/kalshi-btc-15m-bot/runs/strategy_probability_mm_v0/kalshi-prob-mm-opt-20260520T063335Z-train-011
strategy_probability_mm_v0,kalshi-prob-mm-opt-20260520T063847Z-train-011,kalshi,kalshi-btc-1s,/home/matt/workspace/kalshi-btc-15m-bot/feed/kalshi-btc-1s.sqlite3,574,5408.099485,-16.807593,946.596703,-963.404296,945.774536,71.428571,0.992946,-0.03658,260.132973,kalshi_api,next-tick,true,"{""base_notional"": 10.0, ""edge_threshold"": 0.05, ""force_flatten_seconds"": 45.0, ""max_atr_slope"": 1.5, ""max_net_ratio"": 0.25, ""max_wickiness"": 0.75, ""min_seconds_to_close"": 30.0, ""min_volatility"": 1.0, ""probability_model"": ""bayesian_markov""}",/home/matt/workspace/kalshi-btc-15m-bot/runs/strategy_probability_mm_v0/kalshi-prob-mm-opt-20260520T063847Z-train-011
strategy_probability_mm_v0,kalshi-prob-mm-opt-20260520T071704Z-train-011,kalshi,kalshi-btc-1s,/home/matt/workspace/kalshi-btc-15m-bot/feed/kalshi-btc-1s.sqlite3,574,5408.099485,-16.807593,946.596703,-963.404296,945.774536,71.428571,0.992946,-0.03658,260.132973,kalshi_api,next-tick,true,"{""base_notional"": 10.0, ""edge_threshold"": 0.05, ""force_flatten_seconds"": 45.0, ""max_atr_slope"": 1.5, ""max_net_ratio"": 0.25, ""max_probability_mid_band"": 0.0, ""max_wickiness"": 0.75, ""min_abs_edge"": 0.0, ""min_probability_confidence"": 0.0, ""min_seconds_to_close"": 30.0, ""min_volatility"": 1.0, ""probability_model"": ""bayesian_markov""}",/home/matt/workspace/kalshi-btc-15m-bot/runs/strategy_probability_mm_v0/kalshi-prob-mm-opt-20260520T071704Z-train-011
strategy_probability_mm_v0,kalshi-prob-mm-opt-20260520T063847Z-train-013,kalshi,kalshi-btc-1s,/home/matt/workspace/kalshi-btc-15m-bot/feed/kalshi-btc-1s.sqlite3,394,3832.572164,-17.146605,1173.34352,-1190.490125,1176.564462,79.940157,0.992566,-0.045275,284.094707,kalshi_api,next-tick,true,"{""base_notional"": 10.0, ""edge_threshold"": 0.05, ""force_flatten_seconds"": 60.0, ""max_atr_slope"": 1.5, ""max_net_ratio"": 0.25, ""max_wickiness"": 0.75, ""min_seconds_to_close"": 60.0, ""min_volatility"": 1.0, ""probability_model"": ""bayesian_markov""}",/home/matt/workspace/kalshi-btc-15m-bot/runs/strategy_probability_mm_v0/kalshi-prob-mm-opt-20260520T063847Z-train-013
strategy_probability_mm_v0,kalshi-prob-mm-opt-20260520T071704Z-train-013,kalshi,kalshi-btc-1s,/home/matt/workspace/kalshi-btc-15m-bot/feed/kalshi-btc-1s.sqlite3,394,3832.572164,-17.146605,1173.34352,-1190.490125,1176.564462,79.940157,0.992566,-0.045275,284.094707,kalshi_api,next-tick,true,"{""base_notional"": 10.0, ""edge_threshold"": 0.05, ""force_flatten_seconds"": 60.0, ""max_atr_slope"": 1.5, ""max_net_ratio"": 0.25, ""max_probability_mid_band"": 0.0, ""max_wickiness"": 0.75, ""min_abs_edge"": 0.0, ""min_probability_confidence"": 0.0, ""min_seconds_to_close"": 60.0, ""min_volatility"": 1.0, ""probability_model"": ""bayesian_markov""}",/home/matt/workspace/kalshi-btc-15m-bot/runs/strategy_probability_mm_v0/kalshi-prob-mm-opt-20260520T071704Z-train-013
strategy_probability_mm_v0,kalshi-prob-mm-opt-20260520T071704Z-train-023,kalshi,kalshi-btc-1s,/home/matt/workspace/kalshi-btc-15m-bot/feed/kalshi-btc-1s.sqlite3,661,6102.995439,-17.612196,756.309148,-773.921344,755.778049,67.558058,0.992656,-0.035738,249.054872,kalshi_api,next-tick,true,"{""base_notional"": 10.0, ""edge_threshold"": 0.05, ""force_flatten_seconds"": 60.0, ""max_atr_slope"": 1.5, ""max_net_ratio"": 0.25, ""max_probability_mid_band"": 0.05, ""max_wickiness"": 0.75, ""min_abs_edge"": 0.0, ""min_probability_confidence"": 0.0, ""min_seconds_to_close"": 30.0, ""min_volatility"": 1.0, ""probability_model"": ""bayesian_markov""}",/home/matt/workspace/kalshi-btc-15m-bot/runs/strategy_probability_mm_v0/kalshi-prob-mm-opt-20260520T071704Z-train-023
strategy_probability_mm_v0,kalshi-prob-mm-opt-20260520T014359Z-validation-011,kalshi,kalshi-btc-1s,/home/matt/workspace/kalshi-btc-15m-bot/feed/kalshi-btc-1s.sqlite3,249,2261.446584,-17.687157,-15.926184,-1.760973,-16.081315,22.727273,0.979248,-0.136038,77.199637,mixed,next-tick,true,"{""base_notional"": 10.0, ""edge_threshold"": 0.03, ""force_flatten_seconds"": 120.0, ""max_atr_slope"": 1.5, ""max_net_ratio"": 0.25, ""max_wickiness"": 0.75, ""min_seconds_to_close"": 30.0, ""min_volatility"": 1.0}",/home/matt/workspace/kalshi-btc-15m-bot/runs/strategy_probability_mm_v0/kalshi-prob-mm-opt-20260520T014359Z-validation-011
strategy_probability_mm_v0,kalshi-prob-mm-opt-20260520T021230Z-validation-011,kalshi,kalshi-btc-1s,/home/matt/workspace/kalshi-btc-15m-bot/feed/kalshi-btc-1s.sqlite3,249,2261.446584,-17.687157,-15.926184,-1.760973,-16.081315,22.727273,0.979248,-0.136038,77.199637,mixed,next-tick,true,"{""base_notional"": 10.0, ""edge_threshold"": 0.03, ""force_flatten_seconds"": 120.0, ""max_atr_slope"": 1.5, ""max_net_ratio"": 0.25, ""max_wickiness"": 0.75, ""min_seconds_to_close"": 30.0, ""min_volatility"": 1.0}",/home/matt/workspace/kalshi-btc-15m-bot/runs/strategy_probability_mm_v0/kalshi-prob-mm-opt-20260520T021230Z-validation-011
strategy_probability_mm_v0,kalshi-prob-mm-opt-20260520T062931Z-train-004,kalshi,kalshi-btc-1s,/home/matt/workspace/kalshi-btc-15m-bot/feed/kalshi-btc-1s.sqlite3,710,6667.667763,-18.186413,935.642304,-953.828717,929.227422,155.343044,0.992726,-0.030779,181.076359,kalshi_api,next-tick,true,"{""base_notional"": 10.0, ""edge_threshold"": 0.06, ""force_flatten_seconds"": 60.0, ""max_atr_slope"": 1.5, ""max_net_ratio"": 0.25, ""max_wickiness"": 0.75, ""min_seconds_to_close"": 30.0, ""min_volatility"": 1.0, ""probability_model"": ""bayesian_markov""}",/home/matt/workspace/kalshi-btc-15m-bot/runs/strategy_probability_mm_v0/kalshi-prob-mm-opt-20260520T062931Z-train-004
strategy_probability_mm_v0,kalshi-prob-mm-opt-20260520T063335Z-train-004,kalshi,kalshi-btc-1s,/home/matt/workspace/kalshi-btc-15m-bot/feed/kalshi-btc-1s.sqlite3,710,6667.667763,-18.186413,935.642304,-953.828717,929.227422,155.343044,0.992726,-0.030779,181.076359,kalshi_api,next-tick,true,"{""base_notional"": 10.0, ""edge_threshold"": 0.06, ""force_flatten_seconds"": 60.0, ""max_atr_slope"": 1.5, ""max_net_ratio"": 0.25, ""max_wickiness"": 0.75, ""min_seconds_to_close"": 30.0, ""min_volatility"": 1.0, ""probability_model"": ""bayesian_markov""}",/home/matt/workspace/kalshi-btc-15m-bot/runs/strategy_probability_mm_v0/kalshi-prob-mm-opt-20260520T063335Z-train-004
strategy_probability_mm_v0,kalshi-prob-mm-opt-20260520T063847Z-train-004,kalshi,kalshi-btc-1s,/home/matt/workspace/kalshi-btc-15m-bot/feed/kalshi-btc-1s.sqlite3,710,6667.667763,-18.186413,935.642304,-953.828717,929.227422,155.343044,0.992726,-0.030779,181.076359,kalshi_api,next-tick,true,"{""base_notional"": 10.0, ""edge_threshold"": 0.06, ""force_flatten_seconds"": 60.0, ""max_atr_slope"": 1.5, ""max_net_ratio"": 0.25, ""max_wickiness"": 0.75, ""min_seconds_to_close"": 30.0, ""min_volatility"": 1.0, ""probability_model"": ""bayesian_markov""}",/home/matt/workspace/kalshi-btc-15m-bot/runs/strategy_probability_mm_v0/kalshi-prob-mm-opt-20260520T063847Z-train-004
strategy_probability_mm_v0,kalshi-prob-mm-opt-20260520T071704Z-train-004,kalshi,kalshi-btc-1s,/home/matt/workspace/kalshi-btc-15m-bot/feed/kalshi-btc-1s.sqlite3,710,6667.667763,-18.186413,935.642304,-953.828717,929.227422,155.343044,0.992726,-0.030779,181.076359,kalshi_api,next-tick,true,"{""base_notional"": 10.0, ""edge_threshold"": 0.06, ""force_flatten_seconds"": 60.0, ""max_atr_slope"": 1.5, ""max_net_ratio"": 0.25, ""max_probability_mid_band"": 0.0, ""max_wickiness"": 0.75, ""min_abs_edge"": 0.0, ""min_probability_confidence"": 0.0, ""min_seconds_to_close"": 30.0, ""min_volatility"": 1.0, ""probability_model"": ""bayesian_markov""}",/home/matt/workspace/kalshi-btc-15m-bot/runs/strategy_probability_mm_v0/kalshi-prob-mm-opt-20260520T071704Z-train-004
strategy_probability_mm_v0,kalshi-prob-mm-opt-20260520T071704Z-train-022,kalshi,kalshi-btc-1s,/home/matt/workspace/kalshi-btc-15m-bot/feed/kalshi-btc-1s.sqlite3,710,6667.667763,-18.186413,935.642304,-953.828717,929.227422,155.343044,0.992726,-0.030779,181.076359,kalshi_api,next-tick,true,"{""base_notional"": 10.0, ""edge_threshold"": 0.05, ""force_flatten_seconds"": 60.0, ""max_atr_slope"": 1.5, ""max_net_ratio"": 0.25, ""max_probability_mid_band"": 0.0, ""max_wickiness"": 0.75, ""min_abs_edge"": 0.06, ""min_probability_confidence"": 0.0, ""min_seconds_to_close"": 30.0, ""min_volatility"": 1.0, ""probability_model"": ""bayesian_markov""}",/home/matt/workspace/kalshi-btc-15m-bot/runs/strategy_probability_mm_v0/kalshi-prob-mm-opt-20260520T071704Z-train-022
strategy_probability_mm_v0,kalshi-prob-mm-opt-20260520T062931Z-train-007,kalshi,kalshi-btc-1s,/home/matt/workspace/kalshi-btc-15m-bot/feed/kalshi-btc-1s.sqlite3,661,4606.743969,-18.761018,577.764862,-596.52588,577.383852,50.668543,0.989672,-0.050406,186.850617,kalshi_api,next-tick,true,"{""base_notional"": 7.5, ""edge_threshold"": 0.05, ""force_flatten_seconds"": 60.0, ""max_atr_slope"": 1.5, ""max_net_ratio"": 0.25, ""max_wickiness"": 0.75, ""min_seconds_to_close"": 30.0, ""min_volatility"": 1.0, ""probability_model"": ""bayesian_markov""}",/home/matt/workspace/kalshi-btc-15m-bot/runs/strategy_probability_mm_v0/kalshi-prob-mm-opt-20260520T062931Z-train-007
strategy_probability_mm_v0,kalshi-prob-mm-opt-20260520T063335Z-train-007,kalshi,kalshi-btc-1s,/home/matt/workspace/kalshi-btc-15m-bot/feed/kalshi-btc-1s.sqlite3,661,4606.743969,-18.761018,577.764862,-596.52588,577.383852,50.668543,0.989672,-0.050406,186.850617,kalshi_api,next-tick,true,"{""base_notional"": 7.5, ""edge_threshold"": 0.05, ""force_flatten_seconds"": 60.0, ""max_atr_slope"": 1.5, ""max_net_ratio"": 0.25, ""max_wickiness"": 0.75, ""min_seconds_to_close"": 30.0, ""min_volatility"": 1.0, ""probability_model"": ""bayesian_markov""}",/home/matt/workspace/kalshi-btc-15m-bot/runs/strategy_probability_mm_v0/kalshi-prob-mm-opt-20260520T063335Z-train-007
strategy_probability_mm_v0,kalshi-prob-mm-opt-20260520T063847Z-train-007,kalshi,kalshi-btc-1s,/home/matt/workspace/kalshi-btc-15m-bot/feed/kalshi-btc-1s.sqlite3,661,4606.743969,-18.761018,577.764862,-596.52588,577.383852,50.668543,0.989672,-0.050406,186.850617,kalshi_api,next-tick,true,"{""base_notional"": 7.5, ""edge_threshold"": 0.05, ""force_flatten_seconds"": 60.0, ""max_atr_slope"": 1.5, ""max_net_ratio"": 0.25, ""max_wickiness"": 0.75, ""min_seconds_to_close"": 30.0, ""min_volatility"": 1.0, ""probability_model"": ""bayesian_markov""}",/home/matt/workspace/kalshi-btc-15m-bot/runs/strategy_probability_mm_v0/kalshi-prob-mm-opt-20260520T063847Z-train-007
strategy_probability_mm_v0,kalshi-prob-mm-opt-20260520T071704Z-train-007,kalshi,kalshi-btc-1s,/home/matt/workspace/kalshi-btc-15m-bot/feed/kalshi-btc-1s.sqlite3,661,4606.743969,-18.761018,577.764862,-596.52588,577.383852,50.668543,0.989672,-0.050406,186.850617,kalshi_api,next-tick,true,"{""base_notional"": 7.5, ""edge_threshold"": 0.05, ""force_flatten_seconds"": 60.0, ""max_atr_slope"": 1.5, ""max_net_ratio"": 0.25, ""max_probability_mid_band"": 0.0, ""max_wickiness"": 0.75, ""min_abs_edge"": 0.0, ""min_probability_confidence"": 0.0, ""min_seconds_to_close"": 30.0, ""min_volatility"": 1.0, ""probability_model"": ""bayesian_markov""}",/home/matt/workspace/kalshi-btc-15m-bot/runs/strategy_probability_mm_v0/kalshi-prob-mm-opt-20260520T071704Z-train-007
cheap_accumulate_repair_v0,cheap-sweep-cheap12_repair10-20260518T054107Z,kalshi,kalshi-btc-1s,feed/kalshi-btc-1s.sqlite3,188,554.425673,-19.982521,45.687153,-65.669674,45.13666,422.120038,0.91754,-0.368568,73.875231,kalshi_api,next-tick,true,"{""cheap_price"": 0.12, ""direct_pair_cost"": 0.92, ""direct_pair_spend"": 5, ""max_total_cost"": 35, ""min_seconds_between_orders"": 10, ""normal_spend"": 1, ""repair_start_seconds"": 600, ""very_cheap_price"": 0.06, ""very_cheap_spend"": 2}",runs/cheap_accumulate_repair_v0/cheap-sweep-cheap12_repair10-20260518T054107Z
strategy_probability_mm_v0,kalshi-prob-mm-opt-20260520T014359Z-validation-012,kalshi,kalshi-btc-1s,/home/matt/workspace/kalshi-btc-15m-bot/feed/kalshi-btc-1s.sqlite3,179,1731.323613,-20.125735,147.669486,-167.795222,155.944282,93.77568,0.976672,-0.175126,82.917073,mixed,next-tick,true,"{""base_notional"": 10.0, ""edge_threshold"": 0.03, ""force_flatten_seconds"": 60.0, ""max_atr_slope"": 1.5, ""max_net_ratio"": 0.25, ""max_wickiness"": 0.75, ""min_seconds_to_close"": 60.0, ""min_volatility"": 1.0}",/home/matt/workspace/kalshi-btc-15m-bot/runs/strategy_probability_mm_v0/kalshi-prob-mm-opt-20260520T014359Z-validation-012
strategy_probability_mm_v0,kalshi-prob-mm-opt-20260520T021230Z-validation-012,kalshi,kalshi-btc-1s,/home/matt/workspace/kalshi-btc-15m-bot/feed/kalshi-btc-1s.sqlite3,179,1731.323613,-20.125735,147.669486,-167.795222,155.944282,93.77568,0.976672,-0.175126,82.917073,mixed,next-tick,true,"{""base_notional"": 10.0, ""edge_threshold"": 0.03, ""force_flatten_seconds"": 60.0, ""max_atr_slope"": 1.5, ""max_net_ratio"": 0.25, ""max_wickiness"": 0.75, ""min_seconds_to_close"": 60.0, ""min_volatility"": 1.0}",/home/matt/workspace/kalshi-btc-15m-bot/runs/strategy_probability_mm_v0/kalshi-prob-mm-opt-20260520T021230Z-validation-012
strategy_probability_mm_v0,kalshi-prob-mm-opt-20260520T061323Z-train-012,kalshi,kalshi-btc-1s,/home/matt/workspace/kalshi-btc-15m-bot/feed/kalshi-btc-1s.sqlite3,766,6933.479891,-21.024426,59.370432,-80.394858,57.795138,38.461538,0.991637,-0.045443,118.263922,kalshi_api,next-tick,true,"{""base_notional"": 10.0, ""edge_threshold"": 0.03, ""force_flatten_seconds"": 120.0, ""max_atr_slope"": 1.5, ""max_net_ratio"": 0.25, ""max_wickiness"": 0.75, ""min_seconds_to_close"": 30.0, ""min_volatility"": 1.0, ""probability_model"": ""bayesian_markov""}",/home/matt/workspace/kalshi-btc-15m-bot/runs/strategy_probability_mm_v0/kalshi-prob-mm-opt-20260520T061323Z-train-012
strategy_probability_mm_v0,kalshi-prob-mm-opt-20260520T021230Z-test-003,kalshi,kalshi-btc-1s,/home/matt/workspace/kalshi-btc-15m-bot/feed/kalshi-btc-1s.sqlite3,114,1710.0,-21.79175,161.473303,-183.265052,161.473303,75.0,0.972589,-0.215043,127.692948,mixed,next-tick,true,"{""base_notional"": 15.0, ""edge_threshold"": 0.03, ""force_flatten_seconds"": 60.0, ""max_atr_slope"": 1.5, ""max_net_ratio"": 0.1, ""max_wickiness"": 0.6, ""min_seconds_to_close"": 120.0, ""min_volatility"": 2.0}",/home/matt/workspace/kalshi-btc-15m-bot/runs/strategy_probability_mm_v0/kalshi-prob-mm-opt-20260520T021230Z-test-003
cheap_accumulate_repair_v0,cheap-sweep-ultra-20260518T053959Z,kalshi,kalshi-btc-1s,feed/kalshi-btc-1s.sqlite3,352,672.281622,-22.64865,44.881498,-67.530148,46.473293,557.001121,0.941419,-0.226224,183.777916,kalshi_api,next-tick,true,"{""cheap_price"": 0.1, ""direct_pair_cost"": 0.9, ""direct_pair_spend"": 5, ""max_total_cost"": 25, ""min_seconds_between_orders"": 10, ""normal_spend"": 1, ""repair_start_seconds"": 480, ""very_cheap_price"": 0.05, ""very_cheap_spend"": 2}",runs/cheap_accumulate_repair_v0/cheap-sweep-ultra-20260518T053959Z
strategy_probability_mm_v0,kalshi-prob-mm-opt-20260520T012050Z-validation-001,kalshi,kalshi-btc-1s,/home/matt/workspace/kalshi-btc-15m-bot/feed/kalshi-btc-1s.sqlite3,210,1990.129096,-25.548297,64.993714,-90.542012,67.836559,79.364039,0.970694,-0.206109,83.104393,mixed,next-tick,true,"{""base_notional"": 10.0, ""edge_threshold"": 0.03, ""force_flatten_seconds"": 60.0, ""max_atr_slope"": 1.5, ""max_net_ratio"": 0.25, ""max_wickiness"": 0.75, ""min_seconds_to_close"": 30.0, ""min_volatility"": 1.0}",/home/matt/workspace/kalshi-btc-15m-bot/runs/strategy_probability_mm_v0/kalshi-prob-mm-opt-20260520T012050Z-validation-001
strategy_probability_mm_v0,kalshi-prob-mm-opt-20260520T012701Z-validation-001,kalshi,kalshi-btc-1s,/home/matt/workspace/kalshi-btc-15m-bot/feed/kalshi-btc-1s.sqlite3,210,1990.129096,-25.548297,64.993714,-90.542012,67.836559,79.364039,0.970694,-0.206109,83.104393,mixed,next-tick,true,"{""base_notional"": 10.0, ""edge_threshold"": 0.03, ""force_flatten_seconds"": 60.0, ""max_atr_slope"": 1.5, ""max_net_ratio"": 0.25, ""max_wickiness"": 0.75, ""min_seconds_to_close"": 30.0, ""min_volatility"": 1.0}",/home/matt/workspace/kalshi-btc-15m-bot/runs/strategy_probability_mm_v0/kalshi-prob-mm-opt-20260520T012701Z-validation-001
strategy_probability_mm_v0,kalshi-prob-mm-opt-20260520T013309Z-validation-001,kalshi,kalshi-btc-1s,/home/matt/workspace/kalshi-btc-15m-bot/feed/kalshi-btc-1s.sqlite3,210,1990.129096,-25.548297,64.993714,-90.542012,67.836559,79.364039,0.970694,-0.206109,83.104393,mixed,next-tick,true,"{""base_notional"": 10.0, ""edge_threshold"": 0.03, ""force_flatten_seconds"": 60.0, ""max_atr_slope"": 1.5, ""max_net_ratio"": 0.25, ""max_wickiness"": 0.75, ""min_seconds_to_close"": 30.0, ""min_volatility"": 1.0}",/home/matt/workspace/kalshi-btc-15m-bot/runs/strategy_probability_mm_v0/kalshi-prob-mm-opt-20260520T013309Z-validation-001
strategy_probability_mm_v0,kalshi-prob-mm-opt-20260520T014359Z-validation-001,kalshi,kalshi-btc-1s,/home/matt/workspace/kalshi-btc-15m-bot/feed/kalshi-btc-1s.sqlite3,210,1990.129096,-25.548297,64.993714,-90.542012,67.836559,79.364039,0.970694,-0.206109,83.104393,mixed,next-tick,true,"{""base_notional"": 10.0, ""edge_threshold"": 0.03, ""force_flatten_seconds"": 60.0, ""max_atr_slope"": 1.5, ""max_net_ratio"": 0.25, ""max_wickiness"": 0.75, ""min_seconds_to_close"": 30.0, ""min_volatility"": 1.0}",/home/matt/workspace/kalshi-btc-15m-bot/runs/strategy_probability_mm_v0/kalshi-prob-mm-opt-20260520T014359Z-validation-001
strategy_probability_mm_v0,kalshi-prob-mm-opt-20260520T020138Z-validation-001,kalshi,kalshi-btc-1s,/home/matt/workspace/kalshi-btc-15m-bot/feed/kalshi-btc-1s.sqlite3,210,1990.129096,-25.548297,64.993714,-90.542012,67.836559,79.364039,0.970694,-0.206109,83.104393,mixed,next-tick,true,"{""base_notional"": 10.0, ""edge_threshold"": 0.03, ""force_flatten_seconds"": 60.0, ""max_atr_slope"": 1.5, ""max_net_ratio"": 0.25, ""max_wickiness"": 0.75, ""min_seconds_to_close"": 30.0, ""min_volatility"": 1.0}",/home/matt/workspace/kalshi-btc-15m-bot/runs/strategy_probability_mm_v0/kalshi-prob-mm-opt-20260520T020138Z-validation-001
strategy_probability_mm_v0,kalshi-prob-mm-opt-20260520T020950Z-validation-001,kalshi,kalshi-btc-1s,/home/matt/workspace/kalshi-btc-15m-bot/feed/kalshi-btc-1s.sqlite3,210,1990.129096,-25.548297,64.993714,-90.542012,67.836559,79.364039,0.970694,-0.206109,83.104393,mixed,next-tick,true,"{""base_notional"": 10.0, ""edge_threshold"": 0.03, ""force_flatten_seconds"": 60.0, ""max_atr_slope"": 1.5, ""max_net_ratio"": 0.25, ""max_wickiness"": 0.75, ""min_seconds_to_close"": 30.0, ""min_volatility"": 1.0}",/home/matt/workspace/kalshi-btc-15m-bot/runs/strategy_probability_mm_v0/kalshi-prob-mm-opt-20260520T020950Z-validation-001
strategy_probability_mm_v0,kalshi-prob-mm-opt-20260520T021230Z-validation-001,kalshi,kalshi-btc-1s,/home/matt/workspace/kalshi-btc-15m-bot/feed/kalshi-btc-1s.sqlite3,210,1990.129096,-25.548297,64.993714,-90.542012,67.836559,79.364039,0.970694,-0.206109,83.104393,mixed,next-tick,true,"{""base_notional"": 10.0, ""edge_threshold"": 0.03, ""force_flatten_seconds"": 60.0, ""max_atr_slope"": 1.5, ""max_net_ratio"": 0.25, ""max_wickiness"": 0.75, ""min_seconds_to_close"": 30.0, ""min_volatility"": 1.0}",/home/matt/workspace/kalshi-btc-15m-bot/runs/strategy_probability_mm_v0/kalshi-prob-mm-opt-20260520T021230Z-validation-001
strategy_probability_mm_v0,kalshi-prob-mm-opt-20260520T021230Z-validation-014,kalshi,kalshi-btc-1s,/home/matt/workspace/kalshi-btc-15m-bot/feed/kalshi-btc-1s.sqlite3,210,1990.129096,-25.548297,64.993714,-90.542012,67.836559,79.364039,0.970694,-0.206109,83.104393,mixed,next-tick,true,"{""base_notional"": 10.0, ""edge_threshold"": 0.03, ""force_flatten_seconds"": 60.0, ""max_atr_slope"": 1.5, ""max_net_ratio"": 0.25, ""max_wickiness"": 0.6, ""min_seconds_to_close"": 30.0, ""min_volatility"": 1.0}",/home/matt/workspace/kalshi-btc-15m-bot/runs/strategy_probability_mm_v0/kalshi-prob-mm-opt-20260520T021230Z-validation-014
strategy_probability_mm_v0,kalshi-prob-mm-opt-20260520T021230Z-validation-015,kalshi,kalshi-btc-1s,/home/matt/workspace/kalshi-btc-15m-bot/feed/kalshi-btc-1s.sqlite3,210,1990.129096,-25.548297,64.993714,-90.542012,67.836559,79.364039,0.970694,-0.206109,83.104393,mixed,next-tick,true,"{""base_notional"": 10.0, ""edge_threshold"": 0.03, ""force_flatten_seconds"": 60.0, ""max_atr_slope"": 1.5, ""max_net_ratio"": 0.25, ""max_wickiness"": 0.9, ""min_seconds_to_close"": 30.0, ""min_volatility"": 1.0}",/home/matt/workspace/kalshi-btc-15m-bot/runs/strategy_probability_mm_v0/kalshi-prob-mm-opt-20260520T021230Z-validation-015
strategy_probability_mm_v0,kalshi-prob-mm-opt-20260520T021230Z-validation-016,kalshi,kalshi-btc-1s,/home/matt/workspace/kalshi-btc-15m-bot/feed/kalshi-btc-1s.sqlite3,210,1990.129096,-25.548297,64.993714,-90.542012,67.836559,79.364039,0.970694,-0.206109,83.104393,mixed,next-tick,true,"{""base_notional"": 10.0, ""edge_threshold"": 0.03, ""force_flatten_seconds"": 60.0, ""max_atr_slope"": 0.75, ""max_net_ratio"": 0.25, ""max_wickiness"": 0.75, ""min_seconds_to_close"": 30.0, ""min_volatility"": 1.0}",/home/matt/workspace/kalshi-btc-15m-bot/runs/strategy_probability_mm_v0/kalshi-prob-mm-opt-20260520T021230Z-validation-016
strategy_probability_mm_v0,kalshi-prob-mm-opt-20260520T021230Z-validation-017,kalshi,kalshi-btc-1s,/home/matt/workspace/kalshi-btc-15m-bot/feed/kalshi-btc-1s.sqlite3,210,1990.129096,-25.548297,64.993714,-90.542012,67.836559,79.364039,0.970694,-0.206109,83.104393,mixed,next-tick,true,"{""base_notional"": 10.0, ""edge_threshold"": 0.03, ""force_flatten_seconds"": 60.0, ""max_atr_slope"": 3.0, ""max_net_ratio"": 0.25, ""max_wickiness"": 0.75, ""min_seconds_to_close"": 30.0, ""min_volatility"": 1.0}",/home/matt/workspace/kalshi-btc-15m-bot/runs/strategy_probability_mm_v0/kalshi-prob-mm-opt-20260520T021230Z-validation-017
strategy_probability_mm_v0,kalshi-prob-mm-opt-20260520T021230Z-validation-018,kalshi,kalshi-btc-1s,/home/matt/workspace/kalshi-btc-15m-bot/feed/kalshi-btc-1s.sqlite3,210,1990.129096,-25.548297,64.993714,-90.542012,67.836559,79.364039,0.970694,-0.206109,83.104393,mixed,next-tick,true,"{""base_notional"": 10.0, ""edge_threshold"": 0.03, ""force_flatten_seconds"": 60.0, ""max_atr_slope"": 1.5, ""max_net_ratio"": 0.25, ""max_wickiness"": 0.75, ""min_seconds_to_close"": 30.0, ""min_volatility"": 0.5}",/home/matt/workspace/kalshi-btc-15m-bot/runs/strategy_probability_mm_v0/kalshi-prob-mm-opt-20260520T021230Z-validation-018
strategy_probability_mm_v0,kalshi-prob-mm-opt-20260520T021230Z-validation-019,kalshi,kalshi-btc-1s,/home/matt/workspace/kalshi-btc-15m-bot/feed/kalshi-btc-1s.sqlite3,210,1990.129096,-25.548297,64.993714,-90.542012,67.836559,79.364039,0.970694,-0.206109,83.104393,mixed,next-tick,true,"{""base_notional"": 10.0, ""edge_threshold"": 0.03, ""force_flatten_seconds"": 60.0, ""max_atr_slope"": 1.5, ""max_net_ratio"": 0.25, ""max_wickiness"": 0.75, ""min_seconds_to_close"": 30.0, ""min_volatility"": 2.0}",/home/matt/workspace/kalshi-btc-15m-bot/runs/strategy_probability_mm_v0/kalshi-prob-mm-opt-20260520T021230Z-validation-019
strategy_probability_mm_v0,kalshi-prob-mm-opt-20260520T025824Z-validation-001,kalshi,kalshi-btc-1s,/home/matt/workspace/kalshi-btc-15m-bot/feed/kalshi-btc-1s.sqlite3,210,1990.129096,-25.548297,64.993714,-90.542012,67.836559,79.364039,0.970694,-0.206109,83.104393,mixed,next-tick,true,"{""base_notional"": 10.0, ""edge_threshold"": 0.03, ""force_flatten_seconds"": 60.0, ""max_atr_slope"": 1.5, ""max_net_ratio"": 0.25, ""max_wickiness"": 0.75, ""min_seconds_to_close"": 30.0, ""min_volatility"": 1.0}",/home/matt/workspace/kalshi-btc-15m-bot/runs/strategy_probability_mm_v0/kalshi-prob-mm-opt-20260520T025824Z-validation-001
strategy_probability_mm_v0,kalshi-prob-mm-opt-20260520T060741Z-validation-002,kalshi,kalshi-btc-1s,/home/matt/workspace/kalshi-btc-15m-bot/feed/kalshi-btc-1s.sqlite3,210,1990.129096,-25.548297,64.993714,-90.542012,67.836559,79.364039,0.970694,-0.206109,83.104393,mixed,next-tick,true,"{""base_notional"": 10.0, ""edge_threshold"": 0.03, ""force_flatten_seconds"": 60.0, ""max_atr_slope"": 1.5, ""max_net_ratio"": 0.25, ""max_wickiness"": 0.75, ""min_seconds_to_close"": 30.0, ""min_volatility"": 1.0, ""probability_model"": ""brownian""}",/home/matt/workspace/kalshi-btc-15m-bot/runs/strategy_probability_mm_v0/kalshi-prob-mm-opt-20260520T060741Z-validation-002
strategy_probability_mm_v0,kalshi-prob-mm-opt-20260520T061323Z-validation-002,kalshi,kalshi-btc-1s,/home/matt/workspace/kalshi-btc-15m-bot/feed/kalshi-btc-1s.sqlite3,210,1990.129096,-25.548297,64.993714,-90.542012,67.836559,79.364039,0.970694,-0.206109,83.104393,mixed,next-tick,true,"{""base_notional"": 10.0, ""edge_threshold"": 0.03, ""force_flatten_seconds"": 60.0, ""max_atr_slope"": 1.5, ""max_net_ratio"": 0.25, ""max_wickiness"": 0.75, ""min_seconds_to_close"": 30.0, ""min_volatility"": 1.0, ""probability_model"": ""brownian""}",/home/matt/workspace/kalshi-btc-15m-bot/runs/strategy_probability_mm_v0/kalshi-prob-mm-opt-20260520T061323Z-validation-002
strategy_probability_mm_v0,kalshi-prob-mm-opt-20260520T061323Z-train-022,kalshi,kalshi-btc-1s,/home/matt/workspace/kalshi-btc-15m-bot/feed/kalshi-btc-1s.sqlite3,774,3573.75449,-30.04308,70.974696,-101.017777,70.984513,25.0,0.975317,-0.125551,110.372921,kalshi_api,next-tick,true,"{""base_notional"": 5.0, ""edge_threshold"": 0.04, ""force_flatten_seconds"": 120.0, ""max_atr_slope"": 3.0, ""max_net_ratio"": 0.25, ""max_wickiness"": 0.75, ""min_seconds_to_close"": 30.0, ""min_volatility"": 0.5, ""probability_model"": ""bayesian_markov""}",/home/matt/workspace/kalshi-btc-15m-bot/runs/strategy_probability_mm_v0/kalshi-prob-mm-opt-20260520T061323Z-train-022
strategy_probability_mm_v0,kalshi-prob-mm-opt-20260520T061323Z-train-005,kalshi,kalshi-btc-1s,/home/matt/workspace/kalshi-btc-15m-bot/feed/kalshi-btc-1s.sqlite3,662,6116.772244,-31.389001,761.312955,-792.701957,760.781856,67.558058,0.986986,-0.063603,249.054872,kalshi_api,next-tick,true,"{""base_notional"": 10.0, ""edge_threshold"": 0.05, ""force_flatten_seconds"": 60.0, ""max_atr_slope"": 1.5, ""max_net_ratio"": 0.25, ""max_wickiness"": 0.75, ""min_seconds_to_close"": 30.0, ""min_volatility"": 1.0, ""probability_model"": ""bayesian_markov""}",/home/matt/workspace/kalshi-btc-15m-bot/runs/strategy_probability_mm_v0/kalshi-prob-mm-opt-20260520T061323Z-train-005
strategy_probability_mm_v0,kalshi-prob-mm-opt-20260520T062931Z-train-001,kalshi,kalshi-btc-1s,/home/matt/workspace/kalshi-btc-15m-bot/feed/kalshi-btc-1s.sqlite3,662,6116.772244,-31.389001,761.312955,-792.701957,760.781856,67.558058,0.986986,-0.063603,249.054872,kalshi_api,next-tick,true,"{""base_notional"": 10.0, ""edge_threshold"": 0.05, ""force_flatten_seconds"": 60.0, ""max_atr_slope"": 1.5, ""max_net_ratio"": 0.25, ""max_wickiness"": 0.75, ""min_seconds_to_close"": 30.0, ""min_volatility"": 1.0, ""probability_model"": ""bayesian_markov""}",/home/matt/workspace/kalshi-btc-15m-bot/runs/strategy_probability_mm_v0/kalshi-prob-mm-opt-20260520T062931Z-train-001
strategy_probability_mm_v0,kalshi-prob-mm-opt-20260520T063335Z-train-001,kalshi,kalshi-btc-1s,/home/matt/workspace/kalshi-btc-15m-bot/feed/kalshi-btc-1s.sqlite3,662,6116.772244,-31.389001,761.312955,-792.701957,760.781856,67.558058,0.986986,-0.063603,249.054872,kalshi_api,next-tick,true,"{""base_notional"": 10.0, ""edge_threshold"": 0.05, ""force_flatten_seconds"": 60.0, ""max_atr_slope"": 1.5, ""max_net_ratio"": 0.25, ""max_wickiness"": 0.75, ""min_seconds_to_close"": 30.0, ""min_volatility"": 1.0, ""probability_model"": ""bayesian_markov""}",/home/matt/workspace/kalshi-btc-15m-bot/runs/strategy_probability_mm_v0/kalshi-prob-mm-opt-20260520T063335Z-train-001
strategy_probability_mm_v0,kalshi-prob-mm-opt-20260520T063847Z-train-001,kalshi,kalshi-btc-1s,/home/matt/workspace/kalshi-btc-15m-bot/feed/kalshi-btc-1s.sqlite3,662,6116.772244,-31.389001,761.312955,-792.701957,760.781856,67.558058,0.986986,-0.063603,249.054872,kalshi_api,next-tick,true,"{""base_notional"": 10.0, ""edge_threshold"": 0.05, ""force_flatten_seconds"": 60.0, ""max_atr_slope"": 1.5, ""max_net_ratio"": 0.25, ""max_wickiness"": 0.75, ""min_seconds_to_close"": 30.0, ""min_volatility"": 1.0, ""probability_model"": ""bayesian_markov""}",/home/matt/workspace/kalshi-btc-15m-bot/runs/strategy_probability_mm_v0/kalshi-prob-mm-opt-20260520T063847Z-train-001
strategy_probability_mm_v0,kalshi-prob-mm-opt-20260520T063847Z-train-015,kalshi,kalshi-btc-1s,/home/matt/workspace/kalshi-btc-15m-bot/feed/kalshi-btc-1s.sqlite3,662,6116.772244,-31.389001,761.312955,-792.701957,760.781856,67.558058,0.986986,-0.063603,249.054872,kalshi_api,next-tick,true,"{""base_notional"": 10.0, ""edge_threshold"": 0.05, ""force_flatten_seconds"": 60.0, ""max_atr_slope"": 1.5, ""max_net_ratio"": 0.25, ""max_wickiness"": 0.65, ""min_seconds_to_close"": 30.0, ""min_volatility"": 1.0, ""probability_model"": ""bayesian_markov""}",/home/matt/workspace/kalshi-btc-15m-bot/runs/strategy_probability_mm_v0/kalshi-prob-mm-opt-20260520T063847Z-train-015
strategy_probability_mm_v0,kalshi-prob-mm-opt-20260520T063847Z-train-016,kalshi,kalshi-btc-1s,/home/matt/workspace/kalshi-btc-15m-bot/feed/kalshi-btc-1s.sqlite3,662,6116.772244,-31.389001,761.312955,-792.701957,760.781856,67.558058,0.986986,-0.063603,249.054872,kalshi_api,next-tick,true,"{""base_notional"": 10.0, ""edge_threshold"": 0.05, ""force_flatten_seconds"": 60.0, ""max_atr_slope"": 1.0, ""max_net_ratio"": 0.25, ""max_wickiness"": 0.75, ""min_seconds_to_close"": 30.0, ""min_volatility"": 1.0, ""probability_model"": ""bayesian_markov""}",/home/matt/workspace/kalshi-btc-15m-bot/runs/strategy_probability_mm_v0/kalshi-prob-mm-opt-20260520T063847Z-train-016
strategy_probability_mm_v0,kalshi-prob-mm-opt-20260520T063847Z-train-017,kalshi,kalshi-btc-1s,/home/matt/workspace/kalshi-btc-15m-bot/feed/kalshi-btc-1s.sqlite3,662,6116.772244,-31.389001,761.312955,-792.701957,760.781856,67.558058,0.986986,-0.063603,249.054872,kalshi_api,next-tick,true,"{""base_notional"": 10.0, ""edge_threshold"": 0.05, ""force_flatten_seconds"": 60.0, ""max_atr_slope"": 1.5, ""max_net_ratio"": 0.25, ""max_wickiness"": 0.75, ""min_seconds_to_close"": 30.0, ""min_volatility"": 0.75, ""probability_model"": ""bayesian_markov""}",/home/matt/workspace/kalshi-btc-15m-bot/runs/strategy_probability_mm_v0/kalshi-prob-mm-opt-20260520T063847Z-train-017
strategy_probability_mm_v0,kalshi-prob-mm-opt-20260520T063847Z-train-018,kalshi,kalshi-btc-1s,/home/matt/workspace/kalshi-btc-15m-bot/feed/kalshi-btc-1s.sqlite3,662,6116.772244,-31.389001,761.312955,-792.701957,760.781856,67.558058,0.986986,-0.063603,249.054872,kalshi_api,next-tick,true,"{""base_notional"": 10.0, ""edge_threshold"": 0.05, ""force_flatten_seconds"": 60.0, ""max_atr_slope"": 1.5, ""max_net_ratio"": 0.25, ""max_wickiness"": 0.75, ""min_seconds_to_close"": 30.0, ""min_volatility"": 1.5, ""probability_model"": ""bayesian_markov""}",/home/matt/workspace/kalshi-btc-15m-bot/runs/strategy_probability_mm_v0/kalshi-prob-mm-opt-20260520T063847Z-train-018
strategy_probability_mm_v0,kalshi-prob-mm-opt-20260520T071704Z-train-001,kalshi,kalshi-btc-1s,/home/matt/workspace/kalshi-btc-15m-bot/feed/kalshi-btc-1s.sqlite3,662,6116.772244,-31.389001,761.312955,-792.701957,760.781856,67.558058,0.986986,-0.063603,249.054872,kalshi_api,next-tick,true,"{""base_notional"": 10.0, ""edge_threshold"": 0.05, ""force_flatten_seconds"": 60.0, ""max_atr_slope"": 1.5, ""max_net_ratio"": 0.25, ""max_probability_mid_band"": 0.0, ""max_wickiness"": 0.75, ""min_abs_edge"": 0.0, ""min_probability_confidence"": 0.0, ""min_seconds_to_close"": 30.0, ""min_volatility"": 1.0, ""probability_model"": ""bayesian_markov""}",/home/matt/workspace/kalshi-btc-15m-bot/runs/strategy_probability_mm_v0/kalshi-prob-mm-opt-20260520T071704Z-train-001
strategy_probability_mm_v0,kalshi-prob-mm-opt-20260520T071704Z-train-015,kalshi,kalshi-btc-1s,/home/matt/workspace/kalshi-btc-15m-bot/feed/kalshi-btc-1s.sqlite3,662,6116.772244,-31.389001,761.312955,-792.701957,760.781856,67.558058,0.986986,-0.063603,249.054872,kalshi_api,next-tick,true,"{""base_notional"": 10.0, ""edge_threshold"": 0.05, ""force_flatten_seconds"": 60.0, ""max_atr_slope"": 1.5, ""max_net_ratio"": 0.25, ""max_probability_mid_band"": 0.0, ""max_wickiness"": 0.65, ""min_abs_edge"": 0.0, ""min_probability_confidence"": 0.0, ""min_seconds_to_close"": 30.0, ""min_volatility"": 1.0, ""probability_model"": ""bayesian_markov""}",/home/matt/workspace/kalshi-btc-15m-bot/runs/strategy_probability_mm_v0/kalshi-prob-mm-opt-20260520T071704Z-train-015
strategy_probability_mm_v0,kalshi-prob-mm-opt-20260520T071704Z-train-016,kalshi,kalshi-btc-1s,/home/matt/workspace/kalshi-btc-15m-bot/feed/kalshi-btc-1s.sqlite3,662,6116.772244,-31.389001,761.312955,-792.701957,760.781856,67.558058,0.986986,-0.063603,249.054872,kalshi_api,next-tick,true,"{""base_notional"": 10.0, ""edge_threshold"": 0.05, ""force_flatten_seconds"": 60.0, ""max_atr_slope"": 1.0, ""max_net_ratio"": 0.25, ""max_probability_mid_band"": 0.0, ""max_wickiness"": 0.75, ""min_abs_edge"": 0.0, ""min_probability_confidence"": 0.0, ""min_seconds_to_close"": 30.0, ""min_volatility"": 1.0, ""probability_model"": ""bayesian_markov""}",/home/matt/workspace/kalshi-btc-15m-bot/runs/strategy_probability_mm_v0/kalshi-prob-mm-opt-20260520T071704Z-train-016
strategy_probability_mm_v0,kalshi-prob-mm-opt-20260520T071704Z-train-017,kalshi,kalshi-btc-1s,/home/matt/workspace/kalshi-btc-15m-bot/feed/kalshi-btc-1s.sqlite3,662,6116.772244,-31.389001,761.312955,-792.701957,760.781856,67.558058,0.986986,-0.063603,249.054872,kalshi_api,next-tick,true,"{""base_notional"": 10.0, ""edge_threshold"": 0.05, ""force_flatten_seconds"": 60.0, ""max_atr_slope"": 1.5, ""max_net_ratio"": 0.25, ""max_probability_mid_band"": 0.0, ""max_wickiness"": 0.75, ""min_abs_edge"": 0.0, ""min_probability_confidence"": 0.0, ""min_seconds_to_close"": 30.0, ""min_volatility"": 0.75, ""probability_model"": ""bayesian_markov""}",/home/matt/workspace/kalshi-btc-15m-bot/runs/strategy_probability_mm_v0/kalshi-prob-mm-opt-20260520T071704Z-train-017
strategy_probability_mm_v0,kalshi-prob-mm-opt-20260520T071704Z-train-018,kalshi,kalshi-btc-1s,/home/matt/workspace/kalshi-btc-15m-bot/feed/kalshi-btc-1s.sqlite3,662,6116.772244,-31.389001,761.312955,-792.701957,760.781856,67.558058,0.986986,-0.063603,249.054872,kalshi_api,next-tick,true,"{""base_notional"": 10.0, ""edge_threshold"": 0.05, ""force_flatten_seconds"": 60.0, ""max_atr_slope"": 1.5, ""max_net_ratio"": 0.25, ""max_probability_mid_band"": 0.0, ""max_wickiness"": 0.75, ""min_abs_edge"": 0.0, ""min_probability_confidence"": 0.0, ""min_seconds_to_close"": 30.0, ""min_volatility"": 1.5, ""probability_model"": ""bayesian_markov""}",/home/matt/workspace/kalshi-btc-15m-bot/runs/strategy_probability_mm_v0/kalshi-prob-mm-opt-20260520T071704Z-train-018
strategy_probability_mm_v0,kalshi-prob-mm-opt-20260520T071704Z-train-021,kalshi,kalshi-btc-1s,/home/matt/workspace/kalshi-btc-15m-bot/feed/kalshi-btc-1s.sqlite3,662,6116.772244,-31.389001,761.312955,-792.701957,760.781856,67.558058,0.986986,-0.063603,249.054872,kalshi_api,next-tick,true,"{""base_notional"": 10.0, ""edge_threshold"": 0.05, ""force_flatten_seconds"": 60.0, ""max_atr_slope"": 1.5, ""max_net_ratio"": 0.25, ""max_probability_mid_band"": 0.0, ""max_wickiness"": 0.75, ""min_abs_edge"": 0.04, ""min_probability_confidence"": 0.0, ""min_seconds_to_close"": 30.0, ""min_volatility"": 1.0, ""probability_model"": ""bayesian_markov""}",/home/matt/workspace/kalshi-btc-15m-bot/runs/strategy_probability_mm_v0/kalshi-prob-mm-opt-20260520T071704Z-train-021
strategy_probability_mm_v0,kalshi-prob-mm-opt-20260520T061323Z-train-007,kalshi,kalshi-btc-1s,/home/matt/workspace/kalshi-btc-15m-bot/feed/kalshi-btc-1s.sqlite3,602,2821.449797,-32.468818,261.692945,-294.161763,260.446201,21.73913,0.974219,-0.156559,68.784343,kalshi_api,next-tick,true,"{""base_notional"": 5.0, ""edge_threshold"": 0.03, ""force_flatten_seconds"": 60.0, ""max_atr_slope"": 1.5, ""max_net_ratio"": 0.25, ""max_wickiness"": 0.75, ""min_seconds_to_close"": 30.0, ""min_volatility"": 1.0, ""probability_model"": ""bayesian_markov""}",/home/matt/workspace/kalshi-btc-15m-bot/runs/strategy_probability_mm_v0/kalshi-prob-mm-opt-20260520T061323Z-train-007
strategy_probability_mm_v0,kalshi-prob-mm-opt-20260520T021230Z-validation-013,kalshi,kalshi-btc-1s,/home/matt/workspace/kalshi-btc-15m-bot/feed/kalshi-btc-1s.sqlite3,161,1610.0,-33.362587,177.107405,-210.469991,184.87514,103.80577,0.96075,-0.310327,86.055362,mixed,next-tick,true,"{""base_notional"": 10.0, ""edge_threshold"": 0.03, ""force_flatten_seconds"": 60.0, ""max_atr_slope"": 1.5, ""max_net_ratio"": 0.25, ""max_wickiness"": 0.75, ""min_seconds_to_close"": 120.0, ""min_volatility"": 1.0}",/home/matt/workspace/kalshi-btc-15m-bot/runs/strategy_probability_mm_v0/kalshi-prob-mm-opt-20260520T021230Z-validation-013
strategy_probability_mm_v0,kalshi-prob-mm-opt-20260520T021230Z-test-002,kalshi,kalshi-btc-1s,/home/matt/workspace/kalshi-btc-15m-bot/feed/kalshi-btc-1s.sqlite3,104,1560.0,-34.831235,256.136278,-290.967513,256.136278,75.0,0.955345,-0.347178,180.019438,mixed,next-tick,true,"{""base_notional"": 15.0, ""edge_threshold"": 0.08, ""force_flatten_seconds"": 60.0, ""max_atr_slope"": 1.5, ""max_net_ratio"": 0.1, ""max_wickiness"": 0.6, ""min_seconds_to_close"": 120.0, ""min_volatility"": 2.0}",/home/matt/workspace/kalshi-btc-15m-bot/runs/strategy_probability_mm_v0/kalshi-prob-mm-opt-20260520T021230Z-test-002
strategy_probability_mm_v0,kalshi-prob-mm-opt-20260520T014359Z-test-002,kalshi,kalshi-btc-1s,/home/matt/workspace/kalshi-btc-15m-bot/feed/kalshi-btc-1s.sqlite3,173,1560.588975,-34.929359,90.591797,-125.521156,90.137824,50.0,0.941908,-0.385308,98.042759,mixed,next-tick,true,"{""base_notional"": 10.0, ""edge_threshold"": 0.08, ""force_flatten_seconds"": 60.0, ""max_atr_slope"": 1.5, ""max_net_ratio"": 0.25, ""max_wickiness"": 0.75, ""min_seconds_to_close"": 30.0, ""min_volatility"": 1.0}",/home/matt/workspace/kalshi-btc-15m-bot/runs/strategy_probability_mm_v0/kalshi-prob-mm-opt-20260520T014359Z-test-002
strategy_probability_mm_v0,kalshi-prob-mm-opt-20260520T020138Z-test-002,kalshi,kalshi-btc-1s,/home/matt/workspace/kalshi-btc-15m-bot/feed/kalshi-btc-1s.sqlite3,173,1560.588975,-34.929359,90.591797,-125.521156,90.137824,50.0,0.941908,-0.385308,98.042759,mixed,next-tick,true,"{""base_notional"": 10.0, ""edge_threshold"": 0.08, ""force_flatten_seconds"": 60.0, ""max_atr_slope"": 1.5, ""max_net_ratio"": 0.25, ""max_wickiness"": 0.75, ""min_seconds_to_close"": 30.0, ""min_volatility"": 1.0}",/home/matt/workspace/kalshi-btc-15m-bot/runs/strategy_probability_mm_v0/kalshi-prob-mm-opt-20260520T020138Z-test-002
strategy_probability_mm_v0,kalshi-prob-mm-opt-20260520T021230Z-test-005,kalshi,kalshi-btc-1s,/home/matt/workspace/kalshi-btc-15m-bot/feed/kalshi-btc-1s.sqlite3,173,1560.588975,-34.929359,90.591797,-125.521156,90.137824,50.0,0.941908,-0.385308,98.042759,mixed,next-tick,true,"{""base_notional"": 10.0, ""edge_threshold"": 0.08, ""force_flatten_seconds"": 60.0, ""max_atr_slope"": 1.5, ""max_net_ratio"": 0.25, ""max_wickiness"": 0.75, ""min_seconds_to_close"": 30.0, ""min_volatility"": 1.0}",/home/matt/workspace/kalshi-btc-15m-bot/runs/strategy_probability_mm_v0/kalshi-prob-mm-opt-20260520T021230Z-test-005
strategy_probability_mm_v0,kalshi-prob-mm-opt-20260520T013309Z-validation-007,kalshi,kalshi-btc-1s,/home/matt/workspace/kalshi-btc-15m-bot/feed/kalshi-btc-1s.sqlite3,215,3021.873851,-37.048112,97.487731,-134.535843,101.751998,119.046058,0.97199,-0.196146,124.643249,mixed,next-tick,true,"{""base_notional"": 15.0, ""edge_threshold"": 0.03, ""force_flatten_seconds"": 60.0, ""max_atr_slope"": 1.5, ""max_net_ratio"": 0.25, ""max_wickiness"": 0.75, ""min_seconds_to_close"": 30.0, ""min_volatility"": 1.0}",/home/matt/workspace/kalshi-btc-15m-bot/runs/strategy_probability_mm_v0/kalshi-prob-mm-opt-20260520T013309Z-validation-007
strategy_probability_mm_v0,kalshi-prob-mm-opt-20260520T014359Z-validation-007,kalshi,kalshi-btc-1s,/home/matt/workspace/kalshi-btc-15m-bot/feed/kalshi-btc-1s.sqlite3,215,3021.873851,-37.048112,97.487731,-134.535843,101.751998,119.046058,0.97199,-0.196146,124.643249,mixed,next-tick,true,"{""base_notional"": 15.0, ""edge_threshold"": 0.03, ""force_flatten_seconds"": 60.0, ""max_atr_slope"": 1.5, ""max_net_ratio"": 0.25, ""max_wickiness"": 0.75, ""min_seconds_to_close"": 30.0, ""min_volatility"": 1.0}",/home/matt/workspace/kalshi-btc-15m-bot/runs/strategy_probability_mm_v0/kalshi-prob-mm-opt-20260520T014359Z-validation-007
strategy_probability_mm_v0,kalshi-prob-mm-opt-20260520T021230Z-validation-007,kalshi,kalshi-btc-1s,/home/matt/workspace/kalshi-btc-15m-bot/feed/kalshi-btc-1s.sqlite3,215,3021.873851,-37.048112,97.487731,-134.535843,101.751998,119.046058,0.97199,-0.196146,124.643249,mixed,next-tick,true,"{""base_notional"": 15.0, ""edge_threshold"": 0.03, ""force_flatten_seconds"": 60.0, ""max_atr_slope"": 1.5, ""max_net_ratio"": 0.25, ""max_wickiness"": 0.75, ""min_seconds_to_close"": 30.0, ""min_volatility"": 1.0}",/home/matt/workspace/kalshi-btc-15m-bot/runs/strategy_probability_mm_v0/kalshi-prob-mm-opt-20260520T021230Z-validation-007
strategy_probability_mm_v0,kalshi-prob-mm-opt-20260520T061323Z-test-004,kalshi,kalshi-btc-1s,/home/matt/workspace/kalshi-btc-15m-bot/feed/kalshi-btc-1s.sqlite3,100,1000.0,-39.9958,212.555151,-252.550951,211.573514,50.0,0.925934,-0.567693,104.084336,mixed,next-tick,true,"{""base_notional"": 10.0, ""edge_threshold"": 0.03, ""force_flatten_seconds"": 60.0, ""max_atr_slope"": 1.5, ""max_net_ratio"": 0.25, ""max_wickiness"": 0.75, ""min_seconds_to_close"": 120.0, ""min_volatility"": 1.0, ""probability_model"": ""bayesian_markov""}",/home/matt/workspace/kalshi-btc-15m-bot/runs/strategy_probability_mm_v0/kalshi-prob-mm-opt-20260520T061323Z-test-004
strategy_probability_mm_v0,kalshi-prob-mm-opt-20260520T014359Z-validation-010,kalshi,kalshi-btc-1s,/home/matt/workspace/kalshi-btc-15m-bot/feed/kalshi-btc-1s.sqlite3,171,1690.281332,-40.757829,170.68172,-211.439549,178.98464,103.80577,0.953684,-0.360894,93.456867,mixed,next-tick,true,"{""base_notional"": 10.0, ""edge_threshold"": 0.03, ""force_flatten_seconds"": 30.0, ""max_atr_slope"": 1.5, ""max_net_ratio"": 0.25, ""max_wickiness"": 0.75, ""min_seconds_to_close"": 30.0, ""min_volatility"": 1.0}",/home/matt/workspace/kalshi-btc-15m-bot/runs/strategy_probability_mm_v0/kalshi-prob-mm-opt-20260520T014359Z-validation-010
strategy_probability_mm_v0,kalshi-prob-mm-opt-20260520T021230Z-validation-010,kalshi,kalshi-btc-1s,/home/matt/workspace/kalshi-btc-15m-bot/feed/kalshi-btc-1s.sqlite3,171,1690.281332,-40.757829,170.68172,-211.439549,178.98464,103.80577,0.953684,-0.360894,93.456867,mixed,next-tick,true,"{""base_notional"": 10.0, ""edge_threshold"": 0.03, ""force_flatten_seconds"": 30.0, ""max_atr_slope"": 1.5, ""max_net_ratio"": 0.25, ""max_wickiness"": 0.75, ""min_seconds_to_close"": 30.0, ""min_volatility"": 1.0}",/home/matt/workspace/kalshi-btc-15m-bot/runs/strategy_probability_mm_v0/kalshi-prob-mm-opt-20260520T021230Z-validation-010
strategy_probability_mm_v0,kalshi-prob-mm-opt-20260520T021230Z-validation-025,kalshi,kalshi-btc-1s,/home/matt/workspace/kalshi-btc-15m-bot/feed/kalshi-btc-1s.sqlite3,310,1483.002547,-42.456396,-41.750907,-0.705489,-41.810697,11.363636,0.928487,-0.499204,83.518607,mixed,next-tick,true,"{""base_notional"": 5.0, ""edge_threshold"": 0.02, ""force_flatten_seconds"": 120.0, ""max_atr_slope"": 3.0, ""max_net_ratio"": 0.25, ""max_wickiness"": 0.75, ""min_seconds_to_close"": 30.0, ""min_volatility"": 0.5}",/home/matt/workspace/kalshi-btc-15m-bot/runs/strategy_probability_mm_v0/kalshi-prob-mm-opt-20260520T021230Z-validation-025
late_window_only,all-strategies-smallcap-late_window_only-1778995976,kalshi,kalshi-btc-1s,feed/kalshi-btc-1s.sqlite3,89,445.0,-42.766864,0,0,0,35000.0,0.768828,-1.645483,85.0,mixed,next-tick,true,{},runs/late_window_only/all-strategies-smallcap-late_window_only-1778995976
strategy_probability_mm_v0,kalshi-prob-mm-opt-20260520T063847Z-train-014,kalshi,kalshi-btc-1s,/home/matt/workspace/kalshi-btc-15m-bot/feed/kalshi-btc-1s.sqlite3,309,3090.0,-42.821896,1249.415703,-1292.237599,1248.509175,90.123457,0.981052,-0.128892,317.712631,kalshi_api,next-tick,true,"{""base_notional"": 10.0, ""edge_threshold"": 0.05, ""force_flatten_seconds"": 60.0, ""max_atr_slope"": 1.5, ""max_net_ratio"": 0.25, ""max_wickiness"": 0.75, ""min_seconds_to_close"": 90.0, ""min_volatility"": 1.0, ""probability_model"": ""bayesian_markov""}",/home/matt/workspace/kalshi-btc-15m-bot/runs/strategy_probability_mm_v0/kalshi-prob-mm-opt-20260520T063847Z-train-014
strategy_probability_mm_v0,kalshi-prob-mm-opt-20260520T071704Z-train-014,kalshi,kalshi-btc-1s,/home/matt/workspace/kalshi-btc-15m-bot/feed/kalshi-btc-1s.sqlite3,309,3090.0,-42.821896,1249.415703,-1292.237599,1248.509175,90.123457,0.981052,-0.128892,317.712631,kalshi_api,next-tick,true,"{""base_notional"": 10.0, ""edge_threshold"": 0.05, ""force_flatten_seconds"": 60.0, ""max_atr_slope"": 1.5, ""max_net_ratio"": 0.25, ""max_probability_mid_band"": 0.0, ""max_wickiness"": 0.75, ""min_abs_edge"": 0.0, ""min_probability_confidence"": 0.0, ""min_seconds_to_close"": 90.0, ""min_volatility"": 1.0, ""probability_model"": ""bayesian_markov""}",/home/matt/workspace/kalshi-btc-15m-bot/runs/strategy_probability_mm_v0/kalshi-prob-mm-opt-20260520T071704Z-train-014
strategy_probability_mm_v0,kalshi-prob-mm-opt-20260520T061323Z-train-009,kalshi,kalshi-btc-1s,/home/matt/workspace/kalshi-btc-15m-bot/feed/kalshi-btc-1s.sqlite3,548,4982.815278,-43.429286,443.731878,-487.161164,443.531976,45.454545,0.980768,-0.116944,119.915291,kalshi_api,next-tick,true,"{""base_notional"": 10.0, ""edge_threshold"": 0.03, ""force_flatten_seconds"": 60.0, ""max_atr_slope"": 1.5, ""max_net_ratio"": 0.1, ""max_wickiness"": 0.75, ""min_seconds_to_close"": 30.0, ""min_volatility"": 1.0, ""probability_model"": ""bayesian_markov""}",/home/matt/workspace/kalshi-btc-15m-bot/runs/strategy_probability_mm_v0/kalshi-prob-mm-opt-20260520T061323Z-train-009
strategy_probability_mm_v0,kalshi-prob-mm-opt-20260520T012050Z-validation-002,kalshi,kalshi-btc-1s,/home/matt/workspace/kalshi-btc-15m-bot/feed/kalshi-btc-1s.sqlite3,269,2576.623894,-46.673694,83.033271,-129.706965,90.047437,137.627703,0.959913,-0.28775,144.445737,mixed,next-tick,true,"{""base_notional"": 10.0, ""edge_threshold"": 0.02, ""force_flatten_seconds"": 60.0, ""max_atr_slope"": 1.5, ""max_net_ratio"": 0.25, ""max_wickiness"": 0.75, ""min_seconds_to_close"": 30.0, ""min_volatility"": 1.0}",/home/matt/workspace/kalshi-btc-15m-bot/runs/strategy_probability_mm_v0/kalshi-prob-mm-opt-20260520T012050Z-validation-002
strategy_probability_mm_v0,kalshi-prob-mm-opt-20260520T012701Z-validation-002,kalshi,kalshi-btc-1s,/home/matt/workspace/kalshi-btc-15m-bot/feed/kalshi-btc-1s.sqlite3,269,2576.623894,-46.673694,83.033271,-129.706965,90.047437,137.627703,0.959913,-0.28775,144.445737,mixed,next-tick,true,"{""base_notional"": 10.0, ""edge_threshold"": 0.02, ""force_flatten_seconds"": 60.0, ""max_atr_slope"": 1.5, ""max_net_ratio"": 0.25, ""max_wickiness"": 0.75, ""min_seconds_to_close"": 30.0, ""min_volatility"": 1.0}",/home/matt/workspace/kalshi-btc-15m-bot/runs/strategy_probability_mm_v0/kalshi-prob-mm-opt-20260520T012701Z-validation-002
strategy_probability_mm_v0,kalshi-prob-mm-opt-20260520T013309Z-validation-002,kalshi,kalshi-btc-1s,/home/matt/workspace/kalshi-btc-15m-bot/feed/kalshi-btc-1s.sqlite3,269,2576.623894,-46.673694,83.033271,-129.706965,90.047437,137.627703,0.959913,-0.28775,144.445737,mixed,next-tick,true,"{""base_notional"": 10.0, ""edge_threshold"": 0.02, ""force_flatten_seconds"": 60.0, ""max_atr_slope"": 1.5, ""max_net_ratio"": 0.25, ""max_wickiness"": 0.75, ""min_seconds_to_close"": 30.0, ""min_volatility"": 1.0}",/home/matt/workspace/kalshi-btc-15m-bot/runs/strategy_probability_mm_v0/kalshi-prob-mm-opt-20260520T013309Z-validation-002
strategy_probability_mm_v0,kalshi-prob-mm-opt-20260520T014359Z-validation-002,kalshi,kalshi-btc-1s,/home/matt/workspace/kalshi-btc-15m-bot/feed/kalshi-btc-1s.sqlite3,269,2576.623894,-46.673694,83.033271,-129.706965,90.047437,137.627703,0.959913,-0.28775,144.445737,mixed,next-tick,true,"{""base_notional"": 10.0, ""edge_threshold"": 0.02, ""force_flatten_seconds"": 60.0, ""max_atr_slope"": 1.5, ""max_net_ratio"": 0.25, ""max_wickiness"": 0.75, ""min_seconds_to_close"": 30.0, ""min_volatility"": 1.0}",/home/matt/workspace/kalshi-btc-15m-bot/runs/strategy_probability_mm_v0/kalshi-prob-mm-opt-20260520T014359Z-validation-002
strategy_probability_mm_v0,kalshi-prob-mm-opt-20260520T020138Z-validation-002,kalshi,kalshi-btc-1s,/home/matt/workspace/kalshi-btc-15m-bot/feed/kalshi-btc-1s.sqlite3,269,2576.623894,-46.673694,83.033271,-129.706965,90.047437,137.627703,0.959913,-0.28775,144.445737,mixed,next-tick,true,"{""base_notional"": 10.0, ""edge_threshold"": 0.02, ""force_flatten_seconds"": 60.0, ""max_atr_slope"": 1.5, ""max_net_ratio"": 0.25, ""max_wickiness"": 0.75, ""min_seconds_to_close"": 30.0, ""min_volatility"": 1.0}",/home/matt/workspace/kalshi-btc-15m-bot/runs/strategy_probability_mm_v0/kalshi-prob-mm-opt-20260520T020138Z-validation-002
strategy_probability_mm_v0,kalshi-prob-mm-opt-20260520T020950Z-validation-002,kalshi,kalshi-btc-1s,/home/matt/workspace/kalshi-btc-15m-bot/feed/kalshi-btc-1s.sqlite3,269,2576.623894,-46.673694,83.033271,-129.706965,90.047437,137.627703,0.959913,-0.28775,144.445737,mixed,next-tick,true,"{""base_notional"": 10.0, ""edge_threshold"": 0.02, ""force_flatten_seconds"": 60.0, ""max_atr_slope"": 1.5, ""max_net_ratio"": 0.25, ""max_wickiness"": 0.75, ""min_seconds_to_close"": 30.0, ""min_volatility"": 1.0}",/home/matt/workspace/kalshi-btc-15m-bot/runs/strategy_probability_mm_v0/kalshi-prob-mm-opt-20260520T020950Z-validation-002
strategy_probability_mm_v0,kalshi-prob-mm-opt-20260520T021230Z-validation-002,kalshi,kalshi-btc-1s,/home/matt/workspace/kalshi-btc-15m-bot/feed/kalshi-btc-1s.sqlite3,269,2576.623894,-46.673694,83.033271,-129.706965,90.047437,137.627703,0.959913,-0.28775,144.445737,mixed,next-tick,true,"{""base_notional"": 10.0, ""edge_threshold"": 0.02, ""force_flatten_seconds"": 60.0, ""max_atr_slope"": 1.5, ""max_net_ratio"": 0.25, ""max_wickiness"": 0.75, ""min_seconds_to_close"": 30.0, ""min_volatility"": 1.0}",/home/matt/workspace/kalshi-btc-15m-bot/runs/strategy_probability_mm_v0/kalshi-prob-mm-opt-20260520T021230Z-validation-002
strategy_probability_mm_v0,kalshi-prob-mm-opt-20260520T025824Z-validation-002,kalshi,kalshi-btc-1s,/home/matt/workspace/kalshi-btc-15m-bot/feed/kalshi-btc-1s.sqlite3,269,2576.623894,-46.673694,83.033271,-129.706965,90.047437,137.627703,0.959913,-0.28775,144.445737,mixed,next-tick,true,"{""base_notional"": 10.0, ""edge_threshold"": 0.02, ""force_flatten_seconds"": 60.0, ""max_atr_slope"": 1.5, ""max_net_ratio"": 0.25, ""max_wickiness"": 0.75, ""min_seconds_to_close"": 30.0, ""min_volatility"": 1.0}",/home/matt/workspace/kalshi-btc-15m-bot/runs/strategy_probability_mm_v0/kalshi-prob-mm-opt-20260520T025824Z-validation-002
breakout_momentum,all-strategies-smallcap-breakout_momentum-1778995976,kalshi,kalshi-btc-1s,feed/kalshi-btc-1s.sqlite3,756,3780.0,-49.809822,0,0,-74.324037,116.208233,0.954512,-0.312899,237.623829,mixed,next-tick,true,{},runs/breakout_momentum/all-strategies-smallcap-breakout_momentum-1778995976
bayesian_markov_directional,bayes-markov-directional-smoke-20260520T0800Z,kalshi,kalshi-btc-1s,feed/kalshi-btc-1s.sqlite3,9,90.0,-50.0,0,-50.0,0,123.45679,1.642857,3.117691,20.0,kalshi_api,next-tick,true,{},runs/bayesian_markov_directional/bayes-markov-directional-smoke-20260520T0800Z
strategy_probability_mm_v0,kalshi-prob-mm-opt-20260520T013309Z-train-006,kalshi,kalshi-btc-1s,/home/matt/workspace/kalshi-btc-15m-bot/feed/kalshi-btc-1s.sqlite3,1026,4997.845141,-50.141489,108.047808,-158.189298,108.907463,25.667802,0.977544,-0.15093,117.32882,kalshi_api,next-tick,true,"{""base_notional"": 5.0, ""edge_threshold"": 0.03, ""force_flatten_seconds"": 60.0, ""max_atr_slope"": 1.5, ""max_net_ratio"": 0.25, ""max_wickiness"": 0.75, ""min_seconds_to_close"": 30.0, ""min_volatility"": 1.0}",/home/matt/workspace/kalshi-btc-15m-bot/runs/strategy_probability_mm_v0/kalshi-prob-mm-opt-20260520T013309Z-train-006
strategy_probability_mm_v0,kalshi-prob-mm-opt-20260520T014359Z-train-006,kalshi,kalshi-btc-1s,/home/matt/workspace/kalshi-btc-15m-bot/feed/kalshi-btc-1s.sqlite3,1026,4997.845141,-50.141489,108.047808,-158.189298,108.907463,25.667802,0.977544,-0.15093,117.32882,kalshi_api,next-tick,true,"{""base_notional"": 5.0, ""edge_threshold"": 0.03, ""force_flatten_seconds"": 60.0, ""max_atr_slope"": 1.5, ""max_net_ratio"": 0.25, ""max_wickiness"": 0.75, ""min_seconds_to_close"": 30.0, ""min_volatility"": 1.0}",/home/matt/workspace/kalshi-btc-15m-bot/runs/strategy_probability_mm_v0/kalshi-prob-mm-opt-20260520T014359Z-train-006
strategy_probability_mm_v0,kalshi-prob-mm-opt-20260520T021230Z-train-006,kalshi,kalshi-btc-1s,/home/matt/workspace/kalshi-btc-15m-bot/feed/kalshi-btc-1s.sqlite3,1026,4997.845141,-50.141489,108.047808,-158.189298,108.907463,25.667802,0.977544,-0.15093,117.32882,kalshi_api,next-tick,true,"{""base_notional"": 5.0, ""edge_threshold"": 0.03, ""force_flatten_seconds"": 60.0, ""max_atr_slope"": 1.5, ""max_net_ratio"": 0.25, ""max_wickiness"": 0.75, ""min_seconds_to_close"": 30.0, ""min_volatility"": 1.0}",/home/matt/workspace/kalshi-btc-15m-bot/runs/strategy_probability_mm_v0/kalshi-prob-mm-opt-20260520T021230Z-train-006
strategy_probability_mm_v0,kalshi-prob-mm-opt-20260520T014359Z-train-012,kalshi,kalshi-btc-1s,/home/matt/workspace/kalshi-btc-15m-bot/feed/kalshi-btc-1s.sqlite3,819,7994.624439,-50.53757,836.797007,-887.334578,893.49218,310.355687,0.988335,-0.085736,253.41837,kalshi_api,next-tick,true,"{""base_notional"": 10.0, ""edge_threshold"": 0.03, ""force_flatten_seconds"": 60.0, ""max_atr_slope"": 1.5, ""max_net_ratio"": 0.25, ""max_wickiness"": 0.75, ""min_seconds_to_close"": 60.0, ""min_volatility"": 1.0}",/home/matt/workspace/kalshi-btc-15m-bot/runs/strategy_probability_mm_v0/kalshi-prob-mm-opt-20260520T014359Z-train-012
strategy_probability_mm_v0,kalshi-prob-mm-opt-20260520T021230Z-train-012,kalshi,kalshi-btc-1s,/home/matt/workspace/kalshi-btc-15m-bot/feed/kalshi-btc-1s.sqlite3,819,7994.624439,-50.53757,836.797007,-887.334578,893.49218,310.355687,0.988335,-0.085736,253.41837,kalshi_api,next-tick,true,"{""base_notional"": 10.0, ""edge_threshold"": 0.03, ""force_flatten_seconds"": 60.0, ""max_atr_slope"": 1.5, ""max_net_ratio"": 0.25, ""max_wickiness"": 0.75, ""min_seconds_to_close"": 60.0, ""min_volatility"": 1.0}",/home/matt/workspace/kalshi-btc-15m-bot/runs/strategy_probability_mm_v0/kalshi-prob-mm-opt-20260520T021230Z-train-012
strategy_probability_mm_v0,probability-mm-v0-smoke,polymarket,polymarket-btc-1s,feed/polymarket-btc-1s.sqlite3,40,394.910438,-51.192467,-1.126549,-50.065918,10.797057,149.894704,0.756226,-2.017621,80.148764,replay_final_snapshot,next-tick,false,"{""base_notional"": 10, ""edge_threshold"": 0.02, ""max_net_ratio"": 0.35}",runs/strategy_probability_mm_v0/probability-mm-v0-smoke
strategy_probability_mm_v0,kalshi-prob-mm-opt-20260520T063847Z-test-004,kalshi,kalshi-btc-1s,/home/matt/workspace/kalshi-btc-15m-bot/feed/kalshi-btc-1s.sqlite3,153,1450.940671,-52.534019,178.032847,-230.566866,178.847093,71.428571,0.899353,-0.557584,141.952355,mixed,next-tick,true,"{""base_notional"": 10.0, ""edge_threshold"": 0.055, ""force_flatten_seconds"": 60.0, ""max_atr_slope"": 1.5, ""max_net_ratio"": 0.25, ""max_wickiness"": 0.75, ""min_seconds_to_close"": 30.0, ""min_volatility"": 1.0, ""probability_model"": ""bayesian_markov""}",/home/matt/workspace/kalshi-btc-15m-bot/runs/strategy_probability_mm_v0/kalshi-prob-mm-opt-20260520T063847Z-test-004
strategy_probability_mm_v0,kalshi-prob-mm-opt-20260520T071704Z-test-004,kalshi,kalshi-btc-1s,/home/matt/workspace/kalshi-btc-15m-bot/feed/kalshi-btc-1s.sqlite3,153,1450.940671,-52.534019,178.032847,-230.566866,178.847093,71.428571,0.899353,-0.557584,141.952355,mixed,next-tick,true,"{""base_notional"": 10.0, ""edge_threshold"": 0.055, ""force_flatten_seconds"": 60.0, ""max_atr_slope"": 1.5, ""max_net_ratio"": 0.25, ""max_probability_mid_band"": 0.0, ""max_wickiness"": 0.75, ""min_abs_edge"": 0.0, ""min_probability_confidence"": 0.0, ""min_seconds_to_close"": 30.0, ""min_volatility"": 1.0, ""probability_model"": ""bayesian_markov""}",/home/matt/workspace/kalshi-btc-15m-bot/runs/strategy_probability_mm_v0/kalshi-prob-mm-opt-20260520T071704Z-test-004
simple_inventory_mm,matrix2-mm-net30-repair300-cheap40-1778994679,kalshi,kalshi-btc-1s,feed/kalshi-btc-1s.sqlite3,1950,6037.58002,-52.75401,0,0,229.178043,30.0,0.980046,-0.132867,203.499474,mixed,next-tick,true,"{""cheap_limit_price"": 0.4, ""max_net_contracts"": 30, ""repair_window_seconds"": 300}",runs/simple_inventory_mm/matrix2-mm-net30-repair300-cheap40-1778994679
strategy_probability_mm_v0,kalshi-prob-mm-opt-20260520T014359Z-train-008,kalshi,kalshi-btc-1s,/home/matt/workspace/kalshi-btc-15m-bot/feed/kalshi-btc-1s.sqlite3,564,5133.949267,-52.882662,135.521901,-188.404563,135.304477,35.714286,0.978167,-0.1494,122.419938,kalshi_api,next-tick,true,"{""base_notional"": 10.0, ""edge_threshold"": 0.03, ""force_flatten_seconds"": 60.0, ""max_atr_slope"": 1.5, ""max_net_ratio"": 0.1, ""max_wickiness"": 0.75, ""min_seconds_to_close"": 30.0, ""min_volatility"": 1.0}",/home/matt/workspace/kalshi-btc-15m-bot/runs/strategy_probability_mm_v0/kalshi-prob-mm-opt-20260520T014359Z-train-008
strategy_probability_mm_v0,kalshi-prob-mm-opt-20260520T021230Z-train-008,kalshi,kalshi-btc-1s,/home/matt/workspace/kalshi-btc-15m-bot/feed/kalshi-btc-1s.sqlite3,564,5133.949267,-52.882662,135.521901,-188.404563,135.304477,35.714286,0.978167,-0.1494,122.419938,kalshi_api,next-tick,true,"{""base_notional"": 10.0, ""edge_threshold"": 0.03, ""force_flatten_seconds"": 60.0, ""max_atr_slope"": 1.5, ""max_net_ratio"": 0.1, ""max_wickiness"": 0.75, ""min_seconds_to_close"": 30.0, ""min_volatility"": 1.0}",/home/matt/workspace/kalshi-btc-15m-bot/runs/strategy_probability_mm_v0/kalshi-prob-mm-opt-20260520T021230Z-train-008
strategy_probability_mm_v0,kalshi-prob-mm-opt-20260520T012050Z-train-005,kalshi,kalshi-btc-1s,/home/matt/workspace/kalshi-btc-15m-bot/feed/kalshi-btc-1s.sqlite3,713,6532.376924,-55.969406,373.36169,-429.331096,372.243158,35.714286,0.981428,-0.119507,157.043449,kalshi_api,next-tick,true,"{""base_notional"": 10.0, ""edge_threshold"": 0.08, ""force_flatten_seconds"": 60.0, ""max_atr_slope"": 1.5, ""max_net_ratio"": 0.25, ""max_wickiness"": 0.75, ""min_seconds_to_close"": 30.0, ""min_volatility"": 1.0}",/home/matt/workspace/kalshi-btc-15m-bot/runs/strategy_probability_mm_v0/kalshi-prob-mm-opt-20260520T012050Z-train-005
strategy_probability_mm_v0,kalshi-prob-mm-opt-20260520T012701Z-train-005,kalshi,kalshi-btc-1s,/home/matt/workspace/kalshi-btc-15m-bot/feed/kalshi-btc-1s.sqlite3,713,6532.376924,-55.969406,373.36169,-429.331096,372.243158,35.714286,0.981428,-0.119507,157.043449,kalshi_api,next-tick,true,"{""base_notional"": 10.0, ""edge_threshold"": 0.08, ""force_flatten_seconds"": 60.0, ""max_atr_slope"": 1.5, ""max_net_ratio"": 0.25, ""max_wickiness"": 0.75, ""min_seconds_to_close"": 30.0, ""min_volatility"": 1.0}",/home/matt/workspace/kalshi-btc-15m-bot/runs/strategy_probability_mm_v0/kalshi-prob-mm-opt-20260520T012701Z-train-005
strategy_probability_mm_v0,kalshi-prob-mm-opt-20260520T061323Z-test-002,kalshi,kalshi-btc-1s,/home/matt/workspace/kalshi-btc-15m-bot/feed/kalshi-btc-1s.sqlite3,139,1329.849925,-56.061592,219.105613,-275.167205,218.256777,400.0,0.87789,-0.509561,172.830547,mixed,next-tick,true,"{""base_notional"": 10.0, ""edge_threshold"": 0.08, ""force_flatten_seconds"": 60.0, ""max_atr_slope"": 1.5, ""max_net_ratio"": 0.25, ""max_wickiness"": 0.75, ""min_seconds_to_close"": 30.0, ""min_volatility"": 1.0, ""probability_model"": ""bayesian_markov""}",/home/matt/workspace/kalshi-btc-15m-bot/runs/strategy_probability_mm_v0/kalshi-prob-mm-opt-20260520T061323Z-test-002
simple_inventory_mm,resting-state-smoke,kalshi,kalshi-btc-1s,feed/kalshi-btc-1s.sqlite3,397,1439.923725,-57.211155,0,0,80.369352,22.363636,0.882983,-0.844084,80.831973,mixed,next-tick,true,{},runs/simple_inventory_mm/resting-state-smoke
strategy_probability_mm_v0,kalshi-prob-mm-opt-20260520T013309Z-train-005,kalshi,kalshi-btc-1s,/home/matt/workspace/kalshi-btc-15m-bot/feed/kalshi-btc-1s.sqlite3,710,6508.617025,-59.236534,370.094562,-429.331096,368.97603,35.714286,0.980279,-0.126977,157.043449,kalshi_api,next-tick,true,"{""base_notional"": 10.0, ""edge_threshold"": 0.08, ""force_flatten_seconds"": 60.0, ""max_atr_slope"": 1.5, ""max_net_ratio"": 0.25, ""max_wickiness"": 0.75, ""min_seconds_to_close"": 30.0, ""min_volatility"": 1.0}",/home/matt/workspace/kalshi-btc-15m-bot/runs/strategy_probability_mm_v0/kalshi-prob-mm-opt-20260520T013309Z-train-005
strategy_probability_mm_v0,kalshi-prob-mm-opt-20260520T014359Z-train-005,kalshi,kalshi-btc-1s,/home/matt/workspace/kalshi-btc-15m-bot/feed/kalshi-btc-1s.sqlite3,710,6508.617025,-59.236534,370.094562,-429.331096,368.97603,35.714286,0.980279,-0.126977,157.043449,kalshi_api,next-tick,true,"{""base_notional"": 10.0, ""edge_threshold"": 0.08, ""force_flatten_seconds"": 60.0, ""max_atr_slope"": 1.5, ""max_net_ratio"": 0.25, ""max_wickiness"": 0.75, ""min_seconds_to_close"": 30.0, ""min_volatility"": 1.0}",/home/matt/workspace/kalshi-btc-15m-bot/runs/strategy_probability_mm_v0/kalshi-prob-mm-opt-20260520T014359Z-train-005
strategy_probability_mm_v0,kalshi-prob-mm-opt-20260520T020138Z-train-005,kalshi,kalshi-btc-1s,/home/matt/workspace/kalshi-btc-15m-bot/feed/kalshi-btc-1s.sqlite3,710,6508.617025,-59.236534,370.094562,-429.331096,368.97603,35.714286,0.980279,-0.126977,157.043449,kalshi_api,next-tick,true,"{""base_notional"": 10.0, ""edge_threshold"": 0.08, ""force_flatten_seconds"": 60.0, ""max_atr_slope"": 1.5, ""max_net_ratio"": 0.25, ""max_wickiness"": 0.75, ""min_seconds_to_close"": 30.0, ""min_volatility"": 1.0}",/home/matt/workspace/kalshi-btc-15m-bot/runs/strategy_probability_mm_v0/kalshi-prob-mm-opt-20260520T020138Z-train-005
strategy_probability_mm_v0,kalshi-prob-mm-opt-20260520T021230Z-train-005,kalshi,kalshi-btc-1s,/home/matt/workspace/kalshi-btc-15m-bot/feed/kalshi-btc-1s.sqlite3,710,6508.617025,-59.236534,370.094562,-429.331096,368.97603,35.714286,0.980279,-0.126977,157.043449,kalshi_api,next-tick,true,"{""base_notional"": 10.0, ""edge_threshold"": 0.08, ""force_flatten_seconds"": 60.0, ""max_atr_slope"": 1.5, ""max_net_ratio"": 0.25, ""max_wickiness"": 0.75, ""min_seconds_to_close"": 30.0, ""min_volatility"": 1.0}",/home/matt/workspace/kalshi-btc-15m-bot/runs/strategy_probability_mm_v0/kalshi-prob-mm-opt-20260520T021230Z-train-005
strategy_probability_mm_v0,kalshi-prob-mm-opt-20260520T061323Z-validation-010,kalshi,kalshi-btc-1s,/home/matt/workspace/kalshi-btc-15m-bot/feed/kalshi-btc-1s.sqlite3,503,4905.505462,-59.848005,409.98847,-469.836475,447.88249,511.213574,0.963651,-0.209529,261.547499,mixed,next-tick,true,"{""base_notional"": 10.0, ""edge_threshold"": 0.03, ""force_flatten_seconds"": 60.0, ""max_atr_slope"": 1.5, ""max_net_ratio"": 0.5, ""max_wickiness"": 0.75, ""min_seconds_to_close"": 30.0, ""min_volatility"": 1.0, ""probability_model"": ""bayesian_markov""}",/home/matt/workspace/kalshi-btc-15m-bot/runs/strategy_probability_mm_v0/kalshi-prob-mm-opt-20260520T061323Z-validation-010
strategy_probability_mm_v0,kalshi-prob-mm-opt-20260520T012050Z-train-004,kalshi,kalshi-btc-1s,/home/matt/workspace/kalshi-btc-15m-bot/feed/kalshi-btc-1s.sqlite3,875,8190.204383,-61.651196,285.864092,-347.515288,286.029909,47.096067,0.98316,-0.111215,177.393005,kalshi_api,next-tick,true,"{""base_notional"": 10.0, ""edge_threshold"": 0.05, ""force_flatten_seconds"": 60.0, ""max_atr_slope"": 1.5, ""max_net_ratio"": 0.25, ""max_wickiness"": 0.75, ""min_seconds_to_close"": 30.0, ""min_volatility"": 1.0}",/home/matt/workspace/kalshi-btc-15m-bot/runs/strategy_probability_mm_v0/kalshi-prob-mm-opt-20260520T012050Z-train-004
strategy_probability_mm_v0,kalshi-prob-mm-opt-20260520T012701Z-train-004,kalshi,kalshi-btc-1s,/home/matt/workspace/kalshi-btc-15m-bot/feed/kalshi-btc-1s.sqlite3,875,8190.204383,-61.651196,285.864092,-347.515288,286.029909,47.096067,0.98316,-0.111215,177.393005,kalshi_api,next-tick,true,"{""base_notional"": 10.0, ""edge_threshold"": 0.05, ""force_flatten_seconds"": 60.0, ""max_atr_slope"": 1.5, ""max_net_ratio"": 0.25, ""max_wickiness"": 0.75, ""min_seconds_to_close"": 30.0, ""min_volatility"": 1.0}",/home/matt/workspace/kalshi-btc-15m-bot/runs/strategy_probability_mm_v0/kalshi-prob-mm-opt-20260520T012701Z-train-004
strategy_probability_mm_v0,kalshi-prob-mm-opt-20260520T013309Z-train-004,kalshi,kalshi-btc-1s,/home/matt/workspace/kalshi-btc-15m-bot/feed/kalshi-btc-1s.sqlite3,872,8166.795836,-63.883674,283.631613,-347.515288,283.797431,47.096067,0.982502,-0.115604,177.393005,kalshi_api,next-tick,true,"{""base_notional"": 10.0, ""edge_threshold"": 0.05, ""force_flatten_seconds"": 60.0, ""max_atr_slope"": 1.5, ""max_net_ratio"": 0.25, ""max_wickiness"": 0.75, ""min_seconds_to_close"": 30.0, ""min_volatility"": 1.0}",/home/matt/workspace/kalshi-btc-15m-bot/runs/strategy_probability_mm_v0/kalshi-prob-mm-opt-20260520T013309Z-train-004
strategy_probability_mm_v0,kalshi-prob-mm-opt-20260520T014359Z-train-004,kalshi,kalshi-btc-1s,/home/matt/workspace/kalshi-btc-15m-bot/feed/kalshi-btc-1s.sqlite3,872,8166.795836,-63.883674,283.631613,-347.515288,283.797431,47.096067,0.982502,-0.115604,177.393005,kalshi_api,next-tick,true,"{""base_notional"": 10.0, ""edge_threshold"": 0.05, ""force_flatten_seconds"": 60.0, ""max_atr_slope"": 1.5, ""max_net_ratio"": 0.25, ""max_wickiness"": 0.75, ""min_seconds_to_close"": 30.0, ""min_volatility"": 1.0}",/home/matt/workspace/kalshi-btc-15m-bot/runs/strategy_probability_mm_v0/kalshi-prob-mm-opt-20260520T014359Z-train-004
strategy_probability_mm_v0,kalshi-prob-mm-opt-20260520T020138Z-train-004,kalshi,kalshi-btc-1s,/home/matt/workspace/kalshi-btc-15m-bot/feed/kalshi-btc-1s.sqlite3,872,8166.795836,-63.883674,283.631613,-347.515288,283.797431,47.096067,0.982502,-0.115604,177.393005,kalshi_api,next-tick,true,"{""base_notional"": 10.0, ""edge_threshold"": 0.05, ""force_flatten_seconds"": 60.0, ""max_atr_slope"": 1.5, ""max_net_ratio"": 0.25, ""max_wickiness"": 0.75, ""min_seconds_to_close"": 30.0, ""min_volatility"": 1.0}",/home/matt/workspace/kalshi-btc-15m-bot/runs/strategy_probability_mm_v0/kalshi-prob-mm-opt-20260520T020138Z-train-004
strategy_probability_mm_v0,kalshi-prob-mm-opt-20260520T021230Z-train-004,kalshi,kalshi-btc-1s,/home/matt/workspace/kalshi-btc-15m-bot/feed/kalshi-btc-1s.sqlite3,872,8166.795836,-63.883674,283.631613,-347.515288,283.797431,47.096067,0.982502,-0.115604,177.393005,kalshi_api,next-tick,true,"{""base_notional"": 10.0, ""edge_threshold"": 0.05, ""force_flatten_seconds"": 60.0, ""max_atr_slope"": 1.5, ""max_net_ratio"": 0.25, ""max_wickiness"": 0.75, ""min_seconds_to_close"": 30.0, ""min_volatility"": 1.0}",/home/matt/workspace/kalshi-btc-15m-bot/runs/strategy_probability_mm_v0/kalshi-prob-mm-opt-20260520T021230Z-train-004
strategy_probability_mm_v0,kalshi-prob-mm-opt-20260520T060741Z-train-001,kalshi,kalshi-btc-1s,/home/matt/workspace/kalshi-btc-15m-bot/feed/kalshi-btc-1s.sqlite3,611,5648.806059,-64.604923,521.951309,-586.556232,519.537264,43.478261,0.974369,-0.154606,138.485601,kalshi_api,next-tick,true,"{""base_notional"": 10.0, ""edge_threshold"": 0.03, ""force_flatten_seconds"": 60.0, ""max_atr_slope"": 1.5, ""max_net_ratio"": 0.25, ""max_wickiness"": 0.75, ""min_seconds_to_close"": 30.0, ""min_volatility"": 1.0, ""probability_model"": ""bayesian_markov""}",/home/matt/workspace/kalshi-btc-15m-bot/runs/strategy_probability_mm_v0/kalshi-prob-mm-opt-20260520T060741Z-train-001
strategy_probability_mm_v0,kalshi-prob-mm-opt-20260520T061323Z-train-001,kalshi,kalshi-btc-1s,/home/matt/workspace/kalshi-btc-15m-bot/feed/kalshi-btc-1s.sqlite3,611,5648.806059,-64.604923,521.951309,-586.556232,519.537264,43.478261,0.974369,-0.154606,138.485601,kalshi_api,next-tick,true,"{""base_notional"": 10.0, ""edge_threshold"": 0.03, ""force_flatten_seconds"": 60.0, ""max_atr_slope"": 1.5, ""max_net_ratio"": 0.25, ""max_wickiness"": 0.75, ""min_seconds_to_close"": 30.0, ""min_volatility"": 1.0, ""probability_model"": ""bayesian_markov""}",/home/matt/workspace/kalshi-btc-15m-bot/runs/strategy_probability_mm_v0/kalshi-prob-mm-opt-20260520T061323Z-train-001
strategy_probability_mm_v0,kalshi-prob-mm-opt-20260520T061323Z-train-015,kalshi,kalshi-btc-1s,/home/matt/workspace/kalshi-btc-15m-bot/feed/kalshi-btc-1s.sqlite3,611,5648.806059,-64.604923,521.951309,-586.556232,519.537264,43.478261,0.974369,-0.154606,138.485601,kalshi_api,next-tick,true,"{""base_notional"": 10.0, ""edge_threshold"": 0.03, ""force_flatten_seconds"": 60.0, ""max_atr_slope"": 1.5, ""max_net_ratio"": 0.25, ""max_wickiness"": 0.6, ""min_seconds_to_close"": 30.0, ""min_volatility"": 1.0, ""probability_model"": ""bayesian_markov""}",/home/matt/workspace/kalshi-btc-15m-bot/runs/strategy_probability_mm_v0/kalshi-prob-mm-opt-20260520T061323Z-train-015
strategy_probability_mm_v0,kalshi-prob-mm-opt-20260520T061323Z-train-016,kalshi,kalshi-btc-1s,/home/matt/workspace/kalshi-btc-15m-bot/feed/kalshi-btc-1s.sqlite3,611,5648.806059,-64.604923,521.951309,-586.556232,519.537264,43.478261,0.974369,-0.154606,138.485601,kalshi_api,next-tick,true,"{""base_notional"": 10.0, ""edge_threshold"": 0.03, ""force_flatten_seconds"": 60.0, ""max_atr_slope"": 1.5, ""max_net_ratio"": 0.25, ""max_wickiness"": 0.9, ""min_seconds_to_close"": 30.0, ""min_volatility"": 1.0, ""probability_model"": ""bayesian_markov""}",/home/matt/workspace/kalshi-btc-15m-bot/runs/strategy_probability_mm_v0/kalshi-prob-mm-opt-20260520T061323Z-train-016
strategy_probability_mm_v0,kalshi-prob-mm-opt-20260520T061323Z-train-017,kalshi,kalshi-btc-1s,/home/matt/workspace/kalshi-btc-15m-bot/feed/kalshi-btc-1s.sqlite3,611,5648.806059,-64.604923,521.951309,-586.556232,519.537264,43.478261,0.974369,-0.154606,138.485601,kalshi_api,next-tick,true,"{""base_notional"": 10.0, ""edge_threshold"": 0.03, ""force_flatten_seconds"": 60.0, ""max_atr_slope"": 0.75, ""max_net_ratio"": 0.25, ""max_wickiness"": 0.75, ""min_seconds_to_close"": 30.0, ""min_volatility"": 1.0, ""probability_model"": ""bayesian_markov""}",/home/matt/workspace/kalshi-btc-15m-bot/runs/strategy_probability_mm_v0/kalshi-prob-mm-opt-20260520T061323Z-train-017
strategy_probability_mm_v0,kalshi-prob-mm-opt-20260520T061323Z-train-018,kalshi,kalshi-btc-1s,/home/matt/workspace/kalshi-btc-15m-bot/feed/kalshi-btc-1s.sqlite3,611,5648.806059,-64.604923,521.951309,-586.556232,519.537264,43.478261,0.974369,-0.154606,138.485601,kalshi_api,next-tick,true,"{""base_notional"": 10.0, ""edge_threshold"": 0.03, ""force_flatten_seconds"": 60.0, ""max_atr_slope"": 3.0, ""max_net_ratio"": 0.25, ""max_wickiness"": 0.75, ""min_seconds_to_close"": 30.0, ""min_volatility"": 1.0, ""probability_model"": ""bayesian_markov""}",/home/matt/workspace/kalshi-btc-15m-bot/runs/strategy_probability_mm_v0/kalshi-prob-mm-opt-20260520T061323Z-train-018
strategy_probability_mm_v0,kalshi-prob-mm-opt-20260520T061323Z-train-019,kalshi,kalshi-btc-1s,/home/matt/workspace/kalshi-btc-15m-bot/feed/kalshi-btc-1s.sqlite3,611,5648.806059,-64.604923,521.951309,-586.556232,519.537264,43.478261,0.974369,-0.154606,138.485601,kalshi_api,next-tick,true,"{""base_notional"": 10.0, ""edge_threshold"": 0.03, ""force_flatten_seconds"": 60.0, ""max_atr_slope"": 1.5, ""max_net_ratio"": 0.25, ""max_wickiness"": 0.75, ""min_seconds_to_close"": 30.0, ""min_volatility"": 0.5, ""probability_model"": ""bayesian_markov""}",/home/matt/workspace/kalshi-btc-15m-bot/runs/strategy_probability_mm_v0/kalshi-prob-mm-opt-20260520T061323Z-train-019
strategy_probability_mm_v0,kalshi-prob-mm-opt-20260520T061323Z-train-020,kalshi,kalshi-btc-1s,/home/matt/workspace/kalshi-btc-15m-bot/feed/kalshi-btc-1s.sqlite3,611,5648.806059,-64.604923,521.951309,-586.556232,519.537264,43.478261,0.974369,-0.154606,138.485601,kalshi_api,next-tick,true,"{""base_notional"": 10.0, ""edge_threshold"": 0.03, ""force_flatten_seconds"": 60.0, ""max_atr_slope"": 1.5, ""max_net_ratio"": 0.25, ""max_wickiness"": 0.75, ""min_seconds_to_close"": 30.0, ""min_volatility"": 2.0, ""probability_model"": ""bayesian_markov""}",/home/matt/workspace/kalshi-btc-15m-bot/runs/strategy_probability_mm_v0/kalshi-prob-mm-opt-20260520T061323Z-train-020
strategy_probability_mm_v0,kalshi-prob-mm-opt-20260520T013309Z-validation-008,kalshi,kalshi-btc-1s,/home/matt/workspace/kalshi-btc-15m-bot/feed/kalshi-btc-1s.sqlite3,222,5044.45033,-65.208212,163.344601,-228.552813,170.477293,198.410096,0.970469,-0.2035,208.815138,mixed,next-tick,true,"{""base_notional"": 25.0, ""edge_threshold"": 0.03, ""force_flatten_seconds"": 60.0, ""max_atr_slope"": 1.5, ""max_net_ratio"": 0.25, ""max_wickiness"": 0.75, ""min_seconds_to_close"": 30.0, ""min_volatility"": 1.0}",/home/matt/workspace/kalshi-btc-15m-bot/runs/strategy_probability_mm_v0/kalshi-prob-mm-opt-20260520T013309Z-validation-008
strategy_probability_mm_v0,kalshi-prob-mm-opt-20260520T061323Z-train-014,kalshi,kalshi-btc-1s,/home/matt/workspace/kalshi-btc-15m-bot/feed/kalshi-btc-1s.sqlite3,364,3640.0,-66.347985,1028.811532,-1095.159518,1027.077928,43.478261,0.972005,-0.210571,188.496166,kalshi_api,next-tick,true,"{""base_notional"": 10.0, ""edge_threshold"": 0.03, ""force_flatten_seconds"": 60.0, ""max_atr_slope"": 1.5, ""max_net_ratio"": 0.25, ""max_wickiness"": 0.75, ""min_seconds_to_close"": 120.0, ""min_volatility"": 1.0, ""probability_model"": ""bayesian_markov""}",/home/matt/workspace/kalshi-btc-15m-bot/runs/strategy_probability_mm_v0/kalshi-prob-mm-opt-20260520T061323Z-train-014
simple_inventory_mm,matrix2-mm-net20-repair300-cheap40-1778994607,kalshi,kalshi-btc-1s,feed/kalshi-btc-1s.sqlite3,1740,5384.872544,-68.332193,0,0,144.707129,20,0.971249,-0.195971,133.765103,mixed,next-tick,true,"{""cheap_limit_price"": 0.4, ""max_net_contracts"": 20, ""repair_window_seconds"": 300}",runs/simple_inventory_mm/matrix2-mm-net20-repair300-cheap40-1778994607
strategy_probability_mm_v0,kalshi-prob-mm-opt-20260520T021230Z-train-013,kalshi,kalshi-btc-1s,/home/matt/workspace/kalshi-btc-15m-bot/feed/kalshi-btc-1s.sqlite3,690,6900.0,-70.832582,788.207267,-859.039849,807.370667,320.456697,0.98193,-0.140348,226.201397,kalshi_api,next-tick,true,"{""base_notional"": 10.0, ""edge_threshold"": 0.03, ""force_flatten_seconds"": 60.0, ""max_atr_slope"": 1.5, ""max_net_ratio"": 0.25, ""max_wickiness"": 0.75, ""min_seconds_to_close"": 120.0, ""min_volatility"": 1.0}",/home/matt/workspace/kalshi-btc-15m-bot/runs/strategy_probability_mm_v0/kalshi-prob-mm-opt-20260520T021230Z-train-013
simple_inventory_mm,matrix2-mm-net30-repair300-cheap35-1778994661,kalshi,kalshi-btc-1s,feed/kalshi-btc-1s.sqlite3,1864,5811.79845,-71.269563,0,0,164.95826,30.0,0.972029,-0.187969,185.380043,mixed,next-tick,true,"{""cheap_limit_price"": 0.35, ""max_net_contracts"": 30, ""repair_window_seconds"": 300}",runs/simple_inventory_mm/matrix2-mm-net30-repair300-cheap35-1778994661
cheap_accumulate_repair_v0,cheap-sweep-cheap12_repair8-20260518T054033Z,kalshi,kalshi-btc-1s,feed/kalshi-btc-1s.sqlite3,546,1270.323932,-72.519179,97.020644,-169.539823,99.751907,777.4872,0.894792,-0.432169,232.268173,kalshi_api,next-tick,true,"{""cheap_price"": 0.12, ""direct_pair_cost"": 0.92, ""direct_pair_spend"": 5, ""max_total_cost"": 35, ""min_seconds_between_orders"": 10, ""normal_spend"": 1, ""repair_start_seconds"": 480, ""very_cheap_price"": 0.06, ""very_cheap_spend"": 2}",runs/cheap_accumulate_repair_v0/cheap-sweep-cheap12_repair8-20260518T054033Z
seed_cheap_accumulate_repair_v1,seed_120-20260518T055947Z,kalshi,kalshi-btc-1s,feed/kalshi-btc-1s.sqlite3,2066,9995.793752,-76.364434,1379.064081,-1455.428514,2278.383134,785.646651,0.985734,-0.059281,369.079826,mixed,next-tick,true,"{""cheap_price"": 0.15, ""max_total_cost"": 50, ""min_seconds_between_orders"": 5, ""normal_spend"": 1, ""repair_start_seconds"": 120, ""seed_hedge_spend"": 10, ""seed_primary_spend"": 30, ""very_cheap_price"": 0.08, ""very_cheap_spend"": 2}",runs/seed_cheap_accumulate_repair_v1/seed_120-20260518T055947Z
strategy_probability_mm_v0,kalshi-prob-mm-opt-20260520T060741Z-train-004,kalshi,kalshi-btc-1s,/home/matt/workspace/kalshi-btc-15m-bot/feed/kalshi-btc-1s.sqlite3,609,5483.624283,-77.944583,657.806679,-735.751262,657.267568,129.451668,0.96812,-0.179783,246.435737,kalshi_api,next-tick,true,"{""base_notional"": 10.0, ""edge_threshold"": 0.04, ""force_flatten_seconds"": 60.0, ""max_atr_slope"": 1.5, ""max_net_ratio"": 0.25, ""max_wickiness"": 0.75, ""min_seconds_to_close"": 30.0, ""min_volatility"": 1.0, ""probability_model"": ""bayesian_markov""}",/home/matt/workspace/kalshi-btc-15m-bot/runs/strategy_probability_mm_v0/kalshi-prob-mm-opt-20260520T060741Z-train-004
strategy_probability_mm_v0,kalshi-prob-mm-opt-20260520T061323Z-train-004,kalshi,kalshi-btc-1s,/home/matt/workspace/kalshi-btc-15m-bot/feed/kalshi-btc-1s.sqlite3,609,5483.624283,-77.944583,657.806679,-735.751262,657.267568,129.451668,0.96812,-0.179783,246.435737,kalshi_api,next-tick,true,"{""base_notional"": 10.0, ""edge_threshold"": 0.04, ""force_flatten_seconds"": 60.0, ""max_atr_slope"": 1.5, ""max_net_ratio"": 0.25, ""max_wickiness"": 0.75, ""min_seconds_to_close"": 30.0, ""min_volatility"": 1.0, ""probability_model"": ""bayesian_markov""}",/home/matt/workspace/kalshi-btc-15m-bot/runs/strategy_probability_mm_v0/kalshi-prob-mm-opt-20260520T061323Z-train-004
simple_inventory_mm,limit5-net200-gross200-recycle-20260517T162104Z,kalshi,kalshi-btc-1s,feed/kalshi-btc-1s.sqlite3,251,620.477456,-80.537797,0,0,7.101149,130.941347,0.7599,-2.088581,163.959985,kalshi_api,next-tick,true,"{""cheap_add_contracts"": 5, ""cheap_limit_price"": 0.4, ""max_gross_contracts"": 200, ""max_net_contracts"": 200, ""min_seconds_between_orders"": 0, ""repair_add_contracts"": 5, ""repair_window_seconds"": 300, ""rich_add_contracts"": 5, ""seed_add_contracts"": 5, ""very_cheap_add_contracts"": 5}",runs/simple_inventory_mm/limit5-net200-gross200-recycle-20260517T162104Z
strategy_probability_mm_v0,kalshi-prob-mm-opt-20260520T061323Z-train-013,kalshi,kalshi-btc-1s,/home/matt/workspace/kalshi-btc-15m-bot/feed/kalshi-btc-1s.sqlite3,453,4401.46486,-81.384968,890.66279,-972.047758,890.700546,54.731926,0.967073,-0.226958,166.337451,kalshi_api,next-tick,true,"{""base_notional"": 10.0, ""edge_threshold"": 0.03, ""force_flatten_seconds"": 60.0, ""max_atr_slope"": 1.5, ""max_net_ratio"": 0.25, ""max_wickiness"": 0.75, ""min_seconds_to_close"": 60.0, ""min_volatility"": 1.0, ""probability_model"": ""bayesian_markov""}",/home/matt/workspace/kalshi-btc-15m-bot/runs/strategy_probability_mm_v0/kalshi-prob-mm-opt-20260520T061323Z-train-013
inventory_aware_passive_mm,venue-strategy-matrix-20260520T003002Z-polymarket-inventory_aware_passive_mm,polymarket,polymarket-btc-1s,/home/matt/workspace/kalshi-btc-15m-bot/feed/polymarket-btc-1s.sqlite3,72,872.626728,-83.622448,144.851292,-228.47374,147.02808,37.5,0.825158,-1.367671,133.519836,replay_final_snapshot,next-tick,true,{},/home/matt/workspace/kalshi-btc-15m-bot/runs/inventory_aware_passive_mm/venue-strategy-matrix-20260520T003002Z-polymarket-inventory_aware_passive_mm
simple_inventory_mm,matrix2-mm-net20-repair300-cheap35-1778994589,kalshi,kalshi-btc-1s,feed/kalshi-btc-1s.sqlite3,1654,5275.94053,-83.622525,0,0,149.312289,20,0.964494,-0.242089,131.076294,mixed,next-tick,true,"{""cheap_limit_price"": 0.35, ""max_net_contracts"": 20, ""repair_window_seconds"": 300}",runs/simple_inventory_mm/matrix2-mm-net20-repair300-cheap35-1778994589
simple_inventory_mm,matrix2-mm-net10-repair300-cheap35-1778994518,kalshi,kalshi-btc-1s,feed/kalshi-btc-1s.sqlite3,1090,3606.975184,-83.811693,0,0,27.317225,10,0.947791,-0.356614,110.304729,mixed,next-tick,true,"{""cheap_limit_price"": 0.35, ""max_net_contracts"": 10, ""repair_window_seconds"": 300}",runs/simple_inventory_mm/matrix2-mm-net10-repair300-cheap35-1778994518
strategy_probability_mm_v0,kalshi-prob-mm-opt-20260520T021230Z-train-022,kalshi,kalshi-btc-1s,/home/matt/workspace/kalshi-btc-15m-bot/feed/kalshi-btc-1s.sqlite3,975,4626.044991,-86.071382,-106.107973,20.036592,-106.061352,10.638298,0.95542,-0.297274,149.038647,kalshi_api,next-tick,true,"{""base_notional"": 5.0, ""edge_threshold"": 0.04, ""force_flatten_seconds"": 120.0, ""max_atr_slope"": 3.0, ""max_net_ratio"": 0.25, ""max_wickiness"": 0.75, ""min_seconds_to_close"": 30.0, ""min_volatility"": 0.5}",/home/matt/workspace/kalshi-btc-15m-bot/runs/strategy_probability_mm_v0/kalshi-prob-mm-opt-20260520T021230Z-train-022
simple_inventory_mm,matrix2-mm-net30-repair180-cheap40-1778994643,kalshi,kalshi-btc-1s,feed/kalshi-btc-1s.sqlite3,1943,5873.179434,-95.566215,0,0,314.923756,30.0,0.96415,-0.241375,245.73387,mixed,next-tick,true,"{""cheap_limit_price"": 0.4, ""max_net_contracts"": 30, ""repair_window_seconds"": 180}",runs/simple_inventory_mm/matrix2-mm-net30-repair180-cheap40-1778994643
strategy_probability_mm_v0,kalshi-prob-mm-opt-20260520T061323Z-train-008,kalshi,kalshi-btc-1s,/home/matt/workspace/kalshi-btc-15m-bot/feed/kalshi-btc-1s.sqlite3,622,8487.438812,-95.759196,784.461852,-880.221048,780.373044,65.217391,0.974719,-0.151376,206.580213,kalshi_api,next-tick,true,"{""base_notional"": 15.0, ""edge_threshold"": 0.03, ""force_flatten_seconds"": 60.0, ""max_atr_slope"": 1.5, ""max_net_ratio"": 0.25, ""max_wickiness"": 0.75, ""min_seconds_to_close"": 30.0, ""min_volatility"": 1.0, ""probability_model"": ""bayesian_markov""}",/home/matt/workspace/kalshi-btc-15m-bot/runs/strategy_probability_mm_v0/kalshi-prob-mm-opt-20260520T061323Z-train-008
strategy_probability_mm_v0,kalshi-prob-mm-opt-20260520T011930Z-train-001,kalshi,kalshi-btc-1s,/home/matt/workspace/kalshi-btc-15m-bot/feed/kalshi-btc-1s.sqlite3,1055,10058.138221,-99.502687,205.567652,-305.070339,207.252933,51.335605,0.977781,-0.147527,233.169079,kalshi_api,next-tick,true,"{""base_notional"": 10.0, ""edge_threshold"": 0.03, ""force_flatten_seconds"": 60.0, ""max_atr_slope"": 1.5, ""max_net_ratio"": 0.25, ""max_wickiness"": 0.75, ""min_seconds_to_close"": 30.0, ""min_volatility"": 1.0}",/home/matt/workspace/kalshi-btc-15m-bot/runs/strategy_probability_mm_v0/kalshi-prob-mm-opt-20260520T011930Z-train-001
strategy_probability_mm_v0,kalshi-prob-mm-opt-20260520T012050Z-train-001,kalshi,kalshi-btc-1s,/home/matt/workspace/kalshi-btc-15m-bot/feed/kalshi-btc-1s.sqlite3,1055,10058.138221,-99.502687,205.567652,-305.070339,207.252933,51.335605,0.977781,-0.147527,233.169079,kalshi_api,next-tick,true,"{""base_notional"": 10.0, ""edge_threshold"": 0.03, ""force_flatten_seconds"": 60.0, ""max_atr_slope"": 1.5, ""max_net_ratio"": 0.25, ""max_wickiness"": 0.75, ""min_seconds_to_close"": 30.0, ""min_volatility"": 1.0}",/home/matt/workspace/kalshi-btc-15m-bot/runs/strategy_probability_mm_v0/kalshi-prob-mm-opt-20260520T012050Z-train-001
strategy_probability_mm_v0,kalshi-prob-mm-opt-20260520T012701Z-train-001,kalshi,kalshi-btc-1s,/home/matt/workspace/kalshi-btc-15m-bot/feed/kalshi-btc-1s.sqlite3,1055,10058.138221,-99.502687,205.567652,-305.070339,207.252933,51.335605,0.977781,-0.147527,233.169079,kalshi_api,next-tick,true,"{""base_notional"": 10.0, ""edge_threshold"": 0.03, ""force_flatten_seconds"": 60.0, ""max_atr_slope"": 1.5, ""max_net_ratio"": 0.25, ""max_wickiness"": 0.75, ""min_seconds_to_close"": 30.0, ""min_volatility"": 1.0}",/home/matt/workspace/kalshi-btc-15m-bot/runs/strategy_probability_mm_v0/kalshi-prob-mm-opt-20260520T012701Z-train-001
strategy_probability_mm_v0,kalshi-prob-mm-opt-20260520T021230Z-train-019,kalshi,kalshi-btc-1s,/home/matt/workspace/kalshi-btc-15m-bot/feed/kalshi-btc-1s.sqlite3,1052,10033.786884,-100.329841,203.318034,-303.647876,204.995633,51.335605,0.977546,-0.149114,233.169079,kalshi_api,next-tick,true,"{""base_notional"": 10.0, ""edge_threshold"": 0.03, ""force_flatten_seconds"": 60.0, ""max_atr_slope"": 1.5, ""max_net_ratio"": 0.25, ""max_wickiness"": 0.75, ""min_seconds_to_close"": 30.0, ""min_volatility"": 2.0}",/home/matt/workspace/kalshi-btc-15m-bot/runs/strategy_probability_mm_v0/kalshi-prob-mm-opt-20260520T021230Z-train-019
strategy_probability_mm_v0,kalshi-prob-mm-opt-20260520T013309Z-train-001,kalshi,kalshi-btc-1s,/home/matt/workspace/kalshi-btc-15m-bot/feed/kalshi-btc-1s.sqlite3,1052,10033.786884,-100.792376,204.277963,-305.070339,205.963244,51.335605,0.977443,-0.149809,233.169079,kalshi_api,next-tick,true,"{""base_notional"": 10.0, ""edge_threshold"": 0.03, ""force_flatten_seconds"": 60.0, ""max_atr_slope"": 1.5, ""max_net_ratio"": 0.25, ""max_wickiness"": 0.75, ""min_seconds_to_close"": 30.0, ""min_volatility"": 1.0}",/home/matt/workspace/kalshi-btc-15m-bot/runs/strategy_probability_mm_v0/kalshi-prob-mm-opt-20260520T013309Z-train-001
strategy_probability_mm_v0,kalshi-prob-mm-opt-20260520T014359Z-train-001,kalshi,kalshi-btc-1s,/home/matt/workspace/kalshi-btc-15m-bot/feed/kalshi-btc-1s.sqlite3,1052,10033.786884,-100.792376,204.277963,-305.070339,205.963244,51.335605,0.977443,-0.149809,233.169079,kalshi_api,next-tick,true,"{""base_notional"": 10.0, ""edge_threshold"": 0.03, ""force_flatten_seconds"": 60.0, ""max_atr_slope"": 1.5, ""max_net_ratio"": 0.25, ""max_wickiness"": 0.75, ""min_seconds_to_close"": 30.0, ""min_volatility"": 1.0}",/home/matt/workspace/kalshi-btc-15m-bot/runs/strategy_probability_mm_v0/kalshi-prob-mm-opt-20260520T014359Z-train-001
strategy_probability_mm_v0,kalshi-prob-mm-opt-20260520T020138Z-train-001,kalshi,kalshi-btc-1s,/home/matt/workspace/kalshi-btc-15m-bot/feed/kalshi-btc-1s.sqlite3,1052,10033.786884,-100.792376,204.277963,-305.070339,205.963244,51.335605,0.977443,-0.149809,233.169079,kalshi_api,next-tick,true,"{""base_notional"": 10.0, ""edge_threshold"": 0.03, ""force_flatten_seconds"": 60.0, ""max_atr_slope"": 1.5, ""max_net_ratio"": 0.25, ""max_wickiness"": 0.75, ""min_seconds_to_close"": 30.0, ""min_volatility"": 1.0}",/home/matt/workspace/kalshi-btc-15m-bot/runs/strategy_probability_mm_v0/kalshi-prob-mm-opt-20260520T020138Z-train-001
strategy_probability_mm_v0,kalshi-prob-mm-opt-20260520T020950Z-train-001,kalshi,kalshi-btc-1s,/home/matt/workspace/kalshi-btc-15m-bot/feed/kalshi-btc-1s.sqlite3,1052,10033.786884,-100.792376,204.277963,-305.070339,205.963244,51.335605,0.977443,-0.149809,233.169079,kalshi_api,next-tick,true,"{""base_notional"": 10.0, ""edge_threshold"": 0.03, ""force_flatten_seconds"": 60.0, ""max_atr_slope"": 1.5, ""max_net_ratio"": 0.25, ""max_wickiness"": 0.75, ""min_seconds_to_close"": 30.0, ""min_volatility"": 1.0}",/home/matt/workspace/kalshi-btc-15m-bot/runs/strategy_probability_mm_v0/kalshi-prob-mm-opt-20260520T020950Z-train-001
strategy_probability_mm_v0,kalshi-prob-mm-opt-20260520T021230Z-train-001,kalshi,kalshi-btc-1s,/home/matt/workspace/kalshi-btc-15m-bot/feed/kalshi-btc-1s.sqlite3,1052,10033.786884,-100.792376,204.277963,-305.070339,205.963244,51.335605,0.977443,-0.149809,233.169079,kalshi_api,next-tick,true,"{""base_notional"": 10.0, ""edge_threshold"": 0.03, ""force_flatten_seconds"": 60.0, ""max_atr_slope"": 1.5, ""max_net_ratio"": 0.25, ""max_wickiness"": 0.75, ""min_seconds_to_close"": 30.0, ""min_volatility"": 1.0}",/home/matt/workspace/kalshi-btc-15m-bot/runs/strategy_probability_mm_v0/kalshi-prob-mm-opt-20260520T021230Z-train-001
strategy_probability_mm_v0,kalshi-prob-mm-opt-20260520T021230Z-train-014,kalshi,kalshi-btc-1s,/home/matt/workspace/kalshi-btc-15m-bot/feed/kalshi-btc-1s.sqlite3,1052,10033.786884,-100.792376,204.277963,-305.070339,205.963244,51.335605,0.977443,-0.149809,233.169079,kalshi_api,next-tick,true,"{""base_notional"": 10.0, ""edge_threshold"": 0.03, ""force_flatten_seconds"": 60.0, ""max_atr_slope"": 1.5, ""max_net_ratio"": 0.25, ""max_wickiness"": 0.6, ""min_seconds_to_close"": 30.0, ""min_volatility"": 1.0}",/home/matt/workspace/kalshi-btc-15m-bot/runs/strategy_probability_mm_v0/kalshi-prob-mm-opt-20260520T021230Z-train-014
strategy_probability_mm_v0,kalshi-prob-mm-opt-20260520T021230Z-train-015,kalshi,kalshi-btc-1s,/home/matt/workspace/kalshi-btc-15m-bot/feed/kalshi-btc-1s.sqlite3,1052,10033.786884,-100.792376,204.277963,-305.070339,205.963244,51.335605,0.977443,-0.149809,233.169079,kalshi_api,next-tick,true,"{""base_notional"": 10.0, ""edge_threshold"": 0.03, ""force_flatten_seconds"": 60.0, ""max_atr_slope"": 1.5, ""max_net_ratio"": 0.25, ""max_wickiness"": 0.9, ""min_seconds_to_close"": 30.0, ""min_volatility"": 1.0}",/home/matt/workspace/kalshi-btc-15m-bot/runs/strategy_probability_mm_v0/kalshi-prob-mm-opt-20260520T021230Z-train-015
strategy_probability_mm_v0,kalshi-prob-mm-opt-20260520T021230Z-train-016,kalshi,kalshi-btc-1s,/home/matt/workspace/kalshi-btc-15m-bot/feed/kalshi-btc-1s.sqlite3,1052,10033.786884,-100.792376,204.277963,-305.070339,205.963244,51.335605,0.977443,-0.149809,233.169079,kalshi_api,next-tick,true,"{""base_notional"": 10.0, ""edge_threshold"": 0.03, ""force_flatten_seconds"": 60.0, ""max_atr_slope"": 0.75, ""max_net_ratio"": 0.25, ""max_wickiness"": 0.75, ""min_seconds_to_close"": 30.0, ""min_volatility"": 1.0}",/home/matt/workspace/kalshi-btc-15m-bot/runs/strategy_probability_mm_v0/kalshi-prob-mm-opt-20260520T021230Z-train-016
strategy_probability_mm_v0,kalshi-prob-mm-opt-20260520T021230Z-train-017,kalshi,kalshi-btc-1s,/home/matt/workspace/kalshi-btc-15m-bot/feed/kalshi-btc-1s.sqlite3,1052,10033.786884,-100.792376,204.277963,-305.070339,205.963244,51.335605,0.977443,-0.149809,233.169079,kalshi_api,next-tick,true,"{""base_notional"": 10.0, ""edge_threshold"": 0.03, ""force_flatten_seconds"": 60.0, ""max_atr_slope"": 3.0, ""max_net_ratio"": 0.25, ""max_wickiness"": 0.75, ""min_seconds_to_close"": 30.0, ""min_volatility"": 1.0}",/home/matt/workspace/kalshi-btc-15m-bot/runs/strategy_probability_mm_v0/kalshi-prob-mm-opt-20260520T021230Z-train-017
strategy_probability_mm_v0,kalshi-prob-mm-opt-20260520T021230Z-train-018,kalshi,kalshi-btc-1s,/home/matt/workspace/kalshi-btc-15m-bot/feed/kalshi-btc-1s.sqlite3,1052,10033.786884,-100.792376,204.277963,-305.070339,205.963244,51.335605,0.977443,-0.149809,233.169079,kalshi_api,next-tick,true,"{""base_notional"": 10.0, ""edge_threshold"": 0.03, ""force_flatten_seconds"": 60.0, ""max_atr_slope"": 1.5, ""max_net_ratio"": 0.25, ""max_wickiness"": 0.75, ""min_seconds_to_close"": 30.0, ""min_volatility"": 0.5}",/home/matt/workspace/kalshi-btc-15m-bot/runs/strategy_probability_mm_v0/kalshi-prob-mm-opt-20260520T021230Z-train-018
strategy_probability_mm_v0,kalshi-prob-mm-opt-20260520T025824Z-train-001,kalshi,kalshi-btc-1s,/home/matt/workspace/kalshi-btc-15m-bot/feed/kalshi-btc-1s.sqlite3,1052,10033.786884,-100.792376,204.277963,-305.070339,205.963244,51.335605,0.977443,-0.149809,233.169079,kalshi_api,next-tick,true,"{""base_notional"": 10.0, ""edge_threshold"": 0.03, ""force_flatten_seconds"": 60.0, ""max_atr_slope"": 1.5, ""max_net_ratio"": 0.25, ""max_wickiness"": 0.75, ""min_seconds_to_close"": 30.0, ""min_volatility"": 1.0}",/home/matt/workspace/kalshi-btc-15m-bot/runs/strategy_probability_mm_v0/kalshi-prob-mm-opt-20260520T025824Z-train-001
strategy_probability_mm_v0,kalshi-prob-mm-opt-20260520T060741Z-train-002,kalshi,kalshi-btc-1s,/home/matt/workspace/kalshi-btc-15m-bot/feed/kalshi-btc-1s.sqlite3,1052,10033.786884,-100.792376,204.277963,-305.070339,205.963244,51.335605,0.977443,-0.149809,233.169079,kalshi_api,next-tick,true,"{""base_notional"": 10.0, ""edge_threshold"": 0.03, ""force_flatten_seconds"": 60.0, ""max_atr_slope"": 1.5, ""max_net_ratio"": 0.25, ""max_wickiness"": 0.75, ""min_seconds_to_close"": 30.0, ""min_volatility"": 1.0, ""probability_model"": ""brownian""}",/home/matt/workspace/kalshi-btc-15m-bot/runs/strategy_probability_mm_v0/kalshi-prob-mm-opt-20260520T060741Z-train-002
strategy_probability_mm_v0,kalshi-prob-mm-opt-20260520T061323Z-train-002,kalshi,kalshi-btc-1s,/home/matt/workspace/kalshi-btc-15m-bot/feed/kalshi-btc-1s.sqlite3,1052,10033.786884,-100.792376,204.277963,-305.070339,205.963244,51.335605,0.977443,-0.149809,233.169079,kalshi_api,next-tick,true,"{""base_notional"": 10.0, ""edge_threshold"": 0.03, ""force_flatten_seconds"": 60.0, ""max_atr_slope"": 1.5, ""max_net_ratio"": 0.25, ""max_wickiness"": 0.75, ""min_seconds_to_close"": 30.0, ""min_volatility"": 1.0, ""probability_model"": ""brownian""}",/home/matt/workspace/kalshi-btc-15m-bot/runs/strategy_probability_mm_v0/kalshi-prob-mm-opt-20260520T061323Z-train-002
strategy_probability_mm_v0,kalshi-prob-mm-opt-20260520T061323Z-train-011,kalshi,kalshi-btc-1s,/home/matt/workspace/kalshi-btc-15m-bot/feed/kalshi-btc-1s.sqlite3,437,4220.519368,-103.428194,965.018853,-1068.447047,967.883719,64.832936,0.958768,-0.291916,173.042235,kalshi_api,next-tick,true,"{""base_notional"": 10.0, ""edge_threshold"": 0.03, ""force_flatten_seconds"": 30.0, ""max_atr_slope"": 1.5, ""max_net_ratio"": 0.25, ""max_wickiness"": 0.75, ""min_seconds_to_close"": 30.0, ""min_volatility"": 1.0, ""probability_model"": ""bayesian_markov""}",/home/matt/workspace/kalshi-btc-15m-bot/runs/strategy_probability_mm_v0/kalshi-prob-mm-opt-20260520T061323Z-train-011
simple_inventory_mm,matrix2-mm-net10-repair300-cheap40-1778994536,kalshi,kalshi-btc-1s,feed/kalshi-btc-1s.sqlite3,1320,4075.238049,-103.847733,0,0,29.526434,10.0,0.942222,-0.394083,116.573859,mixed,next-tick,true,"{""cheap_limit_price"": 0.4, ""max_net_contracts"": 10, ""repair_window_seconds"": 300}",runs/simple_inventory_mm/matrix2-mm-net10-repair300-cheap40-1778994536
simple_inventory_mm,audit-simple_inventory_mm-portfolio-1778993167,kalshi,kalshi-btc-1s,feed/kalshi-btc-1s.sqlite3,4725,7310.690182,-105.374079,0,0,158.999227,96.548424,0.9694,-0.145535,380.945694,mixed,next-tick,true,{},runs/simple_inventory_mm/audit-simple_inventory_mm-portfolio-1778993167
simple_inventory_mm,audit-simple_inventory_mm-next-tick-state-1778991373,kalshi,kalshi-btc-1s,feed/kalshi-btc-1s.sqlite3,4582,7202.066111,-105.374079,0,0,0,0,0.9694,-0.145535,380.945694,mixed,next-tick,true,{},runs/simple_inventory_mm/audit-simple_inventory_mm-next-tick-state-1778991373
simple_inventory_mm,matrix2-mm-net10-repair180-cheap35-1778994483,kalshi,kalshi-btc-1s,feed/kalshi-btc-1s.sqlite3,1180,3778.583292,-105.83614,0,0,97.874377,10,0.939363,-0.417658,135.234848,mixed,next-tick,true,"{""cheap_limit_price"": 0.35, ""max_net_contracts"": 10, ""repair_window_seconds"": 180}",runs/simple_inventory_mm/matrix2-mm-net10-repair180-cheap35-1778994483
strategy_probability_mm_v0,kalshi-prob-mm-opt-20260520T062931Z-train-002,kalshi,kalshi-btc-1s,/home/matt/workspace/kalshi-btc-15m-bot/feed/kalshi-btc-1s.sqlite3,632,5760.363715,-114.85504,646.354413,-761.209453,645.595838,129.451668,0.95283,-0.250211,284.790546,kalshi_api,next-tick,true,"{""base_notional"": 10.0, ""edge_threshold"": 0.045, ""force_flatten_seconds"": 60.0, ""max_atr_slope"": 1.5, ""max_net_ratio"": 0.25, ""max_wickiness"": 0.75, ""min_seconds_to_close"": 30.0, ""min_volatility"": 1.0, ""probability_model"": ""bayesian_markov""}",/home/matt/workspace/kalshi-btc-15m-bot/runs/strategy_probability_mm_v0/kalshi-prob-mm-opt-20260520T062931Z-train-002
strategy_probability_mm_v0,kalshi-prob-mm-opt-20260520T063335Z-train-002,kalshi,kalshi-btc-1s,/home/matt/workspace/kalshi-btc-15m-bot/feed/kalshi-btc-1s.sqlite3,632,5760.363715,-114.85504,646.354413,-761.209453,645.595838,129.451668,0.95283,-0.250211,284.790546,kalshi_api,next-tick,true,"{""base_notional"": 10.0, ""edge_threshold"": 0.045, ""force_flatten_seconds"": 60.0, ""max_atr_slope"": 1.5, ""max_net_ratio"": 0.25, ""max_wickiness"": 0.75, ""min_seconds_to_close"": 30.0, ""min_volatility"": 1.0, ""probability_model"": ""bayesian_markov""}",/home/matt/workspace/kalshi-btc-15m-bot/runs/strategy_probability_mm_v0/kalshi-prob-mm-opt-20260520T063335Z-train-002
strategy_probability_mm_v0,kalshi-prob-mm-opt-20260520T063847Z-train-002,kalshi,kalshi-btc-1s,/home/matt/workspace/kalshi-btc-15m-bot/feed/kalshi-btc-1s.sqlite3,632,5760.363715,-114.85504,646.354413,-761.209453,645.595838,129.451668,0.95283,-0.250211,284.790546,kalshi_api,next-tick,true,"{""base_notional"": 10.0, ""edge_threshold"": 0.045, ""force_flatten_seconds"": 60.0, ""max_atr_slope"": 1.5, ""max_net_ratio"": 0.25, ""max_wickiness"": 0.75, ""min_seconds_to_close"": 30.0, ""min_volatility"": 1.0, ""probability_model"": ""bayesian_markov""}",/home/matt/workspace/kalshi-btc-15m-bot/runs/strategy_probability_mm_v0/kalshi-prob-mm-opt-20260520T063847Z-train-002
strategy_probability_mm_v0,kalshi-prob-mm-opt-20260520T071704Z-train-002,kalshi,kalshi-btc-1s,/home/matt/workspace/kalshi-btc-15m-bot/feed/kalshi-btc-1s.sqlite3,632,5760.363715,-114.85504,646.354413,-761.209453,645.595838,129.451668,0.95283,-0.250211,284.790546,kalshi_api,next-tick,true,"{""base_notional"": 10.0, ""edge_threshold"": 0.045, ""force_flatten_seconds"": 60.0, ""max_atr_slope"": 1.5, ""max_net_ratio"": 0.25, ""max_probability_mid_band"": 0.0, ""max_wickiness"": 0.75, ""min_abs_edge"": 0.0, ""min_probability_confidence"": 0.0, ""min_seconds_to_close"": 30.0, ""min_volatility"": 1.0, ""probability_model"": ""bayesian_markov""}",/home/matt/workspace/kalshi-btc-15m-bot/runs/strategy_probability_mm_v0/kalshi-prob-mm-opt-20260520T071704Z-train-002
simple_inventory_mm,matrix2-mm-net10-repair180-cheap40-1778994500,kalshi,kalshi-btc-1s,feed/kalshi-btc-1s.sqlite3,1398,4184.607328,-117.978512,0,0,104.308952,10.0,0.937517,-0.42853,134.746267,mixed,next-tick,true,"{""cheap_limit_price"": 0.4, ""max_net_contracts"": 10, ""repair_window_seconds"": 180}",runs/simple_inventory_mm/matrix2-mm-net10-repair180-cheap40-1778994500
strategy_probability_mm_v0,kalshi-prob-mm-opt-20260520T061323Z-train-006,kalshi,kalshi-btc-1s,/home/matt/workspace/kalshi-btc-15m-bot/feed/kalshi-btc-1s.sqlite3,733,7043.65044,-118.394076,883.061478,-1001.455553,883.005441,500.0,0.948397,-0.160168,523.004462,kalshi_api,next-tick,true,"{""base_notional"": 10.0, ""edge_threshold"": 0.08, ""force_flatten_seconds"": 60.0, ""max_atr_slope"": 1.5, ""max_net_ratio"": 0.25, ""max_wickiness"": 0.75, ""min_seconds_to_close"": 30.0, ""min_volatility"": 1.0, ""probability_model"": ""bayesian_markov""}",/home/matt/workspace/kalshi-btc-15m-bot/runs/strategy_probability_mm_v0/kalshi-prob-mm-opt-20260520T061323Z-train-006
simple_inventory_mm,matrix2-mm-net20-repair180-cheap40-1778994571,kalshi,kalshi-btc-1s,feed/kalshi-btc-1s.sqlite3,1764,5312.373959,-120.662203,0,0,211.122302,20,0.95028,-0.342285,164.663774,mixed,next-tick,true,"{""cheap_limit_price"": 0.4, ""max_net_contracts"": 20, ""repair_window_seconds"": 180}",runs/simple_inventory_mm/matrix2-mm-net20-repair180-cheap40-1778994571
simple_inventory_mm,matrix-mm-net20-repair300-cheap35-1778993875,kalshi,kalshi-btc-1s,feed/kalshi-btc-1s.sqlite3,4381,6455.094408,-122.254934,0,0,135.152218,50.277728,0.958559,-0.194713,253.44643,mixed,next-tick,true,"{""cheap_limit_price"": 0.35, ""max_net_contracts"": 20, ""repair_window_seconds"": 300}",runs/simple_inventory_mm/matrix-mm-net20-repair300-cheap35-1778993875
simple_inventory_mm,matrix-mm-net20-repair300-cheap40-1778993892,kalshi,kalshi-btc-1s,feed/kalshi-btc-1s.sqlite3,4752,6759.359659,-124.319213,0,0,117.454964,50.022247,0.958791,-0.187949,277.321167,mixed,next-tick,true,"{""cheap_limit_price"": 0.4, ""max_net_contracts"": 20, ""repair_window_seconds"": 300}",runs/simple_inventory_mm/matrix-mm-net20-repair300-cheap40-1778993892
simple_inventory_mm,matrix-mm-net20-repair180-cheap35-1778993805,kalshi,kalshi-btc-1s,feed/kalshi-btc-1s.sqlite3,4364,6468.917808,-126.858458,0,0,157.424386,50.277728,0.957479,-0.20126,255.471829,mixed,next-tick,true,"{""cheap_limit_price"": 0.35, ""max_net_contracts"": 20, ""repair_window_seconds"": 180}",runs/simple_inventory_mm/matrix-mm-net20-repair180-cheap35-1778993805
simple_inventory_mm,matrix-mm-net20-repair180-cheap40-1778993822,kalshi,kalshi-btc-1s,feed/kalshi-btc-1s.sqlite3,4732,6759.14965,-132.004896,0,0,133.576668,50.022247,0.956509,-0.198955,285.177074,mixed,next-tick,true,"{""cheap_limit_price"": 0.4, ""max_net_contracts"": 20, ""repair_window_seconds"": 180}",runs/simple_inventory_mm/matrix-mm-net20-repair180-cheap40-1778993822
complement_ladder_v0,complement-ladder-smoke-20260518T043245Z,kalshi,kalshi-btc-1s,feed/kalshi-btc-1s.sqlite3,40626,7388.148409,-138.989515,0,0,324.184636,50.956444,0.920096,-0.183011,290.864563,mixed,next-tick,true,"{""cheap_add_contracts"": 5, ""cheap_threshold"": 0.25, ""direct_pair_contracts"": 10, ""max_unpaired_contracts"": 50, ""target_pair_cost"": 0.95}",runs/complement_ladder_v0/complement-ladder-smoke-20260518T043245Z
simple_inventory_mm,matrix2-mm-net20-repair180-cheap35-1778994553,kalshi,kalshi-btc-1s,feed/kalshi-btc-1s.sqlite3,1708,5258.382975,-143.502685,0,0,235.001819,20,0.940757,-0.409191,190.062152,mixed,next-tick,true,"{""cheap_limit_price"": 0.35, ""max_net_contracts"": 20, ""repair_window_seconds"": 180}",runs/simple_inventory_mm/matrix2-mm-net20-repair180-cheap35-1778994553
strategy_probability_mm_v0,kalshi-prob-mm-opt-20260520T061323Z-test-001,kalshi,kalshi-btc-1s,/home/matt/workspace/kalshi-btc-15m-bot/feed/kalshi-btc-1s.sqlite3,60,900.0,-144.143865,125.876289,-270.020154,125.876289,294.117647,0.7536,-1.409257,211.299392,mixed,next-tick,true,"{""base_notional"": 15.0, ""edge_threshold"": 0.08, ""force_flatten_seconds"": 60.0, ""max_atr_slope"": 1.5, ""max_net_ratio"": 0.1, ""max_wickiness"": 0.6, ""min_seconds_to_close"": 120.0, ""min_volatility"": 2.0, ""probability_model"": ""bayesian_markov""}",/home/matt/workspace/kalshi-btc-15m-bot/runs/strategy_probability_mm_v0/kalshi-prob-mm-opt-20260520T061323Z-test-001
simple_inventory_mm,matrix-mm-net20-repair300-cheap30-1778993857,kalshi,kalshi-btc-1s,feed/kalshi-btc-1s.sqlite3,4509,6284.743141,-152.347887,0,0,118.415472,50.277728,0.946762,-0.242974,308.227628,mixed,next-tick,true,"{""cheap_limit_price"": 0.3, ""max_net_contracts"": 20, ""repair_window_seconds"": 300}",runs/simple_inventory_mm/matrix-mm-net20-repair300-cheap30-1778993857
strategy_probability_mm_v0,kalshi-prob-mm-opt-20260520T062931Z-train-005,kalshi,kalshi-btc-1s,/home/matt/workspace/kalshi-btc-15m-bot/feed/kalshi-btc-1s.sqlite3,688,6517.818225,-155.781347,747.300826,-903.082174,746.756093,196.078431,0.933188,-0.270529,292.313119,kalshi_api,next-tick,true,"{""base_notional"": 10.0, ""edge_threshold"": 0.07, ""force_flatten_seconds"": 60.0, ""max_atr_slope"": 1.5, ""max_net_ratio"": 0.25, ""max_wickiness"": 0.75, ""min_seconds_to_close"": 30.0, ""min_volatility"": 1.0, ""probability_model"": ""bayesian_markov""}",/home/matt/workspace/kalshi-btc-15m-bot/runs/strategy_probability_mm_v0/kalshi-prob-mm-opt-20260520T062931Z-train-005
strategy_probability_mm_v0,kalshi-prob-mm-opt-20260520T063335Z-train-005,kalshi,kalshi-btc-1s,/home/matt/workspace/kalshi-btc-15m-bot/feed/kalshi-btc-1s.sqlite3,688,6517.818225,-155.781347,747.300826,-903.082174,746.756093,196.078431,0.933188,-0.270529,292.313119,kalshi_api,next-tick,true,"{""base_notional"": 10.0, ""edge_threshold"": 0.07, ""force_flatten_seconds"": 60.0, ""max_atr_slope"": 1.5, ""max_net_ratio"": 0.25, ""max_wickiness"": 0.75, ""min_seconds_to_close"": 30.0, ""min_volatility"": 1.0, ""probability_model"": ""bayesian_markov""}",/home/matt/workspace/kalshi-btc-15m-bot/runs/strategy_probability_mm_v0/kalshi-prob-mm-opt-20260520T063335Z-train-005
strategy_probability_mm_v0,kalshi-prob-mm-opt-20260520T063847Z-train-005,kalshi,kalshi-btc-1s,/home/matt/workspace/kalshi-btc-15m-bot/feed/kalshi-btc-1s.sqlite3,688,6517.818225,-155.781347,747.300826,-903.082174,746.756093,196.078431,0.933188,-0.270529,292.313119,kalshi_api,next-tick,true,"{""base_notional"": 10.0, ""edge_threshold"": 0.07, ""force_flatten_seconds"": 60.0, ""max_atr_slope"": 1.5, ""max_net_ratio"": 0.25, ""max_wickiness"": 0.75, ""min_seconds_to_close"": 30.0, ""min_volatility"": 1.0, ""probability_model"": ""bayesian_markov""}",/home/matt/workspace/kalshi-btc-15m-bot/runs/strategy_probability_mm_v0/kalshi-prob-mm-opt-20260520T063847Z-train-005
strategy_probability_mm_v0,kalshi-prob-mm-opt-20260520T071704Z-train-005,kalshi,kalshi-btc-1s,/home/matt/workspace/kalshi-btc-15m-bot/feed/kalshi-btc-1s.sqlite3,688,6517.818225,-155.781347,747.300826,-903.082174,746.756093,196.078431,0.933188,-0.270529,292.313119,kalshi_api,next-tick,true,"{""base_notional"": 10.0, ""edge_threshold"": 0.07, ""force_flatten_seconds"": 60.0, ""max_atr_slope"": 1.5, ""max_net_ratio"": 0.25, ""max_probability_mid_band"": 0.0, ""max_wickiness"": 0.75, ""min_abs_edge"": 0.0, ""min_probability_confidence"": 0.0, ""min_seconds_to_close"": 30.0, ""min_volatility"": 1.0, ""probability_model"": ""bayesian_markov""}",/home/matt/workspace/kalshi-btc-15m-bot/runs/strategy_probability_mm_v0/kalshi-prob-mm-opt-20260520T071704Z-train-005
strategy_probability_mm_v0,kalshi-prob-mm-opt-20260520T014359Z-train-011,kalshi,kalshi-btc-1s,/home/matt/workspace/kalshi-btc-15m-bot/feed/kalshi-btc-1s.sqlite3,1081,9998.110363,-163.425183,-213.516448,50.091264,-213.409082,6.684492,0.961302,-0.253893,289.874658,kalshi_api,next-tick,true,"{""base_notional"": 10.0, ""edge_threshold"": 0.03, ""force_flatten_seconds"": 120.0, ""max_atr_slope"": 1.5, ""max_net_ratio"": 0.25, ""max_wickiness"": 0.75, ""min_seconds_to_close"": 30.0, ""min_volatility"": 1.0}",/home/matt/workspace/kalshi-btc-15m-bot/runs/strategy_probability_mm_v0/kalshi-prob-mm-opt-20260520T014359Z-train-011
strategy_probability_mm_v0,kalshi-prob-mm-opt-20260520T021230Z-train-011,kalshi,kalshi-btc-1s,/home/matt/workspace/kalshi-btc-15m-bot/feed/kalshi-btc-1s.sqlite3,1081,9998.110363,-163.425183,-213.516448,50.091264,-213.409082,6.684492,0.961302,-0.253893,289.874658,kalshi_api,next-tick,true,"{""base_notional"": 10.0, ""edge_threshold"": 0.03, ""force_flatten_seconds"": 120.0, ""max_atr_slope"": 1.5, ""max_net_ratio"": 0.25, ""max_wickiness"": 0.75, ""min_seconds_to_close"": 30.0, ""min_volatility"": 1.0}",/home/matt/workspace/kalshi-btc-15m-bot/runs/strategy_probability_mm_v0/kalshi-prob-mm-opt-20260520T021230Z-train-011
volatility_inventory,bankroll200-allstats-volatility_inventory-1778996866,kalshi,kalshi-btc-1s,feed/kalshi-btc-1s.sqlite3,35,173.90625,-165.969742,0,0,1.66791,1095.980272,0.017385,-55.810343,165.969742,kalshi_api,next-tick,true,{},runs/volatility_inventory/bankroll200-allstats-volatility_inventory-1778996866
simple_inventory_mm,matrix2-mm-net30-repair180-cheap35-1778994625,kalshi,kalshi-btc-1s,feed/kalshi-btc-1s.sqlite3,1874,5729.230891,-167.960076,0,0,244.062833,30.0,0.936361,-0.438289,259.763602,mixed,next-tick,true,"{""cheap_limit_price"": 0.35, ""max_net_contracts"": 30, ""repair_window_seconds"": 180}",runs/simple_inventory_mm/matrix2-mm-net30-repair180-cheap35-1778994625
simple_inventory_mm,matrix-mm-net20-repair90-cheap40-1778993753,kalshi,kalshi-btc-1s,feed/kalshi-btc-1s.sqlite3,4837,6763.055541,-168.050801,0,0,152.048319,50.022247,0.945159,-0.249674,292.533316,mixed,next-tick,true,"{""cheap_limit_price"": 0.4, ""max_net_contracts"": 20, ""repair_window_seconds"": 90}",runs/simple_inventory_mm/matrix-mm-net20-repair90-cheap40-1778993753
simple_inventory_mm,matrix-mm-net20-repair90-cheap35-1778993735,kalshi,kalshi-btc-1s,feed/kalshi-btc-1s.sqlite3,4507,6479.345647,-168.16327,0,0,167.694481,50.022247,0.944223,-0.261437,265.092313,mixed,next-tick,true,"{""cheap_limit_price"": 0.35, ""max_net_contracts"": 20, ""repair_window_seconds"": 90}",runs/simple_inventory_mm/matrix-mm-net20-repair90-cheap35-1778993735
strategy_probability_mm_v0,kalshi-prob-mm-opt-20260520T021230Z-train-025,kalshi,kalshi-btc-1s,/home/matt/workspace/kalshi-btc-15m-bot/feed/kalshi-btc-1s.sqlite3,1287,6178.476248,-169.053693,-183.645619,14.591926,-183.971607,9.175798,0.935755,-0.443224,216.735522,kalshi_api,next-tick,true,"{""base_notional"": 5.0, ""edge_threshold"": 0.02, ""force_flatten_seconds"": 120.0, ""max_atr_slope"": 3.0, ""max_net_ratio"": 0.25, ""max_wickiness"": 0.75, ""min_seconds_to_close"": 30.0, ""min_volatility"": 0.5}",/home/matt/workspace/kalshi-btc-15m-bot/runs/strategy_probability_mm_v0/kalshi-prob-mm-opt-20260520T021230Z-train-025
simple_inventory_mm,all-strategies-nexttick-simple_inventory_mm-1778995478,kalshi,kalshi-btc-1s,feed/kalshi-btc-1s.sqlite3,19780,7528.119913,-172.157639,0,0,30.39708,33.055556,0.948702,-0.125957,241.698526,mixed,next-tick,true,"{""cheap_limit_price"": 0.4, ""max_net_contracts"": 30, ""min_seconds_between_orders"": 0, ""repair_window_seconds"": 300}",runs/simple_inventory_mm/all-strategies-nexttick-simple_inventory_mm-1778995478
strategy_probability_mm_v0,kalshi-prob-mm-opt-20260520T012050Z-train-003,kalshi,kalshi-btc-1s,/home/matt/workspace/kalshi-btc-15m-bot/feed/kalshi-btc-1s.sqlite3,973,9178.670278,-172.768803,176.328394,-349.097197,176.58924,59.234766,0.957628,-0.285356,244.05487,kalshi_api,next-tick,true,"{""base_notional"": 10.0, ""edge_threshold"": 0.04, ""force_flatten_seconds"": 60.0, ""max_atr_slope"": 1.5, ""max_net_ratio"": 0.25, ""max_wickiness"": 0.75, ""min_seconds_to_close"": 30.0, ""min_volatility"": 1.0}",/home/matt/workspace/kalshi-btc-15m-bot/runs/strategy_probability_mm_v0/kalshi-prob-mm-opt-20260520T012050Z-train-003
strategy_probability_mm_v0,kalshi-prob-mm-opt-20260520T012701Z-train-003,kalshi,kalshi-btc-1s,/home/matt/workspace/kalshi-btc-15m-bot/feed/kalshi-btc-1s.sqlite3,973,9178.670278,-172.768803,176.328394,-349.097197,176.58924,59.234766,0.957628,-0.285356,244.05487,kalshi_api,next-tick,true,"{""base_notional"": 10.0, ""edge_threshold"": 0.04, ""force_flatten_seconds"": 60.0, ""max_atr_slope"": 1.5, ""max_net_ratio"": 0.25, ""max_wickiness"": 0.75, ""min_seconds_to_close"": 30.0, ""min_volatility"": 1.0}",/home/matt/workspace/kalshi-btc-15m-bot/runs/strategy_probability_mm_v0/kalshi-prob-mm-opt-20260520T012701Z-train-003
strategy_probability_mm_v0,kalshi-prob-mm-opt-20260520T013309Z-train-007,kalshi,kalshi-btc-1s,/home/matt/workspace/kalshi-btc-15m-bot/feed/kalshi-btc-1s.sqlite3,1075,15207.443214,-174.294739,296.715493,-471.010233,299.068508,77.003407,0.974243,-0.170251,375.952636,kalshi_api,next-tick,true,"{""base_notional"": 15.0, ""edge_threshold"": 0.03, ""force_flatten_seconds"": 60.0, ""max_atr_slope"": 1.5, ""max_net_ratio"": 0.25, ""max_wickiness"": 0.75, ""min_seconds_to_close"": 30.0, ""min_volatility"": 1.0}",/home/matt/workspace/kalshi-btc-15m-bot/runs/strategy_probability_mm_v0/kalshi-prob-mm-opt-20260520T013309Z-train-007
strategy_probability_mm_v0,kalshi-prob-mm-opt-20260520T014359Z-train-007,kalshi,kalshi-btc-1s,/home/matt/workspace/kalshi-btc-15m-bot/feed/kalshi-btc-1s.sqlite3,1075,15207.443214,-174.294739,296.715493,-471.010233,299.068508,77.003407,0.974243,-0.170251,375.952636,kalshi_api,next-tick,true,"{""base_notional"": 15.0, ""edge_threshold"": 0.03, ""force_flatten_seconds"": 60.0, ""max_atr_slope"": 1.5, ""max_net_ratio"": 0.25, ""max_wickiness"": 0.75, ""min_seconds_to_close"": 30.0, ""min_volatility"": 1.0}",/home/matt/workspace/kalshi-btc-15m-bot/runs/strategy_probability_mm_v0/kalshi-prob-mm-opt-20260520T014359Z-train-007
strategy_probability_mm_v0,kalshi-prob-mm-opt-20260520T021230Z-train-007,kalshi,kalshi-btc-1s,/home/matt/workspace/kalshi-btc-15m-bot/feed/kalshi-btc-1s.sqlite3,1075,15207.443214,-174.294739,296.715493,-471.010233,299.068508,77.003407,0.974243,-0.170251,375.952636,kalshi_api,next-tick,true,"{""base_notional"": 15.0, ""edge_threshold"": 0.03, ""force_flatten_seconds"": 60.0, ""max_atr_slope"": 1.5, ""max_net_ratio"": 0.25, ""max_wickiness"": 0.75, ""min_seconds_to_close"": 30.0, ""min_volatility"": 1.0}",/home/matt/workspace/kalshi-btc-15m-bot/runs/strategy_probability_mm_v0/kalshi-prob-mm-opt-20260520T021230Z-train-007
strategy_probability_mm_v0,kalshi-prob-mm-opt-20260520T013309Z-train-003,kalshi,kalshi-btc-1s,/home/matt/workspace/kalshi-btc-15m-bot/feed/kalshi-btc-1s.sqlite3,970,9155.261731,-175.001281,174.095915,-349.097197,174.356761,59.234766,0.956975,-0.289872,244.05487,kalshi_api,next-tick,true,"{""base_notional"": 10.0, ""edge_threshold"": 0.04, ""force_flatten_seconds"": 60.0, ""max_atr_slope"": 1.5, ""max_net_ratio"": 0.25, ""max_wickiness"": 0.75, ""min_seconds_to_close"": 30.0, ""min_volatility"": 1.0}",/home/matt/workspace/kalshi-btc-15m-bot/runs/strategy_probability_mm_v0/kalshi-prob-mm-opt-20260520T013309Z-train-003
strategy_probability_mm_v0,kalshi-prob-mm-opt-20260520T014359Z-train-003,kalshi,kalshi-btc-1s,/home/matt/workspace/kalshi-btc-15m-bot/feed/kalshi-btc-1s.sqlite3,970,9155.261731,-175.001281,174.095915,-349.097197,174.356761,59.234766,0.956975,-0.289872,244.05487,kalshi_api,next-tick,true,"{""base_notional"": 10.0, ""edge_threshold"": 0.04, ""force_flatten_seconds"": 60.0, ""max_atr_slope"": 1.5, ""max_net_ratio"": 0.25, ""max_wickiness"": 0.75, ""min_seconds_to_close"": 30.0, ""min_volatility"": 1.0}",/home/matt/workspace/kalshi-btc-15m-bot/runs/strategy_probability_mm_v0/kalshi-prob-mm-opt-20260520T014359Z-train-003
strategy_probability_mm_v0,kalshi-prob-mm-opt-20260520T020138Z-train-003,kalshi,kalshi-btc-1s,/home/matt/workspace/kalshi-btc-15m-bot/feed/kalshi-btc-1s.sqlite3,970,9155.261731,-175.001281,174.095915,-349.097197,174.356761,59.234766,0.956975,-0.289872,244.05487,kalshi_api,next-tick,true,"{""base_notional"": 10.0, ""edge_threshold"": 0.04, ""force_flatten_seconds"": 60.0, ""max_atr_slope"": 1.5, ""max_net_ratio"": 0.25, ""max_wickiness"": 0.75, ""min_seconds_to_close"": 30.0, ""min_volatility"": 1.0}",/home/matt/workspace/kalshi-btc-15m-bot/runs/strategy_probability_mm_v0/kalshi-prob-mm-opt-20260520T020138Z-train-003
strategy_probability_mm_v0,kalshi-prob-mm-opt-20260520T021230Z-train-003,kalshi,kalshi-btc-1s,/home/matt/workspace/kalshi-btc-15m-bot/feed/kalshi-btc-1s.sqlite3,970,9155.261731,-175.001281,174.095915,-349.097197,174.356761,59.234766,0.956975,-0.289872,244.05487,kalshi_api,next-tick,true,"{""base_notional"": 10.0, ""edge_threshold"": 0.04, ""force_flatten_seconds"": 60.0, ""max_atr_slope"": 1.5, ""max_net_ratio"": 0.25, ""max_wickiness"": 0.75, ""min_seconds_to_close"": 30.0, ""min_volatility"": 1.0}",/home/matt/workspace/kalshi-btc-15m-bot/runs/strategy_probability_mm_v0/kalshi-prob-mm-opt-20260520T021230Z-train-003
simple_inventory_mm,matrix-mm-net20-repair180-cheap30-1778993787,kalshi,kalshi-btc-1s,feed/kalshi-btc-1s.sqlite3,4461,6338.048664,-189.620184,0,0,126.663985,50.277728,0.934784,-0.303579,335.324121,mixed,next-tick,true,"{""cheap_limit_price"": 0.3, ""max_net_contracts"": 20, ""repair_window_seconds"": 180}",runs/simple_inventory_mm/matrix-mm-net20-repair180-cheap30-1778993787
seed_cheap_accumulate_repair_v1,polymarket-20260518-seed-repair-v1-90-30-postfix,polymarket,polymarket-btc-1s,feed/polymarket-btc-1s.sqlite3,90,3118.590591,-192.371201,261.621051,-453.992252,288.197847,255.065417,0.886053,-0.661722,407.103465,replay_final_snapshot,next-tick,false,"{""max_net_ratio"": 0.35, ""max_total_cost"": 200, ""min_order_contracts"": 5, ""repair_start_seconds"": 360, ""seed_hedge_spend"": 30, ""seed_primary_spend"": 90}",runs/seed_cheap_accumulate_repair_v1/polymarket-20260518-seed-repair-v1-90-30-postfix
simple_inventory_mm,matrix-mm-net20-repair300-cheap25-1778993839,kalshi,kalshi-btc-1s,feed/kalshi-btc-1s.sqlite3,4554,6106.522873,-199.71628,0,0,118.167655,50.277728,0.929233,-0.321153,331.296389,mixed,next-tick,true,"{""cheap_limit_price"": 0.25, ""max_net_contracts"": 20, ""repair_window_seconds"": 300}",runs/simple_inventory_mm/matrix-mm-net20-repair300-cheap25-1778993839
simple_inventory_mm,matrix-mm-net40-repair90-cheap30-1778993928,kalshi,kalshi-btc-1s,feed/kalshi-btc-1s.sqlite3,4784,6933.916386,-208.273769,0,0,154.608111,50.142018,0.932723,-0.315655,299.346037,mixed,next-tick,true,"{""cheap_limit_price"": 0.3, ""max_net_contracts"": 40, ""repair_window_seconds"": 90}",runs/simple_inventory_mm/matrix-mm-net40-repair90-cheap30-1778993928
complement_ladder_v0,complement-ladder-v0-20260518T045426Z,kalshi,kalshi-btc-1s,feed/kalshi-btc-1s.sqlite3,33437,7700.922175,-215.98304,0,0,362.626424,53.457904,0.879847,-0.32427,343.547522,mixed,next-tick,true,"{""cheap_add_contracts"": 5, ""cheap_threshold"": 0.25, ""direct_pair_contracts"": 10, ""max_unpaired_contracts"": 50, ""target_pair_cost"": 0.95}",runs/complement_ladder_v0/complement-ladder-v0-20260518T045426Z
seed_cheap_accumulate_repair_v1,polymarket-same-poly-window-0830-seed-v1-90-30,polymarket,polymarket-btc-1s,feed/polymarket-btc-1s.sqlite3,114,4123.269162,-217.392255,328.316293,-545.708548,354.893089,255.065417,0.899954,-0.57677,460.930822,replay_final_snapshot,next-tick,false,"{""max_net_ratio"": 0.35, ""max_total_cost"": 200, ""min_order_contracts"": 5, ""repair_start_seconds"": 360, ""seed_hedge_spend"": 30, ""seed_primary_spend"": 90}",runs/seed_cheap_accumulate_repair_v1/polymarket-same-poly-window-0830-seed-v1-90-30
seed_cheap_accumulate_repair_v1,kalshi-same-poly-window-0830-seed-v1-90-30,kalshi,kalshi-btc-1s,feed/kalshi-btc-1s.sqlite3,178,4191.932984,-217.470684,199.209194,-416.679878,261.184294,235.905452,0.8938,-0.510464,382.517247,replay_final_snapshot,next-tick,false,"{""max_net_ratio"": 0.35, ""max_total_cost"": 200, ""min_order_contracts"": 5, ""repair_start_seconds"": 360, ""seed_hedge_spend"": 30, ""seed_primary_spend"": 90}",runs/seed_cheap_accumulate_repair_v1/kalshi-same-poly-window-0830-seed-v1-90-30
simple_inventory_mm,matrix-mm-net40-repair90-cheap25-1778993910,kalshi,kalshi-btc-1s,feed/kalshi-btc-1s.sqlite3,4749,6685.437937,-219.946696,0,0,150.908378,50.083036,0.926439,-0.341122,314.104389,mixed,next-tick,true,"{""cheap_limit_price"": 0.25, ""max_net_contracts"": 40, ""repair_window_seconds"": 90}",runs/simple_inventory_mm/matrix-mm-net40-repair90-cheap25-1778993910
breakout_momentum,all-strategies-20260517T033359Z-breakout_momentum,kalshi,kalshi-btc-1s,feed/kalshi-btc-1s.sqlite3,3871,96775.0,-228.756674,0,0,0,0,0.987992,-0.067424,5494.312593,replay_final_snapshot,,false,{},runs/breakout_momentum/all-strategies-20260517T033359Z-breakout_momentum
simple_inventory_mm,matrix-mm-net20-repair180-cheap25-1778993770,kalshi,kalshi-btc-1s,feed/kalshi-btc-1s.sqlite3,4446,6174.482613,-231.36344,0,0,129.783185,50.277728,0.919315,-0.375882,358.197779,mixed,next-tick,true,"{""cheap_limit_price"": 0.25, ""max_net_contracts"": 20, ""repair_window_seconds"": 180}",runs/simple_inventory_mm/matrix-mm-net20-repair180-cheap25-1778993770
simple_inventory_mm,matrix-mm-net40-repair180-cheap30-1778993998,kalshi,kalshi-btc-1s,feed/kalshi-btc-1s.sqlite3,4685,7058.831369,-235.880801,0,0,78.767957,50.142018,0.9249,-0.356239,288.084801,mixed,next-tick,true,"{""cheap_limit_price"": 0.3, ""max_net_contracts"": 40, ""repair_window_seconds"": 180}",runs/simple_inventory_mm/matrix-mm-net40-repair180-cheap30-1778993998
simple_inventory_mm,matrix-mm-net40-repair180-cheap25-1778993981,kalshi,kalshi-btc-1s,feed/kalshi-btc-1s.sqlite3,4621,6818.948637,-249.176121,0,0,68.097263,50.083036,0.9179,-0.387135,305.793473,mixed,next-tick,true,"{""cheap_limit_price"": 0.25, ""max_net_contracts"": 40, ""repair_window_seconds"": 180}",runs/simple_inventory_mm/matrix-mm-net40-repair180-cheap25-1778993981
simple_inventory_mm,matrix-mm-net20-repair90-cheap30-1778993718,kalshi,kalshi-btc-1s,feed/kalshi-btc-1s.sqlite3,4584,6375.941578,-257.102655,0,0,143.560643,50.083036,0.913333,-0.402459,346.111304,mixed,next-tick,true,"{""cheap_limit_price"": 0.3, ""max_net_contracts"": 20, ""repair_window_seconds"": 90}",runs/simple_inventory_mm/matrix-mm-net20-repair90-cheap30-1778993718
simple_inventory_mm,matrix-mm-net40-repair90-cheap35-1778993945,kalshi,kalshi-btc-1s,feed/kalshi-btc-1s.sqlite3,4566,7017.703303,-259.74425,0,0,194.750524,50.022247,0.91922,-0.396751,307.978626,mixed,next-tick,true,"{""cheap_limit_price"": 0.35, ""max_net_contracts"": 40, ""repair_window_seconds"": 90}",runs/simple_inventory_mm/matrix-mm-net40-repair90-cheap35-1778993945
breakout_momentum,venue-strategy-matrix-20260520T003002Z-polymarket-breakout_momentum,polymarket,polymarket-btc-1s,/home/matt/workspace/kalshi-btc-15m-bot/feed/polymarket-btc-1s.sqlite3,2612,65300.0,-261.532601,-6027.957454,5766.424854,-7022.716186,4811.698409,0.981806,-0.110777,3220.432625,replay_final_snapshot,next-tick,true,{},/home/matt/workspace/kalshi-btc-15m-bot/runs/breakout_momentum/venue-strategy-matrix-20260520T003002Z-polymarket-breakout_momentum
strategy_probability_mm_v0,kalshi-prob-mm-opt-20260520T012050Z-train-002,kalshi,kalshi-btc-1s,/home/matt/workspace/kalshi-btc-15m-bot/feed/kalshi-btc-1s.sqlite3,1309,12556.80177,-277.169697,144.170869,-421.340566,168.558648,180.702032,0.950366,-0.337888,366.683,kalshi_api,next-tick,true,"{""base_notional"": 10.0, ""edge_threshold"": 0.02, ""force_flatten_seconds"": 60.0, ""max_atr_slope"": 1.5, ""max_net_ratio"": 0.25, ""max_wickiness"": 0.75, ""min_seconds_to_close"": 30.0, ""min_volatility"": 1.0}",/home/matt/workspace/kalshi-btc-15m-bot/runs/strategy_probability_mm_v0/kalshi-prob-mm-opt-20260520T012050Z-train-002
strategy_probability_mm_v0,kalshi-prob-mm-opt-20260520T012701Z-train-002,kalshi,kalshi-btc-1s,/home/matt/workspace/kalshi-btc-15m-bot/feed/kalshi-btc-1s.sqlite3,1309,12556.80177,-277.169697,144.170869,-421.340566,168.558648,180.702032,0.950366,-0.337888,366.683,kalshi_api,next-tick,true,"{""base_notional"": 10.0, ""edge_threshold"": 0.02, ""force_flatten_seconds"": 60.0, ""max_atr_slope"": 1.5, ""max_net_ratio"": 0.25, ""max_wickiness"": 0.75, ""min_seconds_to_close"": 30.0, ""min_volatility"": 1.0}",/home/matt/workspace/kalshi-btc-15m-bot/runs/strategy_probability_mm_v0/kalshi-prob-mm-opt-20260520T012701Z-train-002
strategy_probability_mm_v0,kalshi-prob-mm-opt-20260520T013309Z-train-002,kalshi,kalshi-btc-1s,/home/matt/workspace/kalshi-btc-15m-bot/feed/kalshi-btc-1s.sqlite3,1306,12532.450433,-278.459386,142.88118,-421.340566,167.268959,180.702032,0.950046,-0.340149,366.683,kalshi_api,next-tick,true,"{""base_notional"": 10.0, ""edge_threshold"": 0.02, ""force_flatten_seconds"": 60.0, ""max_atr_slope"": 1.5, ""max_net_ratio"": 0.25, ""max_wickiness"": 0.75, ""min_seconds_to_close"": 30.0, ""min_volatility"": 1.0}",/home/matt/workspace/kalshi-btc-15m-bot/runs/strategy_probability_mm_v0/kalshi-prob-mm-opt-20260520T013309Z-train-002
strategy_probability_mm_v0,kalshi-prob-mm-opt-20260520T014359Z-train-002,kalshi,kalshi-btc-1s,/home/matt/workspace/kalshi-btc-15m-bot/feed/kalshi-btc-1s.sqlite3,1306,12532.450433,-278.459386,142.88118,-421.340566,167.268959,180.702032,0.950046,-0.340149,366.683,kalshi_api,next-tick,true,"{""base_notional"": 10.0, ""edge_threshold"": 0.02, ""force_flatten_seconds"": 60.0, ""max_atr_slope"": 1.5, ""max_net_ratio"": 0.25, ""max_wickiness"": 0.75, ""min_seconds_to_close"": 30.0, ""min_volatility"": 1.0}",/home/matt/workspace/kalshi-btc-15m-bot/runs/strategy_probability_mm_v0/kalshi-prob-mm-opt-20260520T014359Z-train-002
strategy_probability_mm_v0,kalshi-prob-mm-opt-20260520T020138Z-train-002,kalshi,kalshi-btc-1s,/home/matt/workspace/kalshi-btc-15m-bot/feed/kalshi-btc-1s.sqlite3,1306,12532.450433,-278.459386,142.88118,-421.340566,167.268959,180.702032,0.950046,-0.340149,366.683,kalshi_api,next-tick,true,"{""base_notional"": 10.0, ""edge_threshold"": 0.02, ""force_flatten_seconds"": 60.0, ""max_atr_slope"": 1.5, ""max_net_ratio"": 0.25, ""max_wickiness"": 0.75, ""min_seconds_to_close"": 30.0, ""min_volatility"": 1.0}",/home/matt/workspace/kalshi-btc-15m-bot/runs/strategy_probability_mm_v0/kalshi-prob-mm-opt-20260520T020138Z-train-002
strategy_probability_mm_v0,kalshi-prob-mm-opt-20260520T020950Z-train-002,kalshi,kalshi-btc-1s,/home/matt/workspace/kalshi-btc-15m-bot/feed/kalshi-btc-1s.sqlite3,1306,12532.450433,-278.459386,142.88118,-421.340566,167.268959,180.702032,0.950046,-0.340149,366.683,kalshi_api,next-tick,true,"{""base_notional"": 10.0, ""edge_threshold"": 0.02, ""force_flatten_seconds"": 60.0, ""max_atr_slope"": 1.5, ""max_net_ratio"": 0.25, ""max_wickiness"": 0.75, ""min_seconds_to_close"": 30.0, ""min_volatility"": 1.0}",/home/matt/workspace/kalshi-btc-15m-bot/runs/strategy_probability_mm_v0/kalshi-prob-mm-opt-20260520T020950Z-train-002
strategy_probability_mm_v0,kalshi-prob-mm-opt-20260520T021230Z-train-002,kalshi,kalshi-btc-1s,/home/matt/workspace/kalshi-btc-15m-bot/feed/kalshi-btc-1s.sqlite3,1306,12532.450433,-278.459386,142.88118,-421.340566,167.268959,180.702032,0.950046,-0.340149,366.683,kalshi_api,next-tick,true,"{""base_notional"": 10.0, ""edge_threshold"": 0.02, ""force_flatten_seconds"": 60.0, ""max_atr_slope"": 1.5, ""max_net_ratio"": 0.25, ""max_wickiness"": 0.75, ""min_seconds_to_close"": 30.0, ""min_volatility"": 1.0}",/home/matt/workspace/kalshi-btc-15m-bot/runs/strategy_probability_mm_v0/kalshi-prob-mm-opt-20260520T021230Z-train-002
strategy_probability_mm_v0,kalshi-prob-mm-opt-20260520T025824Z-train-002,kalshi,kalshi-btc-1s,/home/matt/workspace/kalshi-btc-15m-bot/feed/kalshi-btc-1s.sqlite3,1306,12532.450433,-278.459386,142.88118,-421.340566,167.268959,180.702032,0.950046,-0.340149,366.683,kalshi_api,next-tick,true,"{""base_notional"": 10.0, ""edge_threshold"": 0.02, ""force_flatten_seconds"": 60.0, ""max_atr_slope"": 1.5, ""max_net_ratio"": 0.25, ""max_wickiness"": 0.75, ""min_seconds_to_close"": 30.0, ""min_volatility"": 1.0}",/home/matt/workspace/kalshi-btc-15m-bot/runs/strategy_probability_mm_v0/kalshi-prob-mm-opt-20260520T025824Z-train-002
strategy_probability_mm_v0,kalshi-prob-mm-opt-20260520T013309Z-train-008,kalshi,kalshi-btc-1s,/home/matt/workspace/kalshi-btc-15m-bot/feed/kalshi-btc-1s.sqlite3,1097,25372.021905,-293.745489,512.179253,-805.924742,516.019397,128.339012,0.973962,-0.170425,628.259231,kalshi_api,next-tick,true,"{""base_notional"": 25.0, ""edge_threshold"": 0.03, ""force_flatten_seconds"": 60.0, ""max_atr_slope"": 1.5, ""max_net_ratio"": 0.25, ""max_wickiness"": 0.75, ""min_seconds_to_close"": 30.0, ""min_volatility"": 1.0}",/home/matt/workspace/kalshi-btc-15m-bot/runs/strategy_probability_mm_v0/kalshi-prob-mm-opt-20260520T013309Z-train-008
simple_inventory_mm,matrix-mm-net40-repair90-cheap40-1778993963,kalshi,kalshi-btc-1s,feed/kalshi-btc-1s.sqlite3,5063,7113.024392,-302.423006,0,0,194.610068,50.176072,0.90831,-0.417543,347.744933,mixed,next-tick,true,"{""cheap_limit_price"": 0.4, ""max_net_contracts"": 40, ""repair_window_seconds"": 90}",runs/simple_inventory_mm/matrix-mm-net40-repair90-cheap40-1778993963
simple_inventory_mm,matrix-mm-net20-repair90-cheap25-1778993701,kalshi,kalshi-btc-1s,feed/kalshi-btc-1s.sqlite3,4543,6204.534923,-303.991447,0,0,151.262731,50.083036,0.896269,-0.482971,386.761702,mixed,next-tick,true,"{""cheap_limit_price"": 0.25, ""max_net_contracts"": 20, ""repair_window_seconds"": 90}",runs/simple_inventory_mm/matrix-mm-net20-repair90-cheap25-1778993701
spread_aware_momentum,improved-20260516T055637Z,kalshi,kalshi-btc-1s,feed/kalshi-btc-1s.sqlite3,15,375.0,-329.545455,0,0,0,0,0.058442,-29.716157,350.0,replay_final_snapshot,,false,{},runs/spread_aware_momentum/improved-20260516T055637Z
cheap_accumulate_repair_v0,A_no_seed_240-20260518T055725Z,kalshi,kalshi-btc-1s,feed/kalshi-btc-1s.sqlite3,3681,6307.804239,-445.229613,786.773265,-1232.002878,804.681524,2186.369206,0.91029,-0.342325,1385.339379,mixed,next-tick,true,"{""cheap_price"": 0.15, ""max_total_cost"": 50, ""min_seconds_between_orders"": 5, ""normal_spend"": 1, ""repair_start_seconds"": 240, ""very_cheap_price"": 0.08, ""very_cheap_spend"": 2}",runs/cheap_accumulate_repair_v0/A_no_seed_240-20260518T055725Z
cheap_accumulate_repair_v0,cheap-accumulate-repair-v0-tight-20260518T053741Z,kalshi,kalshi-btc-1s,feed/kalshi-btc-1s.sqlite3,3679,6301.089953,-445.229613,786.773265,-1232.002878,804.681524,2186.369206,0.91029,-0.342325,1385.339379,kalshi_api,next-tick,true,"{""cheap_price"": 0.15, ""direct_pair_spend"": 20, ""max_total_cost"": 50, ""min_seconds_between_orders"": 5, ""normal_spend"": 1, ""repair_start_seconds"": 240, ""very_cheap_price"": 0.08, ""very_cheap_spend"": 2}",runs/cheap_accumulate_repair_v0/cheap-accumulate-repair-v0-tight-20260518T053741Z
complement_ladder_v0,complement-ladder-aggressive-backfill-20260518T051006Z,kalshi,kalshi-btc-1s,feed/kalshi-btc-1s.sqlite3,33674,7754.533964,-502.751841,632.744037,-1135.495878,801.334969,54.521618,0.869103,-0.334951,618.678159,mixed,next-tick,true,"{""cheap_add_contracts"": 5, ""cheap_threshold"": 0.25, ""completion_only_seconds"": 60, ""direct_pair_contracts"": 10, ""extreme_cheap_contracts"": 10, ""extreme_cheap_threshold"": 0.1, ""max_unpaired_contracts"": 50, ""min_seconds_to_open_unpaired"": 60, ""target_pair_cost"": 0.95}",runs/complement_ladder_v0/complement-ladder-aggressive-backfill-20260518T051006Z
strategy_probability_mm_v0,kalshi-prob-mm-opt-20260520T061323Z-train-010,kalshi,kalshi-btc-1s,/home/matt/workspace/kalshi-btc-15m-bot/feed/kalshi-btc-1s.sqlite3,1833,17858.932267,-634.459992,658.813668,-1293.27366,721.905547,381.070196,0.905465,-0.530211,881.386803,kalshi_api,next-tick,true,"{""base_notional"": 10.0, ""edge_threshold"": 0.03, ""force_flatten_seconds"": 60.0, ""max_atr_slope"": 1.5, ""max_net_ratio"": 0.5, ""max_wickiness"": 0.75, ""min_seconds_to_close"": 30.0, ""min_volatility"": 1.0, ""probability_model"": ""bayesian_markov""}",/home/matt/workspace/kalshi-btc-15m-bot/runs/strategy_probability_mm_v0/kalshi-prob-mm-opt-20260520T061323Z-train-010
seed_cheap_accumulate_repair_v1,polymarket-20260518-seed-repair-v1-90-30-r360-net035,polymarket,polymarket-btc-1s,feed/polymarket-btc-1s.sqlite3,284,10714.420312,-642.043809,481.178748,-1123.222557,567.037696,300.259448,0.882953,-0.702771,789.42696,replay_final_snapshot,next-tick,false,"{""max_net_ratio"": 0.35, ""max_total_cost"": 200, ""min_order_contracts"": 5, ""one_fill_per_price_level"": true, ""repair_start_seconds"": 360, ""seed_hedge_spend"": 30, ""seed_primary_spend"": 90}",runs/seed_cheap_accumulate_repair_v1/polymarket-20260518-seed-repair-v1-90-30-r360-net035
cheap_accumulate_repair_v0,venue-strategy-matrix-20260520T003002Z-polymarket-cheap_accumulate_repair_v0,polymarket,polymarket-btc-1s,/home/matt/workspace/kalshi-btc-15m-bot/feed/polymarket-btc-1s.sqlite3,729,7400.0,-685.856587,19.960711,-705.817298,21.540742,1586.288711,0.883753,-0.795426,3131.820879,replay_final_snapshot,next-tick,true,{},/home/matt/workspace/kalshi-btc-15m-bot/runs/cheap_accumulate_repair_v0/venue-strategy-matrix-20260520T003002Z-polymarket-cheap_accumulate_repair_v0
spread_aware_momentum,all-strategies-20260517T033359Z-spread_aware_momentum,kalshi,kalshi-btc-1s,feed/kalshi-btc-1s.sqlite3,902,22550.0,-710.469316,0,0,0,0,0.940547,-0.429188,5536.964772,replay_final_snapshot,,false,{},runs/spread_aware_momentum/all-strategies-20260517T033359Z-spread_aware_momentum
volatility_inventory,all-strategies-smallcap-volatility_inventory-1778995976,kalshi,kalshi-btc-1s,feed/kalshi-btc-1s.sqlite3,890,4397.5,-854.463509,0,0,82.569135,19333.333333,0.764194,-0.885915,2699.132578,mixed,next-tick,true,{},runs/volatility_inventory/all-strategies-smallcap-volatility_inventory-1778995976
strategy_probability_mm_v0,kalshi-prob-mm-opt-20260520T021230Z-train-023,kalshi,kalshi-btc-1s,/home/matt/workspace/kalshi-btc-15m-bot/feed/kalshi-btc-1s.sqlite3,5691,56910.0,-886.027495,12663.115224,-13549.142719,16211.158053,5952.820686,0.975943,-0.167531,6909.595435,kalshi_api,next-tick,true,"{""base_notional"": 10.0, ""edge_threshold"": 0.05, ""force_flatten_seconds"": 30.0, ""max_atr_slope"": 0.75, ""max_net_ratio"": 0.5, ""max_wickiness"": 0.9, ""min_seconds_to_close"": 60.0, ""min_volatility"": 1.0}",/home/matt/workspace/kalshi-btc-15m-bot/runs/strategy_probability_mm_v0/kalshi-prob-mm-opt-20260520T021230Z-train-023
strategy_probability_mm_v0,kalshi-prob-mm-opt-20260520T061323Z-train-023,kalshi,kalshi-btc-1s,/home/matt/workspace/kalshi-btc-15m-bot/feed/kalshi-btc-1s.sqlite3,5691,56910.0,-886.027495,12663.115224,-13549.142719,16211.158053,5952.820686,0.975943,-0.167531,6909.595435,kalshi_api,next-tick,true,"{""base_notional"": 10.0, ""edge_threshold"": 0.05, ""force_flatten_seconds"": 30.0, ""max_atr_slope"": 0.75, ""max_net_ratio"": 0.5, ""max_wickiness"": 0.9, ""min_seconds_to_close"": 60.0, ""min_volatility"": 1.0, ""probability_model"": ""brownian""}",/home/matt/workspace/kalshi-btc-15m-bot/runs/strategy_probability_mm_v0/kalshi-prob-mm-opt-20260520T061323Z-train-023
strategy_probability_mm_v0,kalshi-prob-mm-opt-20260520T021230Z-validation-023,kalshi,kalshi-btc-1s,/home/matt/workspace/kalshi-btc-15m-bot/feed/kalshi-btc-1s.sqlite3,1890,18900.0,-1462.337664,3320.104868,-4782.442532,3992.768677,2985.236831,0.859391,-1.088841,3243.175444,mixed,next-tick,true,"{""base_notional"": 10.0, ""edge_threshold"": 0.05, ""force_flatten_seconds"": 30.0, ""max_atr_slope"": 0.75, ""max_net_ratio"": 0.5, ""max_wickiness"": 0.9, ""min_seconds_to_close"": 60.0, ""min_volatility"": 1.0}",/home/matt/workspace/kalshi-btc-15m-bot/runs/strategy_probability_mm_v0/kalshi-prob-mm-opt-20260520T021230Z-validation-023
strategy_probability_mm_v0,kalshi-prob-mm-opt-20260520T061323Z-validation-023,kalshi,kalshi-btc-1s,/home/matt/workspace/kalshi-btc-15m-bot/feed/kalshi-btc-1s.sqlite3,1890,18900.0,-1462.337664,3320.104868,-4782.442532,3992.768677,2985.236831,0.859391,-1.088841,3243.175444,mixed,next-tick,true,"{""base_notional"": 10.0, ""edge_threshold"": 0.05, ""force_flatten_seconds"": 30.0, ""max_atr_slope"": 0.75, ""max_net_ratio"": 0.5, ""max_wickiness"": 0.9, ""min_seconds_to_close"": 60.0, ""min_volatility"": 1.0, ""probability_model"": ""brownian""}",/home/matt/workspace/kalshi-btc-15m-bot/runs/strategy_probability_mm_v0/kalshi-prob-mm-opt-20260520T061323Z-validation-023
contrarian_spread_reversion,contrarian-smoke-20260516T065647Z,kalshi,kalshi-btc-1s,feed/kalshi-btc-1s.sqlite3,522,13050.0,-1710.008361,0,0,0,0,0.840929,-1.048991,5739.54623,replay_final_snapshot,,false,{},runs/contrarian_spread_reversion/contrarian-smoke-20260516T065647Z
bayesian_markov_directional,bayes-markov-directional-full-20260520T0800Z,kalshi,kalshi-btc-1s,feed/kalshi-btc-1s.sqlite3,535,5350.0,-2479.078609,0,-2479.078609,0,123.45679,1.046426,0.30101,254.820894,mixed,next-tick,true,{},runs/bayesian_markov_directional/bayes-markov-directional-full-20260520T0800Z
pair_arb,venue-strategy-matrix-20260520T003002Z-polymarket-pair_arb,polymarket,polymarket-btc-1s,/home/matt/workspace/kalshi-btc-15m-bot/feed/polymarket-btc-1s.sqlite3,5238,130950.0,-2848.394297,-11354.803228,8506.408931,-13893.873849,6492.71599,0.903444,-0.610796,7214.341659,replay_final_snapshot,next-tick,true,{},/home/matt/workspace/kalshi-btc-15m-bot/runs/pair_arb/venue-strategy-matrix-20260520T003002Z-polymarket-pair_arb
late_window_only,audit-late_window_only-same-tick-1778989978,kalshi,kalshi-btc-1s,feed/kalshi-btc-1s.sqlite3,239,5975.0,-3250.602116,0,0,0,0,0.226047,-10.47375,3253.379894,kalshi_api,same-tick,true,{},runs/late_window_only/audit-late_window_only-same-tick-1778989978
late_window_only,audit-late_window_only-next-tick-1778989994,kalshi,kalshi-btc-1s,feed/kalshi-btc-1s.sqlite3,237,5925.0,-3254.24866,0,0,0,0,0.215844,-10.862059,3256.964846,kalshi_api,next-tick,true,{},runs/late_window_only/audit-late_window_only-next-tick-1778989994
late_window_only,audit2-late_window_only-next-tick-1778990051,kalshi,kalshi-btc-1s,feed/kalshi-btc-1s.sqlite3,237,5925.0,-3254.24866,0,0,0,0,0.215844,-10.862059,3256.964846,kalshi_api,next-tick,true,{},runs/late_window_only/audit2-late_window_only-next-tick-1778990051
late_window_only,all-strategies-nexttick-late_window_only-1778995478,kalshi,kalshi-btc-1s,feed/kalshi-btc-1s.sqlite3,239,5975.0,-3254.24866,0,0,0,181222.307799,0.215844,-10.862059,3256.964846,mixed,next-tick,true,{},runs/late_window_only/all-strategies-nexttick-late_window_only-1778995478
breakout_momentum,venue-strategy-matrix-20260520T005455Z-kalshi-breakout_momentum,kalshi,kalshi-btc-1s,/home/matt/workspace/kalshi-btc-15m-bot/feed/kalshi-btc-1s.sqlite3,24369,609225.0,-3303.852982,-33748.045202,30444.19222,-40341.005657,65650.265903,0.974952,-0.14247,18240.861986,mixed,next-tick,true,{},/home/matt/workspace/kalshi-btc-15m-bot/runs/breakout_momentum/venue-strategy-matrix-20260520T005455Z-kalshi-breakout_momentum
strategy_probability_mm_v0,kalshi-prob-mm-opt-20260520T021230Z-test-001,kalshi,kalshi-btc-1s,/home/matt/workspace/kalshi-btc-15m-bot/feed/kalshi-btc-1s.sqlite3,3301,33010.0,-4184.049032,4395.876979,-8579.926011,6003.701448,6196.758411,0.746421,-2.241254,5403.63488,mixed,next-tick,true,"{""base_notional"": 10.0, ""edge_threshold"": 0.02, ""force_flatten_seconds"": 30.0, ""max_atr_slope"": 0.75, ""max_net_ratio"": 0.5, ""max_wickiness"": 0.9, ""min_seconds_to_close"": 60.0, ""min_volatility"": 1.0}",/home/matt/workspace/kalshi-btc-15m-bot/runs/strategy_probability_mm_v0/kalshi-prob-mm-opt-20260520T021230Z-test-001
simple_directional,venue-strategy-matrix-20260520T005455Z-kalshi-simple_directional,kalshi,kalshi-btc-1s,/home/matt/workspace/kalshi-btc-15m-bot/feed/kalshi-btc-1s.sqlite3,74600,1865000.0,-4774.222201,-73178.729209,68404.507008,-84913.52568,86777.609284,0.991948,-0.056507,69766.29598,mixed,next-tick,true,{},/home/matt/workspace/kalshi-btc-15m-bot/runs/simple_directional/venue-strategy-matrix-20260520T005455Z-kalshi-simple_directional
strategy_probability_mm_v0,kalshi-prob-mm-opt-20260520T014359Z-train-009,kalshi,kalshi-btc-1s,/home/matt/workspace/kalshi-btc-15m-bot/feed/kalshi-btc-1s.sqlite3,11972,119301.729858,-5804.601018,16461.02085,-22265.621867,23492.66338,6743.581354,0.907275,-0.624055,9616.011393,kalshi_api,next-tick,true,"{""base_notional"": 10.0, ""edge_threshold"": 0.03, ""force_flatten_seconds"": 60.0, ""max_atr_slope"": 1.5, ""max_net_ratio"": 0.5, ""max_wickiness"": 0.75, ""min_seconds_to_close"": 30.0, ""min_volatility"": 1.0}",/home/matt/workspace/kalshi-btc-15m-bot/runs/strategy_probability_mm_v0/kalshi-prob-mm-opt-20260520T014359Z-train-009
strategy_probability_mm_v0,kalshi-prob-mm-opt-20260520T021230Z-train-009,kalshi,kalshi-btc-1s,/home/matt/workspace/kalshi-btc-15m-bot/feed/kalshi-btc-1s.sqlite3,11972,119301.729858,-5804.601018,16461.02085,-22265.621867,23492.66338,6743.581354,0.907275,-0.624055,9616.011393,kalshi_api,next-tick,true,"{""base_notional"": 10.0, ""edge_threshold"": 0.03, ""force_flatten_seconds"": 60.0, ""max_atr_slope"": 1.5, ""max_net_ratio"": 0.5, ""max_wickiness"": 0.75, ""min_seconds_to_close"": 30.0, ""min_volatility"": 1.0}",/home/matt/workspace/kalshi-btc-15m-bot/runs/strategy_probability_mm_v0/kalshi-prob-mm-opt-20260520T021230Z-train-009
cheap_accumulate_repair_v0,cheap-accumulate-repair-v0-20260518T053651Z,kalshi,kalshi-btc-1s,feed/kalshi-btc-1s.sqlite3,3904,39510.0,-6373.890526,1556.505096,-7930.395623,1567.952179,2975.26417,0.803518,-1.305976,10074.873025,mixed,next-tick,true,{},runs/cheap_accumulate_repair_v0/cheap-accumulate-repair-v0-20260518T053651Z
strategy_probability_mm_v0,kalshi-prob-mm-opt-20260520T021230Z-train-020,kalshi,kalshi-btc-1s,/home/matt/workspace/kalshi-btc-15m-bot/feed/kalshi-btc-1s.sqlite3,12871,128710.0,-8905.81571,25009.906366,-33915.722076,35797.60791,10496.429101,0.891485,-0.822875,12113.889452,kalshi_api,next-tick,true,"{""base_notional"": 10.0, ""edge_threshold"": 0.02, ""force_flatten_seconds"": 30.0, ""max_atr_slope"": 0.75, ""max_net_ratio"": 0.5, ""max_wickiness"": 0.9, ""min_seconds_to_close"": 60.0, ""min_volatility"": 1.0}",/home/matt/workspace/kalshi-btc-15m-bot/runs/strategy_probability_mm_v0/kalshi-prob-mm-opt-20260520T021230Z-train-020
simple_directional,venue-strategy-matrix-20260520T003002Z-polymarket-simple_directional,polymarket,polymarket-btc-1s,/home/matt/workspace/kalshi-btc-15m-bot/feed/polymarket-btc-1s.sqlite3,7600,190000.0,-10642.067004,-11527.763323,885.696319,-14291.259454,7558.928724,0.850847,-1.168614,16397.978561,replay_final_snapshot,next-tick,true,{},/home/matt/workspace/kalshi-btc-15m-bot/runs/simple_directional/venue-strategy-matrix-20260520T003002Z-polymarket-simple_directional
spread_aware_momentum,venue-strategy-matrix-20260520T005455Z-kalshi-spread_aware_momentum,kalshi,kalshi-btc-1s,/home/matt/workspace/kalshi-btc-15m-bot/feed/kalshi-btc-1s.sqlite3,7367,184175.0,-12210.549947,-2325.795354,-9884.754593,-463.658172,101934.213063,0.866879,-1.044757,16967.384726,mixed,next-tick,true,{},/home/matt/workspace/kalshi-btc-15m-bot/runs/spread_aware_momentum/venue-strategy-matrix-20260520T005455Z-kalshi-spread_aware_momentum
pair_arb,venue-strategy-matrix-20260520T005455Z-kalshi-pair_arb,kalshi,kalshi-btc-1s,/home/matt/workspace/kalshi-btc-15m-bot/feed/kalshi-btc-1s.sqlite3,49922,1248050.0,-15808.944656,-70688.003417,54879.058761,-82799.353258,174708.741916,0.940372,-0.353013,43473.086716,mixed,next-tick,true,{},/home/matt/workspace/kalshi-btc-15m-bot/runs/pair_arb/venue-strategy-matrix-20260520T005455Z-kalshi-pair_arb
simple_inventory_mm,audit-simple_inventory_mm-next-tick-1778991236,kalshi,kalshi-btc-1s,feed/kalshi-btc-1s.sqlite3,68579,163338.3,-15888.052552,0,0,0,0,0.847548,-1.018026,30924.823035,mixed,next-tick,true,{},runs/simple_inventory_mm/audit-simple_inventory_mm-next-tick-1778991236
simple_inventory_mm,audit-simple_inventory_mm-next-tick-cooldown-1778991325,kalshi,kalshi-btc-1s,feed/kalshi-btc-1s.sqlite3,68596,163341.55,-15888.052552,0,0,0,0,0.847548,-1.018026,30924.823035,mixed,next-tick,true,{},runs/simple_inventory_mm/audit-simple_inventory_mm-next-tick-cooldown-1778991325
contrarian_spread_reversion,venue-strategy-matrix-20260520T003002Z-polymarket-contrarian_spread_reversion,polymarket,polymarket-btc-1s,/home/matt/workspace/kalshi-btc-15m-bot/feed/polymarket-btc-1s.sqlite3,4497,112425.0,-17632.476084,39920.220542,-57552.696627,41207.993278,409170.295538,0.826195,-0.636752,68999.20892,replay_final_snapshot,next-tick,true,{},/home/matt/workspace/kalshi-btc-15m-bot/runs/contrarian_spread_reversion/venue-strategy-matrix-20260520T003002Z-polymarket-contrarian_spread_reversion
late_window_only,venue-strategy-matrix-20260520T005455Z-kalshi-late_window_only,kalshi,kalshi-btc-1s,/home/matt/workspace/kalshi-btc-15m-bot/feed/kalshi-btc-1s.sqlite3,1111,27775.0,-18190.523866,74.122075,-18264.645941,108.424869,312500.0,0.123348,-16.202652,18473.929324,mixed,next-tick,true,{},/home/matt/workspace/kalshi-btc-15m-bot/runs/late_window_only/venue-strategy-matrix-20260520T005455Z-kalshi-late_window_only
volatility_inventory,improved-imbalance-guard-20260517T023331Z,kalshi,kalshi-btc-1s,feed/kalshi-btc-1s.sqlite3,13711,359655.859375,-49167.778489,0,0,0,0,0.858455,-0.322066,293873.127679,replay_final_snapshot,,false,{},runs/volatility_inventory/improved-imbalance-guard-20260517T023331Z
volatility_inventory,improved-market-reset-20260517T023156Z,kalshi,kalshi-btc-1s,feed/kalshi-btc-1s.sqlite3,13711,359655.859375,-49167.778489,0,0,0,0,0.858455,-0.322066,293873.127679,replay_final_snapshot,,false,{},runs/volatility_inventory/improved-market-reset-20260517T023156Z
volatility_inventory,baseline-20260517T023024Z,kalshi,kalshi-btc-1s,feed/kalshi-btc-1s.sqlite3,13687,358480.859375,-49623.383064,0,0,0,0,0.857051,-0.325354,294276.691437,replay_final_snapshot,,false,{},runs/volatility_inventory/baseline-20260517T023024Z
volatility_inventory,all-strategies-20260517T033359Z-volatility_inventory,kalshi,kalshi-btc-1s,feed/kalshi-btc-1s.sqlite3,14121,363773.046875,-53284.965989,0,0,0,0,0.848399,-0.343922,293873.127679,replay_final_snapshot,,false,{},runs/volatility_inventory/all-strategies-20260517T033359Z-volatility_inventory
volatility_inventory,venue-strategy-matrix-20260520T005455Z-kalshi-volatility_inventory,kalshi,kalshi-btc-1s,/home/matt/workspace/kalshi-btc-15m-bot/feed/kalshi-btc-1s.sqlite3,4732,113953.90625,-61629.393662,520.675809,-62150.069471,844.945446,1023865.200982,0.441397,-2.785927,91297.494479,kalshi_api,next-tick,true,{},/home/matt/workspace/kalshi-btc-15m-bot/runs/volatility_inventory/venue-strategy-matrix-20260520T005455Z-kalshi-volatility_inventory
volatility_inventory,venue-strategy-matrix-20260520T003002Z-polymarket-volatility_inventory,polymarket,polymarket-btc-1s,/home/matt/workspace/kalshi-btc-15m-bot/feed/polymarket-btc-1s.sqlite3,4533,105082.03125,-78538.132885,3541.538272,-82079.671157,4333.882206,1449526.515152,0.22554,-6.659541,78538.132885,replay_final_snapshot,next-tick,true,{},/home/matt/workspace/kalshi-btc-15m-bot/runs/volatility_inventory/venue-strategy-matrix-20260520T003002Z-polymarket-volatility_inventory
contrarian_spread_reversion,venue-strategy-matrix-20260520T005455Z-kalshi-contrarian_spread_reversion,kalshi,kalshi-btc-1s,/home/matt/workspace/kalshi-btc-15m-bot/feed/kalshi-btc-1s.sqlite3,4679,116975.0,-79167.698695,9698.717393,-88866.416088,10936.287446,646995.539349,0.293619,-5.250577,93293.792335,kalshi_api,next-tick,true,{},/home/matt/workspace/kalshi-btc-15m-bot/runs/contrarian_spread_reversion/venue-strategy-matrix-20260520T005455Z-kalshi-contrarian_spread_reversion
